-- phpMyAdmin SQL Dump
-- version 4.8.3
-- https://www.phpmyadmin.net/
--
-- Servidor: 127.0.0.1
-- Tiempo de generación: 31-05-2019 a las 16:44:45
-- Versión del servidor: 10.1.37-MariaDB
-- Versión de PHP: 7.2.12

SET SQL_MODE = "NO_AUTO_VALUE_ON_ZERO";
SET AUTOCOMMIT = 0;
START TRANSACTION;
SET time_zone = "+00:00";


/*!40101 SET @OLD_CHARACTER_SET_CLIENT=@@CHARACTER_SET_CLIENT */;
/*!40101 SET @OLD_CHARACTER_SET_RESULTS=@@CHARACTER_SET_RESULTS */;
/*!40101 SET @OLD_COLLATION_CONNECTION=@@COLLATION_CONNECTION */;
/*!40101 SET NAMES utf8mb4 */;

--
-- Base de datos: `sgsi`
--

-- --------------------------------------------------------

--
-- Estructura de tabla para la tabla `sgsi_api_token_table`
--

CREATE TABLE `sgsi_api_token_table` (
  `id` int(10) UNSIGNED NOT NULL,
  `user_id` int(10) UNSIGNED NOT NULL DEFAULT '0',
  `name` varchar(128) NOT NULL,
  `hash` varchar(128) NOT NULL,
  `date_created` int(10) UNSIGNED NOT NULL DEFAULT '1',
  `date_used` int(10) UNSIGNED NOT NULL DEFAULT '1'
) ENGINE=InnoDB DEFAULT CHARSET=utf8;

-- --------------------------------------------------------

--
-- Estructura de tabla para la tabla `sgsi_bugnote_table`
--

CREATE TABLE `sgsi_bugnote_table` (
  `id` int(10) UNSIGNED NOT NULL,
  `bug_id` int(10) UNSIGNED NOT NULL DEFAULT '0',
  `reporter_id` int(10) UNSIGNED NOT NULL DEFAULT '0',
  `bugnote_text_id` int(10) UNSIGNED NOT NULL DEFAULT '0',
  `view_state` smallint(6) NOT NULL DEFAULT '10',
  `note_type` int(11) DEFAULT '0',
  `note_attr` varchar(250) DEFAULT '',
  `time_tracking` int(10) UNSIGNED NOT NULL DEFAULT '0',
  `last_modified` int(10) UNSIGNED NOT NULL DEFAULT '1',
  `date_submitted` int(10) UNSIGNED NOT NULL DEFAULT '1'
) ENGINE=InnoDB DEFAULT CHARSET=utf8;

--
-- Volcado de datos para la tabla `sgsi_bugnote_table`
--

INSERT INTO `sgsi_bugnote_table` (`id`, `bug_id`, `reporter_id`, `bugnote_text_id`, `view_state`, `note_type`, `note_attr`, `time_tracking`, `last_modified`, `date_submitted`) VALUES
(1, 52, 3, 1, 10, 0, '', 0, 1559188891, 1559188891),
(2, 56, 1, 2, 10, 0, '', 0, 1559337833, 1559337833),
(3, 53, 1, 3, 10, 0, '', 0, 1559338022, 1559338022),
(4, 54, 1, 4, 10, 0, '', 0, 1559338082, 1559338082),
(5, 55, 1, 5, 10, 0, '', 0, 1559338117, 1559338117),
(6, 57, 1, 6, 10, 0, '', 0, 1559338170, 1559338170),
(7, 58, 1, 7, 10, 0, '', 0, 1559338301, 1559338301),
(8, 59, 1, 8, 10, 0, '', 0, 1559338485, 1559338485),
(9, 60, 1, 9, 10, 0, '', 0, 1559338514, 1559338514),
(10, 60, 1, 10, 10, 0, '', 0, 1559338539, 1559338539),
(11, 61, 1, 11, 10, 0, '', 0, 1559338570, 1559338570);

-- --------------------------------------------------------

--
-- Estructura de tabla para la tabla `sgsi_bugnote_text_table`
--

CREATE TABLE `sgsi_bugnote_text_table` (
  `id` int(10) UNSIGNED NOT NULL,
  `note` longtext NOT NULL
) ENGINE=InnoDB DEFAULT CHARSET=utf8;

--
-- Volcado de datos para la tabla `sgsi_bugnote_text_table`
--

INSERT INTO `sgsi_bugnote_text_table` (`id`, `note`) VALUES
(1, 'Se selecciona la politica pertinente'),
(2, 'Se seleccionan las políticas pertinentes al incidente.'),
(3, 'Se establece prioridad y selección de política'),
(4, 'Se selecciona la política pertinente y se establece una prioridad alta'),
(5, 'Se seleccionan las politicas adecuadas a tener en cuenta.'),
(6, 'Se cambia el estado, en cual se solicita averiguar más sobre el incidente antes de poder asignarlo.'),
(7, 'Se requieren más detalles sobre lo ocurrido para dar cumplimiento al incidente. '),
(8, 'Se escoge la política indicada'),
(9, 'Se seleccionan todas las politicas correspondientes.'),
(10, 'Se asigno el incidente al colaborador indicado.'),
(11, 'Se seleccionan las politicas adecuadas.');

-- --------------------------------------------------------

--
-- Estructura de tabla para la tabla `sgsi_bug_file_table`
--

CREATE TABLE `sgsi_bug_file_table` (
  `id` int(10) UNSIGNED NOT NULL,
  `bug_id` int(10) UNSIGNED NOT NULL DEFAULT '0',
  `title` varchar(250) NOT NULL DEFAULT '',
  `description` varchar(250) NOT NULL DEFAULT '',
  `diskfile` varchar(250) NOT NULL DEFAULT '',
  `filename` varchar(250) NOT NULL DEFAULT '',
  `folder` varchar(250) NOT NULL DEFAULT '',
  `filesize` int(11) NOT NULL DEFAULT '0',
  `file_type` varchar(250) NOT NULL DEFAULT '',
  `content` longblob,
  `date_added` int(10) UNSIGNED NOT NULL DEFAULT '1',
  `user_id` int(10) UNSIGNED NOT NULL DEFAULT '0'
) ENGINE=InnoDB DEFAULT CHARSET=utf8;

-- --------------------------------------------------------

--
-- Estructura de tabla para la tabla `sgsi_bug_history_table`
--

CREATE TABLE `sgsi_bug_history_table` (
  `id` int(10) UNSIGNED NOT NULL,
  `user_id` int(10) UNSIGNED NOT NULL DEFAULT '0',
  `bug_id` int(10) UNSIGNED NOT NULL DEFAULT '0',
  `field_name` varchar(64) NOT NULL,
  `old_value` varchar(255) NOT NULL,
  `new_value` varchar(255) NOT NULL,
  `type` smallint(6) NOT NULL DEFAULT '0',
  `date_modified` int(10) UNSIGNED NOT NULL DEFAULT '1'
) ENGINE=InnoDB DEFAULT CHARSET=utf8;

--
-- Volcado de datos para la tabla `sgsi_bug_history_table`
--

INSERT INTO `sgsi_bug_history_table` (`id`, `user_id`, `bug_id`, `field_name`, `old_value`, `new_value`, `type`, `date_modified`) VALUES
(1, 1, 1, '', '', '', 1, 1554042844),
(2, 1, 1, 'Objetivo', 'asd', 'Establecer un equipo responsable que logre soportar la implementación y el mantenimiento de las políticas de seguridad de la información.', 0, 1554048242),
(3, 1, 1, 'Alcance', 'asd', 'Estos lineamientos deben ser aplicados por todos los funcionarios pertenecientes al CADEP Acacia.', 0, 1554048242),
(4, 1, 1, 'Políticas', 'asd', 'El CADEP Acacia, dando cumplimiento a la norma ISO 27001:2013, adquiere la responsabilidad de tener diseñado un esquema de seguridad de la información donde se defina y establezca roles y responsabilidades que incluyan las actividades relacionadas a la...', 0, 1554048242),
(5, 1, 1, 'summary', 'Politica 1', 'P01. Estructura organizacional de seguridad de la información', 0, 1554048282),
(6, 1, 1, '', '2', '', 6, 1554048328),
(7, 1, 2, '', '', '', 1, 1554049163),
(8, 1, 2, 'project_id', '2', '3', 0, 1554050675),
(9, 1, 2, 'Amenaza-1', '', 'Acceso no autorizado', 0, 1554053152),
(10, 1, 2, '1-Probabilidad', '', 'Moderado', 0, 1554053152),
(11, 1, 2, '1-Impacto', '', 'Muy fuerte', 0, 1554053153),
(12, 1, 2, '1-Nivel de riesgo', '', 'Riesgo alto', 0, 1554053153),
(13, 1, 2, 'Amenaza-2', '', 'Robo de información', 0, 1554053328),
(14, 1, 2, '2-Probabilidad', '', 'Moderado', 0, 1554053328),
(15, 1, 2, '2-Impacto', '', 'Fuerte', 0, 1554053328),
(16, 1, 2, '2-Nivel de riesgo', '', 'Riesgo moderado', 0, 1554053328),
(17, 1, 2, 'project_id', '3', '1', 0, 1554053354),
(18, 1, 2, 'project_id', '1', '3', 0, 1554053400),
(19, 1, 1, 'category', '(Sin categoría)', 'Políticas', 0, 1554056548),
(20, 1, 2, 'category', '(Sin categoría)', 'Activos', 0, 1554056654),
(21, 1, 2, 'project_id', '3', '1', 0, 1554056672),
(22, 1, 2, 'category', 'Activos', 'General', 0, 1554056672),
(23, 1, 2, 'project_id', '1', '2', 0, 1554056689),
(24, 1, 2, 'category', 'General', 'Activos', 0, 1554056709),
(25, 1, 2, 'Tipo de activo', 'Hardware', '|Hardware|', 0, 1554056709),
(26, 1, 2, 'Criterio confidencialidad', 'Muy alto', '|Muy alto|', 0, 1554056709),
(27, 1, 2, 'Criterio integridad', 'Muy alto', '|Muy alto|', 0, 1554056709),
(28, 1, 2, 'Criterio disponibilidad', 'Muy alto', '|Muy alto|', 0, 1554056709),
(29, 2, 2, 'project_id', '2', '3', 0, 1554067760),
(30, 1, 2, 'project_id', '3', '2', 0, 1554080976),
(31, 1, 3, '', '', '', 1, 1554081961),
(32, 1, 4, '', '', '', 1, 1554082044),
(33, 1, 5, '', '', '', 1, 1554082094),
(34, 1, 6, '', '', '', 1, 1554082136),
(35, 1, 7, '', '', '', 1, 1554082170),
(36, 1, 8, '', '', '', 1, 1554082240),
(37, 1, 9, '', '', '', 1, 1554082273),
(38, 1, 10, '', '', '', 1, 1554082306),
(39, 1, 11, '', '', '', 1, 1554082336),
(40, 1, 12, '', '', '', 1, 1554082378),
(41, 1, 13, '', '', '', 1, 1554082409),
(42, 1, 14, '', '', '', 1, 1554082438),
(43, 1, 15, '', '', '', 1, 1554082476),
(44, 1, 16, '', '', '', 1, 1554082547),
(45, 1, 17, '', '', '', 1, 1554082575),
(46, 1, 18, '', '', '', 1, 1554082610),
(47, 1, 19, '', '', '', 1, 1554082638),
(48, 1, 20, '', '', '', 1, 1554082664),
(49, 1, 21, '', '', '', 1, 1554082691),
(50, 1, 22, '', '', '', 1, 1554082717),
(51, 1, 23, '', '', '', 1, 1554082745),
(52, 1, 24, '', '', '', 1, 1554082830),
(53, 1, 25, '', '', '', 1, 1554082859),
(54, 1, 26, '', '', '', 1, 1554082892),
(55, 1, 27, '', '', '', 1, 1554082931),
(56, 1, 28, '', '', '', 1, 1554082960),
(57, 1, 29, '', '', '', 1, 1554082993),
(58, 1, 30, '', '', '', 1, 1554083017),
(59, 1, 31, '', '', '', 1, 1554083063),
(60, 1, 32, '', '', '', 1, 1554083110),
(61, 1, 33, '', '', '', 1, 1554083135),
(62, 1, 34, '', '', '', 1, 1554083163),
(63, 1, 35, '', '', '', 1, 1554083214),
(64, 1, 36, '', '', '', 1, 1554083243),
(65, 1, 37, '', '', '', 1, 1554083270),
(66, 1, 38, '', '', '', 1, 1554083298),
(67, 1, 3, 'category', '(Sin categoría)', 'General', 0, 1554083389),
(68, 1, 3, 'Tipo de activo', 'Hardware', '|Hardware|', 0, 1554083389),
(69, 1, 3, 'Criterio confidencialidad', 'Medio', '|Medio|', 0, 1554083390),
(70, 1, 3, 'Criterio integridad', 'Alto', '|Alto|', 0, 1554083390),
(71, 1, 3, 'Criterio disponibilidad', 'Muy alto', '|Muy alto|', 0, 1554083390),
(72, 1, 5, 'category', '(Sin categoría)', 'General', 0, 1554083449),
(73, 1, 4, 'category', '(Sin categoría)', 'General', 0, 1554083450),
(74, 1, 4, 'category', 'General', 'Activos', 0, 1554083475),
(75, 1, 5, 'category', 'General', 'Activos', 0, 1554083475),
(76, 1, 3, 'category', 'General', 'Activos', 0, 1554083475),
(77, 1, 38, 'category', '(Sin categoría)', 'Activos', 0, 1554083475),
(78, 1, 37, 'category', '(Sin categoría)', 'Activos', 0, 1554083475),
(79, 1, 36, 'category', '(Sin categoría)', 'Activos', 0, 1554083475),
(80, 1, 35, 'category', '(Sin categoría)', 'Activos', 0, 1554083475),
(81, 1, 34, 'category', '(Sin categoría)', 'Activos', 0, 1554083476),
(82, 1, 33, 'category', '(Sin categoría)', 'Activos', 0, 1554083476),
(83, 1, 32, 'category', '(Sin categoría)', 'Activos', 0, 1554083476),
(84, 1, 31, 'category', '(Sin categoría)', 'Activos', 0, 1554083476),
(85, 1, 30, 'category', '(Sin categoría)', 'Activos', 0, 1554083476),
(86, 1, 29, 'category', '(Sin categoría)', 'Activos', 0, 1554083476),
(87, 1, 28, 'category', '(Sin categoría)', 'Activos', 0, 1554083476),
(88, 1, 27, 'category', '(Sin categoría)', 'Activos', 0, 1554083477),
(89, 1, 26, 'category', '(Sin categoría)', 'Activos', 0, 1554083477),
(90, 1, 25, 'category', '(Sin categoría)', 'Activos', 0, 1554083477),
(91, 1, 24, 'category', '(Sin categoría)', 'Activos', 0, 1554083477),
(92, 1, 23, 'category', '(Sin categoría)', 'Activos', 0, 1554083477),
(93, 1, 22, 'category', '(Sin categoría)', 'Activos', 0, 1554083477),
(94, 1, 21, 'category', '(Sin categoría)', 'Activos', 0, 1554083477),
(95, 1, 20, 'category', '(Sin categoría)', 'Activos', 0, 1554083477),
(96, 1, 19, 'category', '(Sin categoría)', 'Activos', 0, 1554083478),
(97, 1, 18, 'category', '(Sin categoría)', 'Activos', 0, 1554083478),
(98, 1, 17, 'category', '(Sin categoría)', 'Activos', 0, 1554083478),
(99, 1, 16, 'category', '(Sin categoría)', 'Activos', 0, 1554083478),
(100, 1, 15, 'category', '(Sin categoría)', 'Activos', 0, 1554083478),
(101, 1, 14, 'category', '(Sin categoría)', 'Activos', 0, 1554083478),
(102, 1, 13, 'category', '(Sin categoría)', 'Activos', 0, 1554083478),
(103, 1, 12, 'category', '(Sin categoría)', 'Activos', 0, 1554083479),
(104, 1, 11, 'category', '(Sin categoría)', 'Activos', 0, 1554083479),
(105, 1, 10, 'category', '(Sin categoría)', 'Activos', 0, 1554083479),
(106, 1, 9, 'category', '(Sin categoría)', 'Activos', 0, 1554083479),
(107, 1, 8, 'category', '(Sin categoría)', 'Activos', 0, 1554083479),
(108, 1, 7, 'category', '(Sin categoría)', 'Activos', 0, 1554083479),
(109, 1, 6, 'category', '(Sin categoría)', 'Activos', 0, 1554083479),
(110, 1, 2, 'project_id', '2', '3', 0, 1554083550),
(111, 1, 3, 'project_id', '2', '3', 0, 1554083551),
(112, 1, 4, 'project_id', '2', '3', 0, 1554083551),
(113, 1, 5, 'project_id', '2', '3', 0, 1554083551),
(114, 1, 6, 'project_id', '2', '3', 0, 1554083551),
(115, 1, 7, 'project_id', '2', '3', 0, 1554083551),
(116, 1, 8, 'project_id', '2', '3', 0, 1554083552),
(117, 1, 9, 'project_id', '2', '3', 0, 1554083552),
(118, 1, 10, 'project_id', '2', '3', 0, 1554083552),
(119, 1, 11, 'project_id', '2', '3', 0, 1554083552),
(120, 1, 12, 'project_id', '2', '3', 0, 1554083552),
(121, 1, 13, 'project_id', '2', '3', 0, 1554083553),
(122, 1, 14, 'project_id', '2', '3', 0, 1554083553),
(123, 1, 15, 'project_id', '2', '3', 0, 1554083553),
(124, 1, 16, 'project_id', '2', '3', 0, 1554083554),
(125, 1, 17, 'project_id', '2', '3', 0, 1554083554),
(126, 1, 18, 'project_id', '2', '3', 0, 1554083554),
(127, 1, 19, 'project_id', '2', '3', 0, 1554083554),
(128, 1, 20, 'project_id', '2', '3', 0, 1554083554),
(129, 1, 21, 'project_id', '2', '3', 0, 1554083555),
(130, 1, 22, 'project_id', '2', '3', 0, 1554083555),
(131, 1, 23, 'project_id', '2', '3', 0, 1554083555),
(132, 1, 24, 'project_id', '2', '3', 0, 1554083555),
(133, 1, 25, 'project_id', '2', '3', 0, 1554083555),
(134, 1, 26, 'project_id', '2', '3', 0, 1554083556),
(135, 1, 27, 'project_id', '2', '3', 0, 1554083556),
(136, 1, 28, 'project_id', '2', '3', 0, 1554083556),
(137, 1, 29, 'project_id', '2', '3', 0, 1554083556),
(138, 1, 30, 'project_id', '2', '3', 0, 1554083557),
(139, 1, 31, 'project_id', '2', '3', 0, 1554083557),
(140, 1, 32, 'project_id', '2', '3', 0, 1554083557),
(141, 1, 33, 'project_id', '2', '3', 0, 1554083557),
(142, 1, 34, 'project_id', '2', '3', 0, 1554083557),
(143, 1, 35, 'project_id', '2', '3', 0, 1554083557),
(144, 1, 36, 'project_id', '2', '3', 0, 1554083558),
(145, 1, 37, 'project_id', '2', '3', 0, 1554083558),
(146, 1, 38, 'project_id', '2', '3', 0, 1554083558),
(147, 1, 2, 'Amenaza-3', '', 'Suplantación de identidad', 0, 1554084010),
(148, 1, 2, '3-Probabilidad', '', 'Moderado', 0, 1554084010),
(149, 1, 2, '3-Impacto', '', 'Fuerte', 0, 1554084010),
(150, 1, 2, '3-Nivel de riesgo', '', 'Riesgo moderado', 0, 1554084010),
(151, 1, 2, 'Amenaza-4', '', 'Denegación de Servicios (DoS)', 0, 1554084010),
(152, 1, 2, '4-Probabilidad', '', 'Improbable', 0, 1554084010),
(153, 1, 2, '4-Impacto', '', 'Fuerte', 0, 1554084010),
(154, 1, 2, '4-Nivel de riesgo', '', 'Riesgo moderado', 0, 1554084010),
(155, 1, 2, 'Amenaza-5', '', 'Alteración de la Información', 0, 1554084010),
(156, 1, 2, '5-Probabilidad', '', 'Frecuente', 0, 1554084010),
(157, 1, 2, '5-Impacto', '', 'Fuerte', 0, 1554084011),
(158, 1, 2, '5-Nivel de riesgo', '', 'Riesgo alto', 0, 1554084011),
(159, 1, 2, 'Amenaza-6', '', 'Espionaje', 0, 1554084011),
(160, 1, 2, '6-Probabilidad', '', 'Moderado', 0, 1554084011),
(161, 1, 2, '6-Impacto', '', 'Notable', 0, 1554084011),
(162, 1, 2, '6-Nivel de riesgo', '', 'Riesgo moderado', 0, 1554084011),
(163, 1, 2, 'Amenaza-7', '', 'Ataques de software', 0, 1554084011),
(164, 1, 2, '7-Probabilidad', '', 'Moderado', 0, 1554084011),
(165, 1, 2, '7-Impacto', '', 'Fuerte', 0, 1554084011),
(166, 1, 2, '7-Nivel de riesgo', '', 'Riesgo moderado', 0, 1554084011),
(167, 1, 2, 'Amenaza-8', '', 'Desviaciones en la calidad del servicio', 0, 1554084011),
(168, 1, 2, '8-Probabilidad', '', 'Moderado', 0, 1554084011),
(169, 1, 2, '8-Impacto', '', 'Notable', 0, 1554084011),
(170, 1, 2, '8-Nivel de riesgo', '', 'Riesgo moderado', 0, 1554084011),
(171, 1, 2, 'Amenaza-9', '', 'Controles inadecuados, faltantes o incompletos', 0, 1554084012),
(172, 1, 2, '9-Probabilidad', '', 'Frecuente', 0, 1554084012),
(173, 1, 2, '9-Impacto', '', 'Notable', 0, 1554084012),
(174, 1, 2, '9-Nivel de riesgo', '', 'Riesgo alto', 0, 1554084012),
(175, 1, 2, 'Amenaza-10', '', 'Errores o fallas técnicas de software', 0, 1554084012),
(176, 1, 2, '10-Probabilidad', '', 'Moderado', 0, 1554084012),
(177, 1, 2, '10-Impacto', '', 'Fuerte', 0, 1554084012),
(178, 1, 2, '10-Nivel de riesgo', '', 'Riesgo moderado', 0, 1554084012),
(179, 1, 2, 'Amenaza-11', '', 'Sabotaje, vandalismo', 0, 1554084012),
(180, 1, 2, '11-Probabilidad', '', 'Improbable', 0, 1554084012),
(181, 1, 2, '11-Impacto', '', 'Fuerte', 0, 1554084012),
(182, 1, 2, '11-Nivel de riesgo', '', 'Riesgo moderado', 0, 1554084012),
(183, 1, 2, 'Amenaza-12', '', 'Error de usuario', 0, 1554084012),
(184, 1, 2, '12-Probabilidad', '', 'Frecuente', 0, 1554084012),
(185, 1, 2, '12-Impacto', '', 'Notable', 0, 1554084012),
(186, 1, 2, '12-Nivel de riesgo', '', 'Riesgo alto', 0, 1554084013),
(187, 1, 2, 'Amenaza-13', '', 'Caída de sistema', 0, 1554084013),
(188, 1, 2, '13-Probabilidad', '', 'Moderado', 0, 1554084013),
(189, 1, 2, '13-Impacto', '', 'Fuerte', 0, 1554084013),
(190, 1, 2, '13-Nivel de riesgo', '', 'Riesgo moderado', 0, 1554084013),
(191, 1, 2, 'Amenaza-14', '', 'Fugas de información', 0, 1554084013),
(192, 1, 2, '14-Probabilidad', '', 'Moderado', 0, 1554084013),
(193, 1, 2, '14-Impacto', '', 'Fuerte', 0, 1554084013),
(194, 1, 2, '14-Nivel de riesgo', '', 'Riesgo moderado', 0, 1554084013),
(195, 1, 3, 'Amenaza-1', '', 'Acceso no autorizado', 0, 1554084320),
(196, 1, 3, '1-Probabilidad', '', 'Moderado', 0, 1554084320),
(197, 1, 3, '1-Impacto', '', 'Fuerte', 0, 1554084320),
(198, 1, 3, '1-Nivel de riesgo', '', 'Riesgo moderado', 0, 1554084320),
(199, 1, 3, 'Amenaza-2', '', 'Errores o fallas técnicas de hardware', 0, 1554084320),
(200, 1, 3, '2-Probabilidad', '', 'Frecuente', 0, 1554084320),
(201, 1, 3, '2-Impacto', '', 'Fuerte', 0, 1554084320),
(202, 1, 3, '2-Nivel de riesgo', '', 'Riesgo alto', 0, 1554084320),
(203, 1, 3, 'Amenaza-3', '', 'Obsolescencia tecnológica', 0, 1554084320),
(204, 1, 3, '3-Probabilidad', '', 'Moderado', 0, 1554084320),
(205, 1, 3, '3-Impacto', '', 'Notable', 0, 1554084320),
(206, 1, 3, '3-Nivel de riesgo', '', 'Riesgo moderado', 0, 1554084320),
(207, 1, 3, 'Amenaza-4', '', 'Daño físico', 0, 1554084320),
(208, 1, 3, '4-Probabilidad', '', 'Moderado', 0, 1554084320),
(209, 1, 3, '4-Impacto', '', 'Fuerte', 0, 1554084320),
(210, 1, 3, '4-Nivel de riesgo', '', 'Riesgo moderado', 0, 1554084320),
(211, 1, 3, 'Amenaza-5', '', 'Error de usuario', 0, 1554084320),
(212, 1, 3, '5-Probabilidad', '', 'Frecuente', 0, 1554084320),
(213, 1, 3, '5-Impacto', '', 'Notable', 0, 1554084320),
(214, 1, 3, '5-Nivel de riesgo', '', 'Riesgo alto', 0, 1554084321),
(215, 1, 3, 'Amenaza-6', '', 'Condiciones inadecuadas de temperatura y humedad', 0, 1554084321),
(216, 1, 3, '6-Probabilidad', '', 'Frecuente', 0, 1554084321),
(217, 1, 3, '6-Impacto', '', 'Notable', 0, 1554084321),
(218, 1, 3, '6-Nivel de riesgo', '', 'Riesgo alto', 0, 1554084321),
(219, 1, 3, 'Amenaza-7', '', 'Corte de suministro eléctrico', 0, 1554084321),
(220, 1, 3, '7-Probabilidad', '', 'Improbable', 0, 1554084321),
(221, 1, 3, '7-Impacto', '', 'Notable', 0, 1554084321),
(222, 1, 3, '7-Nivel de riesgo', '', 'Riesgo aceptable', 0, 1554084321),
(223, 1, 4, 'Amenaza-1', '', 'Acceso no autorizado', 0, 1554084492),
(224, 1, 4, '1-Probabilidad', '', 'Moderado', 0, 1554084492),
(225, 1, 4, '1-Impacto', '', 'Fuerte', 0, 1554084492),
(226, 1, 4, '1-Nivel de riesgo', '', 'Riesgo moderado', 0, 1554084492),
(227, 1, 4, 'Amenaza-2', '', 'Errores o fallas técnicas de hardware', 0, 1554084493),
(228, 1, 4, '2-Probabilidad', '', 'Frecuente', 0, 1554084493),
(229, 1, 4, '2-Impacto', '', 'Fuerte', 0, 1554084493),
(230, 1, 4, '2-Nivel de riesgo', '', 'Riesgo alto', 0, 1554084493),
(231, 1, 4, 'Amenaza-3', '', 'Obsolescencia tecnológica', 0, 1554084493),
(232, 1, 4, '3-Probabilidad', '', 'Moderado', 0, 1554084493),
(233, 1, 4, '3-Impacto', '', 'Notable', 0, 1554084493),
(234, 1, 4, '3-Nivel de riesgo', '', 'Riesgo moderado', 0, 1554084493),
(235, 1, 4, 'Amenaza-4', '', 'Daño físico', 0, 1554084493),
(236, 1, 4, '4-Probabilidad', '', 'Moderado', 0, 1554084493),
(237, 1, 4, '4-Impacto', '', 'Fuerte', 0, 1554084493),
(238, 1, 4, '4-Nivel de riesgo', '', 'Riesgo moderado', 0, 1554084493),
(239, 1, 4, 'Amenaza-5', '', 'Condiciones inadecuadas de temperatura y humedad', 0, 1554084493),
(240, 1, 4, '5-Probabilidad', '', 'Frecuente', 0, 1554084493),
(241, 1, 4, '5-Impacto', '', 'Notable', 0, 1554084493),
(242, 1, 4, '5-Nivel de riesgo', '', 'Riesgo alto', 0, 1554084493),
(243, 1, 4, 'Amenaza-6', '', 'Corte de suministro eléctrico', 0, 1554084493),
(244, 1, 4, '6-Probabilidad', '', 'Improbable', 0, 1554084493),
(245, 1, 4, '6-Impacto', '', 'Notable', 0, 1554084494),
(246, 1, 4, '6-Nivel de riesgo', '', 'Riesgo aceptable', 0, 1554084494),
(247, 1, 5, 'Amenaza-1', '', 'Acceso no autorizado', 0, 1554088708),
(248, 1, 5, '1-Probabilidad', '', 'Improbable', 0, 1554088708),
(249, 1, 5, '1-Impacto', '', 'Notable', 0, 1554088708),
(250, 1, 5, '1-Nivel de riesgo', '', 'Riesgo aceptable', 0, 1554088708),
(251, 1, 5, 'Amenaza-2', '', 'Robo de información', 0, 1554088708),
(252, 1, 5, '2-Probabilidad', '', 'Improbable', 0, 1554088708),
(253, 1, 5, '2-Impacto', '', 'Fuerte', 0, 1554088708),
(254, 1, 5, '2-Nivel de riesgo', '', 'Riesgo moderado', 0, 1554088708),
(255, 1, 5, 'Amenaza-3', '', 'Errores o fallas técnicas de hardware', 0, 1554088708),
(256, 1, 5, '3-Probabilidad', '', 'Constante', 0, 1554088709),
(257, 1, 5, '3-Impacto', '', 'Fuerte', 0, 1554088709),
(258, 1, 5, '3-Nivel de riesgo', '', 'Riesgo extremo', 0, 1554088709),
(259, 1, 5, 'Amenaza-4', '', 'Daño físico', 0, 1554088709),
(260, 1, 5, '4-Probabilidad', '', 'Moderado', 0, 1554088709),
(261, 1, 5, '4-Impacto', '', 'Fuerte', 0, 1554088709),
(262, 1, 5, '4-Nivel de riesgo', '', 'Riesgo moderado', 0, 1554088709),
(263, 1, 5, 'Amenaza-5', '', 'Condiciones inadecuadas de temperatura y humedad', 0, 1554088709),
(264, 1, 5, '5-Probabilidad', '', 'Moderado', 0, 1554088709),
(265, 1, 5, '5-Impacto', '', 'Fuerte', 0, 1554088709),
(266, 1, 5, '5-Nivel de riesgo', '', 'Riesgo moderado', 0, 1554088709),
(267, 1, 6, 'Amenaza-1', '', 'Acceso no autorizado', 0, 1554088968),
(268, 1, 6, '1-Probabilidad', '', 'Improbable', 0, 1554088968),
(269, 1, 6, '1-Impacto', '', 'Notable', 0, 1554088969),
(270, 1, 6, '1-Nivel de riesgo', '', 'Riesgo aceptable', 0, 1554088969),
(271, 1, 6, 'Amenaza-2', '', 'Errores o fallas técnicas de hardware', 0, 1554088969),
(272, 1, 6, '2-Probabilidad', '', 'Moderado', 0, 1554088969),
(273, 1, 6, '2-Impacto', '', 'Notable', 0, 1554088969),
(274, 1, 6, '2-Nivel de riesgo', '', 'Riesgo moderado', 0, 1554088969),
(275, 1, 6, 'Amenaza-3', '', 'Condiciones inadecuadas de temperatura y humedad', 0, 1554088969),
(276, 1, 6, '3-Probabilidad', '', 'Moderado', 0, 1554088969),
(277, 1, 6, '3-Impacto', '', 'Fuerte', 0, 1554088969),
(278, 1, 6, '3-Nivel de riesgo', '', 'Riesgo moderado', 0, 1554088969),
(279, 1, 7, 'Amenaza-1', '', 'Acceso no autorizado', 0, 1554089095),
(280, 1, 7, '1-Probabilidad', '', 'Improbable', 0, 1554089096),
(281, 1, 7, '1-Impacto', '', 'Fuerte', 0, 1554089096),
(282, 1, 7, '1-Nivel de riesgo', '', 'Riesgo moderado', 0, 1554089096),
(283, 1, 7, 'Amenaza-2', '', 'Errores o fallas técnicas de hardware', 0, 1554089096),
(284, 1, 7, '2-Probabilidad', '', 'Moderado', 0, 1554089096),
(285, 1, 7, '2-Impacto', '', 'Fuerte', 0, 1554089096),
(286, 1, 7, '2-Nivel de riesgo', '', 'Riesgo moderado', 0, 1554089096),
(287, 1, 7, 'Amenaza-3', '', 'Daño físico', 0, 1554089096),
(288, 1, 7, '3-Probabilidad', '', 'Improbable', 0, 1554089096),
(289, 1, 7, '3-Impacto', '', 'Fuerte', 0, 1554089096),
(290, 1, 7, '3-Nivel de riesgo', '', 'Riesgo moderado', 0, 1554089096),
(291, 1, 7, 'Amenaza-4', '', 'Condiciones inadecuadas de temperatura y humedad', 0, 1554089096),
(292, 1, 7, '4-Probabilidad', '', 'Moderado', 0, 1554089096),
(293, 1, 7, '4-Impacto', '', 'Notable', 0, 1554089096),
(294, 1, 7, '4-Nivel de riesgo', '', 'Riesgo moderado', 0, 1554089096),
(295, 1, 7, 'Amenaza-5', '', 'Corte de suministro eléctrico', 0, 1554089097),
(296, 1, 7, '5-Probabilidad', '', 'Moderado', 0, 1554089097),
(297, 1, 7, '5-Impacto', '', 'Fuerte', 0, 1554089097),
(298, 1, 7, '5-Nivel de riesgo', '', 'Riesgo moderado', 0, 1554089097),
(299, 1, 4, 'Amenaza-7', '', 'Error de usuario', 0, 1554660230),
(300, 1, 4, '7-Probabilidad', '', 'Frecuente', 0, 1554660230),
(301, 1, 4, '7-Impacto', '', 'Notable', 0, 1554660230),
(302, 1, 4, '7-Nivel de riesgo', '', 'Riesgo alto', 0, 1554660230),
(303, 1, 8, 'Amenaza-1', '', 'Acceso no autorizado', 0, 1554660447),
(304, 1, 8, '1-Probabilidad', '', 'Improbable', 0, 1554660447),
(305, 1, 8, '1-Impacto', '', 'Fuerte', 0, 1554660447),
(306, 1, 8, '1-Nivel de riesgo', '', 'Riesgo moderado', 0, 1554660447),
(307, 1, 8, 'Amenaza-2', '', 'Errores o fallas técnicas de hardware', 0, 1554660447),
(308, 1, 8, '2-Probabilidad', '', 'Moderado', 0, 1554660447),
(309, 1, 8, '2-Impacto', '', 'Fuerte', 0, 1554660447),
(310, 1, 8, '2-Nivel de riesgo', '', 'Riesgo moderado', 0, 1554660447),
(311, 1, 8, 'Amenaza-3', '', 'Daño físico', 0, 1554660447),
(312, 1, 8, '3-Probabilidad', '', 'Moderado', 0, 1554660447),
(313, 1, 8, '3-Impacto', '', 'Fuerte', 0, 1554660447),
(314, 1, 8, '3-Nivel de riesgo', '', 'Riesgo moderado', 0, 1554660447),
(315, 1, 8, 'Amenaza-4', '', 'Condiciones inadecuadas de temperatura y humedad', 0, 1554660448),
(316, 1, 8, '4-Probabilidad', '', 'Moderado', 0, 1554660448),
(317, 1, 8, '4-Impacto', '', 'Fuerte', 0, 1554660448),
(318, 1, 8, '4-Nivel de riesgo', '', 'Riesgo moderado', 0, 1554660448),
(319, 1, 8, 'Amenaza-5', '', 'Corte de suministro eléctrico', 0, 1554660448),
(320, 1, 8, '5-Probabilidad', '', 'Moderado', 0, 1554660448),
(321, 1, 8, '5-Impacto', '', 'Notable', 0, 1554660448),
(322, 1, 8, '5-Nivel de riesgo', '', 'Riesgo moderado', 0, 1554660448),
(323, 1, 9, 'Amenaza-1', '', 'Acceso no autorizado', 0, 1554660620),
(324, 1, 9, '1-Probabilidad', '', 'Improbable', 0, 1554660620),
(325, 1, 9, '1-Impacto', '', 'Débil', 0, 1554660620),
(326, 1, 9, '1-Nivel de riesgo', '', 'Riesgo aceptable', 0, 1554660620),
(327, 1, 9, 'Amenaza-2', '', 'Errores o fallas técnicas de hardware', 0, 1554660620),
(328, 1, 9, '2-Probabilidad', '', 'Moderado', 0, 1554660620),
(329, 1, 9, '2-Impacto', '', 'Notable', 0, 1554660621),
(330, 1, 9, '2-Nivel de riesgo', '', 'Riesgo moderado', 0, 1554660621),
(331, 1, 9, 'Amenaza-3', '', 'Daño físico', 0, 1554660621),
(332, 1, 9, '3-Probabilidad', '', 'Improbable', 0, 1554660621),
(333, 1, 9, '3-Impacto', '', 'Notable', 0, 1554660621),
(334, 1, 9, '3-Nivel de riesgo', '', 'Riesgo aceptable', 0, 1554660621),
(335, 1, 9, 'Amenaza-4', '', 'Condiciones inadecuadas de temperatura y humedad', 0, 1554660621),
(336, 1, 9, '4-Probabilidad', '', 'Moderado', 0, 1554660621),
(337, 1, 9, '4-Impacto', '', 'Notable', 0, 1554660621),
(338, 1, 9, '4-Nivel de riesgo', '', 'Riesgo moderado', 0, 1554660621),
(339, 1, 9, 'Amenaza-5', '', 'Corte de suministro eléctrico', 0, 1554660622),
(340, 1, 9, '5-Probabilidad', '', 'Improbable', 0, 1554660622),
(341, 1, 9, '5-Impacto', '', 'Notable', 0, 1554660622),
(342, 1, 9, '5-Nivel de riesgo', '', 'Riesgo aceptable', 0, 1554660622),
(343, 1, 10, 'Amenaza-1', '', 'Acceso no autorizado', 0, 1554660817),
(344, 1, 10, '1-Probabilidad', '', 'Moderado', 0, 1554660817),
(345, 1, 10, '1-Impacto', '', 'Fuerte', 0, 1554660817),
(346, 1, 10, '1-Nivel de riesgo', '', 'Riesgo moderado', 0, 1554660817),
(347, 1, 10, 'Amenaza-2', '', 'Errores o fallas técnicas de hardware', 0, 1554660817),
(348, 1, 10, '2-Probabilidad', '', 'Moderado', 0, 1554660818),
(349, 1, 10, '2-Impacto', '', 'Fuerte', 0, 1554660818),
(350, 1, 10, '2-Nivel de riesgo', '', 'Riesgo moderado', 0, 1554660818),
(351, 1, 10, 'Amenaza-3', '', 'Daño físico', 0, 1554660818),
(352, 1, 10, '3-Probabilidad', '', 'Moderado', 0, 1554660818),
(353, 1, 10, '3-Impacto', '', 'Fuerte', 0, 1554660818),
(354, 1, 10, '3-Nivel de riesgo', '', 'Riesgo moderado', 0, 1554660818),
(355, 1, 10, 'Amenaza-4', '', 'Condiciones inadecuadas de temperatura y humedad', 0, 1554660818),
(356, 1, 10, '4-Probabilidad', '', 'Improbable', 0, 1554660818),
(357, 1, 10, '4-Impacto', '', 'Fuerte', 0, 1554660818),
(358, 1, 10, '4-Nivel de riesgo', '', 'Riesgo moderado', 0, 1554660818),
(359, 1, 10, 'Amenaza-5', '', 'Caída de sistema', 0, 1554660818),
(360, 1, 10, '5-Probabilidad', '', 'Frecuente', 0, 1554660818),
(361, 1, 10, '5-Impacto', '', 'Fuerte', 0, 1554660819),
(362, 1, 10, '5-Nivel de riesgo', '', 'Riesgo alto', 0, 1554660819),
(363, 1, 10, 'Amenaza-6', '', 'Corte de suministro eléctrico', 0, 1554660819),
(364, 1, 10, '6-Probabilidad', '', 'Frecuente', 0, 1554660819),
(365, 1, 10, '6-Impacto', '', 'Fuerte', 0, 1554660819),
(366, 1, 10, '6-Nivel de riesgo', '', 'Riesgo alto', 0, 1554660819),
(367, 1, 11, 'Amenaza-1', '', 'Acceso no autorizado', 0, 1554661091),
(368, 1, 11, '1-Probabilidad', '', 'Improbable', 0, 1554661091),
(369, 1, 11, '1-Impacto', '', 'Muy fuerte', 0, 1554661092),
(370, 1, 11, '1-Nivel de riesgo', '', 'Riesgo moderado', 0, 1554661092),
(371, 1, 11, 'Amenaza-2', '', 'Errores o fallas técnicas de hardware', 0, 1554661092),
(372, 1, 11, '2-Probabilidad', '', 'Moderado', 0, 1554661092),
(373, 1, 11, '2-Impacto', '', 'Fuerte', 0, 1554661092),
(374, 1, 11, '2-Nivel de riesgo', '', 'Riesgo moderado', 0, 1554661092),
(375, 1, 11, 'Amenaza-3', '', 'Daño físico', 0, 1554661092),
(376, 1, 11, '3-Probabilidad', '', 'Improbable', 0, 1554661092),
(377, 1, 11, '3-Impacto', '', 'Fuerte', 0, 1554661092),
(378, 1, 11, '3-Nivel de riesgo', '', 'Riesgo moderado', 0, 1554661092),
(379, 1, 11, 'Amenaza-4', '', 'Condiciones inadecuadas de temperatura y humedad', 0, 1554661092),
(380, 1, 11, '4-Probabilidad', '', 'Moderado', 0, 1554661093),
(381, 1, 11, '4-Impacto', '', 'Fuerte', 0, 1554661093),
(382, 1, 11, '4-Nivel de riesgo', '', 'Riesgo moderado', 0, 1554661093),
(383, 1, 11, 'Amenaza-5', '', 'Corte de suministro eléctrico', 0, 1554661093),
(384, 1, 11, '5-Probabilidad', '', 'Moderado', 0, 1554661093),
(385, 1, 11, '5-Impacto', '', 'Fuerte', 0, 1554661093),
(386, 1, 11, '5-Nivel de riesgo', '', 'Riesgo moderado', 0, 1554661093),
(387, 1, 12, 'Amenaza-1', '', 'Acceso no autorizado', 0, 1554661995),
(388, 1, 12, '1-Probabilidad', '', 'Frecuente', 0, 1554661995),
(389, 1, 12, '1-Impacto', '', 'Fuerte', 0, 1554661995),
(390, 1, 12, '1-Nivel de riesgo', '', 'Riesgo alto', 0, 1554661995),
(391, 1, 12, 'Amenaza-2', '', 'Robo de información', 0, 1554661995),
(392, 1, 12, '2-Probabilidad', '', 'Moderado', 0, 1554661995),
(393, 1, 12, '2-Impacto', '', 'Muy fuerte', 0, 1554661995),
(394, 1, 12, '2-Nivel de riesgo', '', 'Riesgo alto', 0, 1554661995),
(395, 1, 12, 'Amenaza-3', '', 'Suplantación de identidad', 0, 1554661995),
(396, 1, 12, '3-Probabilidad', '', 'Moderado', 0, 1554661995),
(397, 1, 12, '3-Impacto', '', 'Fuerte', 0, 1554661996),
(398, 1, 12, '3-Nivel de riesgo', '', 'Riesgo moderado', 0, 1554661996),
(399, 1, 12, 'Amenaza-4', '', 'Denegación de Servicios (DoS)', 0, 1554661996),
(400, 1, 12, '4-Probabilidad', '', 'Moderado', 0, 1554661996),
(401, 1, 12, '4-Impacto', '', 'Fuerte', 0, 1554661996),
(402, 1, 12, '4-Nivel de riesgo', '', 'Riesgo moderado', 0, 1554661996),
(403, 1, 12, 'Amenaza-5', '', 'Caída de sistema', 0, 1554661996),
(404, 1, 12, '5-Probabilidad', '', 'Moderado', 0, 1554661996),
(405, 1, 12, '5-Impacto', '', 'Muy fuerte', 0, 1554661996),
(406, 1, 12, '5-Nivel de riesgo', '', 'Riesgo alto', 0, 1554661997),
(407, 1, 12, 'Amenaza-6', '', 'Ataques de Fuerza Bruta', 0, 1554661997),
(408, 1, 12, '6-Probabilidad', '', 'Frecuente', 0, 1554661997),
(409, 1, 12, '6-Impacto', '', 'Fuerte', 0, 1554661997),
(410, 1, 12, '6-Nivel de riesgo', '', 'Riesgo alto', 0, 1554661997),
(411, 1, 12, 'Amenaza-7', '', 'Alteración de la Información', 0, 1554661997),
(412, 1, 12, '7-Probabilidad', '', 'Frecuente', 0, 1554661997),
(413, 1, 12, '7-Impacto', '', 'Muy fuerte', 0, 1554661998),
(414, 1, 12, '7-Nivel de riesgo', '', 'Riesgo extremo', 0, 1554661998),
(415, 1, 12, 'Amenaza-8', '', 'Divulgación de Información', 0, 1554661998),
(416, 1, 12, '8-Probabilidad', '', 'Frecuente', 0, 1554661998),
(417, 1, 12, '8-Impacto', '', 'Muy fuerte', 0, 1554661998),
(418, 1, 12, '8-Nivel de riesgo', '', 'Riesgo extremo', 0, 1554661998),
(419, 1, 12, 'Amenaza-9', '', 'Espionaje', 0, 1554661998),
(420, 1, 12, '9-Probabilidad', '', 'Moderado', 0, 1554661998),
(421, 1, 12, '9-Impacto', '', 'Fuerte', 0, 1554661998),
(422, 1, 12, '9-Nivel de riesgo', '', 'Riesgo moderado', 0, 1554661998),
(423, 1, 12, 'Amenaza-10', '', 'Fugas de información', 0, 1554661999),
(424, 1, 12, '10-Probabilidad', '', 'Moderado', 0, 1554661999),
(425, 1, 12, '10-Impacto', '', 'Fuerte', 0, 1554661999),
(426, 1, 12, '10-Nivel de riesgo', '', 'Riesgo moderado', 0, 1554661999),
(427, 1, 12, 'Amenaza-11', '', 'Compromisos de propiedad intelectual', 0, 1554661999),
(428, 1, 12, '11-Probabilidad', '', 'Frecuente', 0, 1554661999),
(429, 1, 12, '11-Impacto', '', 'Fuerte', 0, 1554661999),
(430, 1, 12, '11-Nivel de riesgo', '', 'Riesgo alto', 0, 1554661999),
(431, 1, 12, 'Amenaza-12', '', 'Ataques de software', 0, 1554661999),
(432, 1, 12, '12-Probabilidad', '', 'Frecuente', 0, 1554662000),
(433, 1, 12, '12-Impacto', '', 'Fuerte', 0, 1554662000),
(434, 1, 12, '12-Nivel de riesgo', '', 'Riesgo alto', 0, 1554662000),
(435, 1, 12, 'Amenaza-13', '', 'Desviaciones en la calidad del servicio', 0, 1554662000),
(436, 1, 12, '13-Probabilidad', '', 'Frecuente', 0, 1554662000),
(437, 1, 12, '13-Impacto', '', 'Fuerte', 0, 1554662000),
(438, 1, 12, '13-Nivel de riesgo', '', 'Riesgo alto', 0, 1554662000),
(439, 1, 12, 'Amenaza-14', '', 'Controles inadecuados, faltantes o incompletos', 0, 1554662000),
(440, 1, 12, '14-Probabilidad', '', 'Constante', 0, 1554662000),
(441, 1, 12, '14-Impacto', '', 'Fuerte', 0, 1554662000),
(442, 1, 12, '14-Nivel de riesgo', '', 'Riesgo extremo', 0, 1554662000),
(443, 1, 12, 'Amenaza-15', '', 'Errores o fallas técnicas de software', 0, 1554662000),
(444, 1, 12, '15-Probabilidad', '', 'Frecuente', 0, 1554662001),
(445, 1, 12, '15-Impacto', '', 'Fuerte', 0, 1554662001),
(446, 1, 12, '15-Nivel de riesgo', '', 'Riesgo alto', 0, 1554662001),
(447, 1, 12, 'Amenaza-16', '', 'Sabotaje, vandalismo', 0, 1554662001),
(448, 1, 12, '16-Probabilidad', '', 'Moderado', 0, 1554662001),
(449, 1, 12, '16-Impacto', '', 'Fuerte', 0, 1554662001),
(450, 1, 12, '16-Nivel de riesgo', '', 'Riesgo moderado', 0, 1554662001),
(451, 1, 12, 'Amenaza-17', '', 'Error de usuario', 0, 1554662001),
(452, 1, 12, '17-Probabilidad', '', 'Moderado', 0, 1554662001),
(453, 1, 12, '17-Impacto', '', 'Fuerte', 0, 1554662001),
(454, 1, 12, '17-Nivel de riesgo', '', 'Riesgo moderado', 0, 1554662001),
(455, 1, 13, 'Amenaza-1', '', 'Acceso no autorizado', 0, 1554662144),
(456, 1, 13, '1-Probabilidad', '', 'Moderado', 0, 1554662144),
(457, 1, 13, '1-Impacto', '', 'Fuerte', 0, 1554662145),
(458, 1, 13, '1-Nivel de riesgo', '', 'Riesgo moderado', 0, 1554662145),
(459, 1, 13, 'Amenaza-2', '', 'Denegación de Servicios (DoS)', 0, 1554662145),
(460, 1, 13, '2-Probabilidad', '', 'Moderado', 0, 1554662145),
(461, 1, 13, '2-Impacto', '', 'Fuerte', 0, 1554662145),
(462, 1, 13, '2-Nivel de riesgo', '', 'Riesgo moderado', 0, 1554662145),
(463, 1, 13, 'Amenaza-3', '', 'Ataques de software', 0, 1554662145),
(464, 1, 13, '3-Probabilidad', '', 'Frecuente', 0, 1554662145),
(465, 1, 13, '3-Impacto', '', 'Fuerte', 0, 1554662145),
(466, 1, 13, '3-Nivel de riesgo', '', 'Riesgo alto', 0, 1554662145),
(467, 1, 13, 'Amenaza-4', '', 'Errores o fallas técnicas de software', 0, 1554662146),
(468, 1, 13, '4-Probabilidad', '', 'Moderado', 0, 1554662146),
(469, 1, 13, '4-Impacto', '', 'Fuerte', 0, 1554662146),
(470, 1, 13, '4-Nivel de riesgo', '', 'Riesgo moderado', 0, 1554662146),
(471, 1, 13, 'Amenaza-5', '', 'Caída de sistema', 0, 1554662146),
(472, 1, 13, '5-Probabilidad', '', 'Frecuente', 0, 1554662146),
(473, 1, 13, '5-Impacto', '', 'Fuerte', 0, 1554662146),
(474, 1, 13, '5-Nivel de riesgo', '', 'Riesgo alto', 0, 1554662146),
(475, 1, 14, 'Amenaza-1', '', 'Denegación de Servicios (DoS)', 0, 1554662284),
(476, 1, 14, '1-Probabilidad', '', 'Moderado', 0, 1554662284),
(477, 1, 14, '1-Impacto', '', 'Fuerte', 0, 1554662284),
(478, 1, 14, '1-Nivel de riesgo', '', 'Riesgo moderado', 0, 1554662284),
(479, 1, 14, 'Amenaza-2', '', 'Ataques de software', 0, 1554662284),
(480, 1, 14, '2-Probabilidad', '', 'Improbable', 0, 1554662284),
(481, 1, 14, '2-Impacto', '', 'Muy fuerte', 0, 1554662285),
(482, 1, 14, '2-Nivel de riesgo', '', 'Riesgo moderado', 0, 1554662285),
(483, 1, 14, 'Amenaza-3', '', 'Desviaciones en la calidad del servicio', 0, 1554662285),
(484, 1, 14, '3-Probabilidad', '', 'Moderado', 0, 1554662285),
(485, 1, 14, '3-Impacto', '', 'Fuerte', 0, 1554662285),
(486, 1, 14, '3-Nivel de riesgo', '', 'Riesgo moderado', 0, 1554662285),
(487, 1, 14, 'Amenaza-4', '', 'Errores o fallas técnicas de software', 0, 1554662285),
(488, 1, 14, '4-Probabilidad', '', 'Moderado', 0, 1554662285),
(489, 1, 14, '4-Impacto', '', 'Fuerte', 0, 1554662286),
(490, 1, 14, '4-Nivel de riesgo', '', 'Riesgo moderado', 0, 1554662286),
(491, 1, 14, 'Amenaza-5', '', 'Caída de sistema', 0, 1554662286),
(492, 1, 14, '5-Probabilidad', '', 'Improbable', 0, 1554662286),
(493, 1, 14, '5-Impacto', '', 'Notable', 0, 1554662286),
(494, 1, 14, '5-Nivel de riesgo', '', 'Riesgo aceptable', 0, 1554662286),
(495, 1, 15, 'Amenaza-1', '', 'Acceso no autorizado', 0, 1554662626),
(496, 1, 15, '1-Probabilidad', '', 'Frecuente', 0, 1554662626),
(497, 1, 15, '1-Impacto', '', 'Fuerte', 0, 1554662626),
(498, 1, 15, '1-Nivel de riesgo', '', 'Riesgo alto', 0, 1554662626),
(499, 1, 15, 'Amenaza-2', '', 'Robo de información', 0, 1554662626),
(500, 1, 15, '2-Probabilidad', '', 'Frecuente', 0, 1554662626),
(501, 1, 15, '2-Impacto', '', 'Muy fuerte', 0, 1554662626),
(502, 1, 15, '2-Nivel de riesgo', '', 'Riesgo extremo', 0, 1554662626),
(503, 1, 15, 'Amenaza-3', '', 'Fraudes basados en el uso de computadores', 0, 1554662626),
(504, 1, 15, '3-Probabilidad', '', 'Moderado', 0, 1554662627),
(505, 1, 15, '3-Impacto', '', 'Fuerte', 0, 1554662627),
(506, 1, 15, '3-Nivel de riesgo', '', 'Riesgo moderado', 0, 1554662627),
(507, 1, 15, 'Amenaza-4', '', 'Suplantación de identidad', 0, 1554662627),
(508, 1, 15, '4-Probabilidad', '', 'Moderado', 0, 1554662627),
(509, 1, 15, '4-Impacto', '', 'Fuerte', 0, 1554662627),
(510, 1, 15, '4-Nivel de riesgo', '', 'Riesgo moderado', 0, 1554662627),
(511, 1, 15, 'Amenaza-5', '', 'Denegación de Servicios (DoS)', 0, 1554662627),
(512, 1, 15, '5-Probabilidad', '', 'Frecuente', 0, 1554662627),
(513, 1, 15, '5-Impacto', '', 'Fuerte', 0, 1554662628),
(514, 1, 15, '5-Nivel de riesgo', '', 'Riesgo alto', 0, 1554662628),
(515, 1, 15, 'Amenaza-6', '', 'Ataques de Fuerza Bruta', 0, 1554662628),
(516, 1, 15, '6-Probabilidad', '', 'Moderado', 0, 1554662628),
(517, 1, 15, '6-Impacto', '', 'Muy fuerte', 0, 1554662628),
(518, 1, 15, '6-Nivel de riesgo', '', 'Riesgo alto', 0, 1554662628),
(519, 1, 15, 'Amenaza-7', '', 'Alteración de la Información', 0, 1554662628),
(520, 1, 15, '7-Probabilidad', '', 'Frecuente', 0, 1554662628),
(521, 1, 15, '7-Impacto', '', 'Fuerte', 0, 1554662628),
(522, 1, 15, '7-Nivel de riesgo', '', 'Riesgo alto', 0, 1554662628),
(523, 1, 15, 'Amenaza-8', '', 'Divulgación de Información', 0, 1554662629),
(524, 1, 15, '8-Probabilidad', '', 'Frecuente', 0, 1554662629),
(525, 1, 15, '8-Impacto', '', 'Muy fuerte', 0, 1554662629),
(526, 1, 15, '8-Nivel de riesgo', '', 'Riesgo extremo', 0, 1554662629),
(527, 1, 15, 'Amenaza-9', '', 'Espionaje', 0, 1554662629),
(528, 1, 15, '9-Probabilidad', '', 'Moderado', 0, 1554662629),
(529, 1, 15, '9-Impacto', '', 'Fuerte', 0, 1554662629),
(530, 1, 15, '9-Nivel de riesgo', '', 'Riesgo moderado', 0, 1554662629),
(531, 1, 15, 'Amenaza-10', '', 'Ataques de software', 0, 1554662629),
(532, 1, 15, '10-Probabilidad', '', 'Improbable', 0, 1554662629),
(533, 1, 15, '10-Impacto', '', 'Muy fuerte', 0, 1554662629),
(534, 1, 15, '10-Nivel de riesgo', '', 'Riesgo moderado', 0, 1554662629),
(535, 1, 15, 'Amenaza-11', '', 'Errores o fallas técnicas de software', 0, 1554662630),
(536, 1, 15, '11-Probabilidad', '', 'Constante', 0, 1554662630),
(537, 1, 15, '11-Impacto', '', 'Fuerte', 0, 1554662630),
(538, 1, 15, '11-Nivel de riesgo', '', 'Riesgo extremo', 0, 1554662630),
(539, 1, 15, 'Amenaza-12', '', 'Obsolescencia tecnológica', 0, 1554662630),
(540, 1, 15, '12-Probabilidad', '', 'Moderado', 0, 1554662630),
(541, 1, 15, '12-Impacto', '', 'Notable', 0, 1554662630),
(542, 1, 15, '12-Nivel de riesgo', '', 'Riesgo moderado', 0, 1554662630),
(543, 1, 15, 'Amenaza-13', '', 'Error de usuario', 0, 1554662630),
(544, 1, 15, '13-Probabilidad', '', 'Frecuente', 0, 1554662630),
(545, 1, 15, '13-Impacto', '', 'Notable', 0, 1554662630),
(546, 1, 15, '13-Nivel de riesgo', '', 'Riesgo alto', 0, 1554662631),
(547, 1, 15, 'Amenaza-14', '', 'Fugas de información', 0, 1554662631),
(548, 1, 15, '14-Probabilidad', '', 'Moderado', 0, 1554662631),
(549, 1, 15, '14-Impacto', '', 'Fuerte', 0, 1554662631),
(550, 1, 15, '14-Nivel de riesgo', '', 'Riesgo moderado', 0, 1554662631),
(551, 1, 16, 'Amenaza-1', '', 'Robo de información', 0, 1554662835),
(552, 1, 16, '1-Probabilidad', '', 'Frecuente', 0, 1554662835),
(553, 1, 16, '1-Impacto', '', 'Muy fuerte', 0, 1554662835),
(554, 1, 16, '1-Nivel de riesgo', '', 'Riesgo extremo', 0, 1554662835),
(555, 1, 16, 'Amenaza-2', '', 'Denegación de Servicios (DoS)', 0, 1554662835),
(556, 1, 16, '2-Probabilidad', '', 'Frecuente', 0, 1554662836),
(557, 1, 16, '2-Impacto', '', 'Fuerte', 0, 1554662836),
(558, 1, 16, '2-Nivel de riesgo', '', 'Riesgo alto', 0, 1554662836),
(559, 1, 16, 'Amenaza-3', '', 'Espionaje', 0, 1554662836),
(560, 1, 16, '3-Probabilidad', '', 'Moderado', 0, 1554662836),
(561, 1, 16, '3-Impacto', '', 'Fuerte', 0, 1554662836),
(562, 1, 16, '3-Nivel de riesgo', '', 'Riesgo moderado', 0, 1554662836),
(563, 1, 16, 'Amenaza-4', '', 'Controles inadecuados, faltantes o incompletos', 0, 1554662836),
(564, 1, 16, '4-Probabilidad', '', 'Constante', 0, 1554662836),
(565, 1, 16, '4-Impacto', '', 'Fuerte', 0, 1554662836),
(566, 1, 16, '4-Nivel de riesgo', '', 'Riesgo extremo', 0, 1554662837),
(567, 1, 16, 'Amenaza-5', '', 'Error de usuario', 0, 1554662837),
(568, 1, 16, '5-Probabilidad', '', 'Frecuente', 0, 1554662837),
(569, 1, 16, '5-Impacto', '', 'Notable', 0, 1554662837),
(570, 1, 16, '5-Nivel de riesgo', '', 'Riesgo alto', 0, 1554662837),
(571, 1, 16, 'Amenaza-6', '', 'Caída de sistema', 0, 1554662837),
(572, 1, 16, '6-Probabilidad', '', 'Frecuente', 0, 1554662837),
(573, 1, 16, '6-Impacto', '', 'Fuerte', 0, 1554662837),
(574, 1, 16, '6-Nivel de riesgo', '', 'Riesgo alto', 0, 1554662837),
(575, 1, 16, 'Amenaza-7', '', 'Fugas de información', 0, 1554662838),
(576, 1, 16, '7-Probabilidad', '', 'Moderado', 0, 1554662838),
(577, 1, 16, '7-Impacto', '', 'Fuerte', 0, 1554662838),
(578, 1, 16, '7-Nivel de riesgo', '', 'Riesgo moderado', 0, 1554662838),
(579, 1, 17, 'Amenaza-1', '', 'Acceso no autorizado', 0, 1554663337),
(580, 1, 17, '1-Probabilidad', '', 'Moderado', 0, 1554663337),
(581, 1, 17, '1-Impacto', '', 'Muy fuerte', 0, 1554663337),
(582, 1, 17, '1-Nivel de riesgo', '', 'Riesgo alto', 0, 1554663337),
(583, 1, 17, 'Amenaza-2', '', 'Robo de información', 0, 1554663337),
(584, 1, 17, '2-Probabilidad', '', 'Frecuente', 0, 1554663337),
(585, 1, 17, '2-Impacto', '', 'Muy fuerte', 0, 1554663337),
(586, 1, 17, '2-Nivel de riesgo', '', 'Riesgo extremo', 0, 1554663338),
(587, 1, 17, 'Amenaza-3', '', 'Suplantación de identidad', 0, 1554663338),
(588, 1, 17, '3-Probabilidad', '', 'Moderado', 0, 1554663338),
(589, 1, 17, '3-Impacto', '', 'Fuerte', 0, 1554663338),
(590, 1, 17, '3-Nivel de riesgo', '', 'Riesgo moderado', 0, 1554663338),
(591, 1, 17, 'Amenaza-4', '', 'Denegación de Servicios (DoS)', 0, 1554663338),
(592, 1, 17, '4-Probabilidad', '', 'Improbable', 0, 1554663338),
(593, 1, 17, '4-Impacto', '', 'Fuerte', 0, 1554663338),
(594, 1, 17, '4-Nivel de riesgo', '', 'Riesgo moderado', 0, 1554663338),
(595, 1, 17, 'Amenaza-5', '', 'Desviaciones en la calidad del servicio', 0, 1554663338),
(596, 1, 17, '5-Probabilidad', '', 'Frecuente', 0, 1554663338),
(597, 1, 17, '5-Impacto', '', 'Fuerte', 0, 1554663339),
(598, 1, 17, '5-Nivel de riesgo', '', 'Riesgo alto', 0, 1554663339),
(599, 1, 17, 'Amenaza-6', '', 'Ataques de Fuerza Bruta', 0, 1554663339),
(600, 1, 17, '6-Probabilidad', '', 'Frecuente', 0, 1554663339),
(601, 1, 17, '6-Impacto', '', 'Fuerte', 0, 1554663339),
(602, 1, 17, '6-Nivel de riesgo', '', 'Riesgo alto', 0, 1554663339),
(603, 1, 17, 'Amenaza-7', '', 'Alteración de la Información', 0, 1554663339),
(604, 1, 17, '7-Probabilidad', '', 'Frecuente', 0, 1554663339),
(605, 1, 17, '7-Impacto', '', 'Muy fuerte', 0, 1554663339),
(606, 1, 17, '7-Nivel de riesgo', '', 'Riesgo extremo', 0, 1554663339),
(607, 1, 17, 'Amenaza-8', '', 'Divulgación de Información', 0, 1554663339),
(608, 1, 17, '8-Probabilidad', '', 'Frecuente', 0, 1554663339),
(609, 1, 17, '8-Impacto', '', 'Muy fuerte', 0, 1554663340),
(610, 1, 17, '8-Nivel de riesgo', '', 'Riesgo extremo', 0, 1554663340),
(611, 1, 17, 'Amenaza-9', '', 'Espionaje', 0, 1554663340),
(612, 1, 17, '9-Probabilidad', '', 'Moderado', 0, 1554663340),
(613, 1, 17, '9-Impacto', '', 'Fuerte', 0, 1554663340),
(614, 1, 17, '9-Nivel de riesgo', '', 'Riesgo moderado', 0, 1554663340),
(615, 1, 17, 'Amenaza-10', '', 'Compromisos de propiedad intelectual', 0, 1554663340),
(616, 1, 17, '10-Probabilidad', '', 'Moderado', 0, 1554663340),
(617, 1, 17, '10-Impacto', '', 'Notable', 0, 1554663340),
(618, 1, 17, '10-Nivel de riesgo', '', 'Riesgo moderado', 0, 1554663341),
(619, 1, 17, 'Amenaza-11', '', 'Controles inadecuados, faltantes o incompletos', 0, 1554663341),
(620, 1, 17, '11-Probabilidad', '', 'Frecuente', 0, 1554663341),
(621, 1, 17, '11-Impacto', '', 'Fuerte', 0, 1554663341),
(622, 1, 17, '11-Nivel de riesgo', '', 'Riesgo alto', 0, 1554663341),
(623, 1, 17, 'Amenaza-12', '', 'Sabotaje, vandalismo', 0, 1554663341),
(624, 1, 17, '12-Probabilidad', '', 'Moderado', 0, 1554663341),
(625, 1, 17, '12-Impacto', '', 'Fuerte', 0, 1554663341),
(626, 1, 17, '12-Nivel de riesgo', '', 'Riesgo moderado', 0, 1554663342),
(627, 1, 17, 'Amenaza-13', '', 'Error de usuario', 0, 1554663342),
(628, 1, 17, '13-Probabilidad', '', 'Moderado', 0, 1554663342),
(629, 1, 17, '13-Impacto', '', 'Notable', 0, 1554663342),
(630, 1, 17, '13-Nivel de riesgo', '', 'Riesgo moderado', 0, 1554663342),
(631, 1, 17, 'Amenaza-14', '', 'Caída de sistema', 0, 1554663342),
(632, 1, 17, '14-Probabilidad', '', 'Moderado', 0, 1554663342),
(633, 1, 17, '14-Impacto', '', 'Fuerte', 0, 1554663342),
(634, 1, 17, '14-Nivel de riesgo', '', 'Riesgo moderado', 0, 1554663342),
(635, 1, 18, 'Amenaza-1', '', 'Controles inadecuados, faltantes o incompletos', 0, 1554663426),
(636, 1, 18, '1-Probabilidad', '', 'Moderado', 0, 1554663426),
(637, 1, 18, '1-Impacto', '', 'Notable', 0, 1554663426),
(638, 1, 18, '1-Nivel de riesgo', '', 'Riesgo moderado', 0, 1554663426),
(639, 1, 18, 'Amenaza-2', '', 'Error de usuario', 0, 1554663426),
(640, 1, 18, '2-Probabilidad', '', 'Improbable', 0, 1554663426),
(641, 1, 18, '2-Impacto', '', 'Débil', 0, 1554663426),
(642, 1, 18, '2-Nivel de riesgo', '', 'Riesgo aceptable', 0, 1554663426),
(643, 1, 19, 'Amenaza-1', '', 'Acceso no autorizado', 0, 1554663635),
(644, 1, 19, '1-Probabilidad', '', 'Moderado', 0, 1554663635),
(645, 1, 19, '1-Impacto', '', 'Fuerte', 0, 1554663635),
(646, 1, 19, '1-Nivel de riesgo', '', 'Riesgo moderado', 0, 1554663635),
(647, 1, 19, 'Amenaza-2', '', 'Robo de información', 0, 1554663635),
(648, 1, 19, '2-Probabilidad', '', 'Moderado', 0, 1554663635),
(649, 1, 19, '2-Impacto', '', 'Muy fuerte', 0, 1554663635),
(650, 1, 19, '2-Nivel de riesgo', '', 'Riesgo alto', 0, 1554663635),
(651, 1, 19, 'Amenaza-3', '', 'Alteración de la Información', 0, 1554663635),
(652, 1, 19, '3-Probabilidad', '', 'Improbable', 0, 1554663636),
(653, 1, 19, '3-Impacto', '', 'Fuerte', 0, 1554663636),
(654, 1, 19, '3-Nivel de riesgo', '', 'Riesgo moderado', 0, 1554663636),
(655, 1, 19, 'Amenaza-4', '', 'Divulgación de Información', 0, 1554663636),
(656, 1, 19, '4-Probabilidad', '', 'Moderado', 0, 1554663636),
(657, 1, 19, '4-Impacto', '', 'Fuerte', 0, 1554663636),
(658, 1, 19, '4-Nivel de riesgo', '', 'Riesgo moderado', 0, 1554663636),
(659, 1, 19, 'Amenaza-5', '', 'Compromisos de propiedad intelectual', 0, 1554663636),
(660, 1, 19, '5-Probabilidad', '', 'Moderado', 0, 1554663637),
(661, 1, 19, '5-Impacto', '', 'Notable', 0, 1554663637),
(662, 1, 19, '5-Nivel de riesgo', '', 'Riesgo moderado', 0, 1554663637),
(663, 1, 19, 'Amenaza-6', '', 'Controles inadecuados, faltantes o incompletos', 0, 1554663637),
(664, 1, 19, '6-Probabilidad', '', 'Frecuente', 0, 1554663637),
(665, 1, 19, '6-Impacto', '', 'Fuerte', 0, 1554663637),
(666, 1, 19, '6-Nivel de riesgo', '', 'Riesgo alto', 0, 1554663637),
(667, 1, 19, 'Amenaza-7', '', 'Error de usuario', 0, 1554663637),
(668, 1, 19, '7-Probabilidad', '', 'Moderado', 0, 1554663637),
(669, 1, 19, '7-Impacto', '', 'Notable', 0, 1554663637),
(670, 1, 19, '7-Nivel de riesgo', '', 'Riesgo moderado', 0, 1554663637),
(671, 1, 19, 'Amenaza-8', '', 'Corte de suministro eléctrico', 0, 1554663637),
(672, 1, 19, '8-Probabilidad', '', 'Improbable', 0, 1554663638),
(673, 1, 19, '8-Impacto', '', 'Débil', 0, 1554663638),
(674, 1, 19, '8-Nivel de riesgo', '', 'Riesgo aceptable', 0, 1554663638),
(675, 1, 20, 'Amenaza-1', '', 'Acceso no autorizado', 0, 1554663845),
(676, 1, 20, '1-Probabilidad', '', 'Frecuente', 0, 1554663845),
(677, 1, 20, '1-Impacto', '', 'Muy fuerte', 0, 1554663845),
(678, 1, 20, '1-Nivel de riesgo', '', 'Riesgo extremo', 0, 1554663846),
(679, 1, 20, 'Amenaza-2', '', 'Robo de información', 0, 1554663846),
(680, 1, 20, '2-Probabilidad', '', 'Frecuente', 0, 1554663846),
(681, 1, 20, '2-Impacto', '', 'Muy fuerte', 0, 1554663846),
(682, 1, 20, '2-Nivel de riesgo', '', 'Riesgo extremo', 0, 1554663846),
(683, 1, 20, 'Amenaza-3', '', 'Suplantación de identidad', 0, 1554663846),
(684, 1, 20, '3-Probabilidad', '', 'Moderado', 0, 1554663846),
(685, 1, 20, '3-Impacto', '', 'Fuerte', 0, 1554663846),
(686, 1, 20, '3-Nivel de riesgo', '', 'Riesgo moderado', 0, 1554663846),
(687, 1, 20, 'Amenaza-4', '', 'Denegación de Servicios (DoS)', 0, 1554663846),
(688, 1, 20, '4-Probabilidad', '', 'Moderado', 0, 1554663846),
(689, 1, 20, '4-Impacto', '', 'Fuerte', 0, 1554663846),
(690, 1, 20, '4-Nivel de riesgo', '', 'Riesgo moderado', 0, 1554663847),
(691, 1, 20, 'Amenaza-5', '', 'Ataques de Fuerza Bruta', 0, 1554663847),
(692, 1, 20, '5-Probabilidad', '', 'Frecuente', 0, 1554663847),
(693, 1, 20, '5-Impacto', '', 'Fuerte', 0, 1554663847),
(694, 1, 20, '5-Nivel de riesgo', '', 'Riesgo alto', 0, 1554663847),
(695, 1, 20, 'Amenaza-6', '', 'Divulgación de Información', 0, 1554663847),
(696, 1, 20, '6-Probabilidad', '', 'Frecuente', 0, 1554663847),
(697, 1, 20, '6-Impacto', '', 'Muy fuerte', 0, 1554663847),
(698, 1, 20, '6-Nivel de riesgo', '', 'Riesgo extremo', 0, 1554663847),
(699, 1, 20, 'Amenaza-7', '', 'Espionaje', 0, 1554663847),
(700, 1, 20, '7-Probabilidad', '', 'Moderado', 0, 1554663847),
(701, 1, 20, '7-Impacto', '', 'Fuerte', 0, 1554663848),
(702, 1, 20, '7-Nivel de riesgo', '', 'Riesgo moderado', 0, 1554663848),
(703, 1, 20, 'Amenaza-8', '', 'Controles inadecuados, faltantes o incompletos', 0, 1554663848),
(704, 1, 20, '8-Probabilidad', '', 'Frecuente', 0, 1554663848),
(705, 1, 20, '8-Impacto', '', 'Fuerte', 0, 1554663848),
(706, 1, 20, '8-Nivel de riesgo', '', 'Riesgo alto', 0, 1554663848),
(707, 1, 20, 'Amenaza-9', '', 'Error de usuario', 0, 1554663848),
(708, 1, 20, '9-Probabilidad', '', 'Frecuente', 0, 1554663848),
(709, 1, 20, '9-Impacto', '', 'Fuerte', 0, 1554663849),
(710, 1, 20, '9-Nivel de riesgo', '', 'Riesgo alto', 0, 1554663849),
(711, 1, 21, 'Amenaza-1', '', 'Acceso no autorizado', 0, 1554667324),
(712, 1, 21, '1-Probabilidad', '', 'Frecuente', 0, 1554667324),
(713, 1, 21, '1-Impacto', '', 'Fuerte', 0, 1554667324),
(714, 1, 21, '1-Nivel de riesgo', '', 'Riesgo alto', 0, 1554667325),
(715, 1, 21, 'Amenaza-2', '', 'Robo de información', 0, 1554667325),
(716, 1, 21, '2-Probabilidad', '', 'Frecuente', 0, 1554667325),
(717, 1, 21, '2-Impacto', '', 'Muy fuerte', 0, 1554667325),
(718, 1, 21, '2-Nivel de riesgo', '', 'Riesgo extremo', 0, 1554667325),
(719, 1, 21, 'Amenaza-3', '', 'Suplantación de identidad', 0, 1554667325),
(720, 1, 21, '3-Probabilidad', '', 'Frecuente', 0, 1554667325),
(721, 1, 21, '3-Impacto', '', 'Fuerte', 0, 1554667325),
(722, 1, 21, '3-Nivel de riesgo', '', 'Riesgo alto', 0, 1554667325),
(723, 1, 21, 'Amenaza-4', '', 'Denegación de Servicios (DoS)', 0, 1554667325),
(724, 1, 21, '4-Probabilidad', '', 'Frecuente', 0, 1554667325),
(725, 1, 21, '4-Impacto', '', 'Fuerte', 0, 1554667326),
(726, 1, 21, '4-Nivel de riesgo', '', 'Riesgo alto', 0, 1554667326),
(727, 1, 21, 'Amenaza-5', '', 'Ataques de Fuerza Bruta', 0, 1554667326),
(728, 1, 21, '5-Probabilidad', '', 'Frecuente', 0, 1554667326),
(729, 1, 21, '5-Impacto', '', 'Fuerte', 0, 1554667326),
(730, 1, 21, '5-Nivel de riesgo', '', 'Riesgo alto', 0, 1554667326),
(731, 1, 21, 'Amenaza-6', '', 'Divulgación de Información', 0, 1554667326),
(732, 1, 21, '6-Probabilidad', '', 'Frecuente', 0, 1554667326),
(733, 1, 21, '6-Impacto', '', 'Muy fuerte', 0, 1554667326),
(734, 1, 21, '6-Nivel de riesgo', '', 'Riesgo extremo', 0, 1554667326),
(735, 1, 21, 'Amenaza-7', '', 'Espionaje', 0, 1554667326),
(736, 1, 21, '7-Probabilidad', '', 'Moderado', 0, 1554667327),
(737, 1, 21, '7-Impacto', '', 'Fuerte', 0, 1554667327),
(738, 1, 21, '7-Nivel de riesgo', '', 'Riesgo moderado', 0, 1554667327),
(739, 1, 21, 'Amenaza-8', '', 'Controles inadecuados, faltantes o incompletos', 0, 1554667327),
(740, 1, 21, '8-Probabilidad', '', 'Frecuente', 0, 1554667327),
(741, 1, 21, '8-Impacto', '', 'Fuerte', 0, 1554667327),
(742, 1, 21, '8-Nivel de riesgo', '', 'Riesgo alto', 0, 1554667327),
(743, 1, 21, 'Amenaza-9', '', 'Error de usuario', 0, 1554667327),
(744, 1, 21, '9-Probabilidad', '', 'Frecuente', 0, 1554667327),
(745, 1, 21, '9-Impacto', '', 'Fuerte', 0, 1554667327),
(746, 1, 21, '9-Nivel de riesgo', '', 'Riesgo alto', 0, 1554667327),
(747, 1, 22, 'Amenaza-1', '', 'Acceso no autorizado', 0, 1554667525),
(748, 1, 22, '1-Probabilidad', '', 'Moderado', 0, 1554667526),
(749, 1, 22, '1-Impacto', '', 'Fuerte', 0, 1554667526),
(750, 1, 22, '1-Nivel de riesgo', '', 'Riesgo moderado', 0, 1554667526),
(751, 1, 22, 'Amenaza-2', '', 'Alteración de la Información', 0, 1554667526),
(752, 1, 22, '2-Probabilidad', '', 'Moderado', 0, 1554667526),
(753, 1, 22, '2-Impacto', '', 'Muy fuerte', 0, 1554667526),
(754, 1, 22, '2-Nivel de riesgo', '', 'Riesgo alto', 0, 1554667526),
(755, 1, 22, 'Amenaza-3', '', 'Espionaje', 0, 1554667526),
(756, 1, 22, '3-Probabilidad', '', 'Improbable', 0, 1554667526),
(757, 1, 22, '3-Impacto', '', 'Notable', 0, 1554667526),
(758, 1, 22, '3-Nivel de riesgo', '', 'Riesgo aceptable', 0, 1554667526),
(759, 1, 22, 'Amenaza-4', '', 'Compromisos de propiedad intelectual', 0, 1554667527),
(760, 1, 22, '4-Probabilidad', '', 'Frecuente', 0, 1554667527),
(761, 1, 22, '4-Impacto', '', 'Fuerte', 0, 1554667527),
(762, 1, 22, '4-Nivel de riesgo', '', 'Riesgo alto', 0, 1554667527),
(763, 1, 22, 'Amenaza-5', '', 'Controles inadecuados, faltantes o incompletos', 0, 1554667527),
(764, 1, 22, '5-Probabilidad', '', 'Frecuente', 0, 1554667527),
(765, 1, 22, '5-Impacto', '', 'Fuerte', 0, 1554667527),
(766, 1, 22, '5-Nivel de riesgo', '', 'Riesgo alto', 0, 1554667527),
(767, 1, 22, 'Amenaza-6', '', 'Errores o fallas técnicas de software', 0, 1554667527),
(768, 1, 22, '6-Probabilidad', '', 'Moderado', 0, 1554667527),
(769, 1, 22, '6-Impacto', '', 'Fuerte', 0, 1554667527),
(770, 1, 22, '6-Nivel de riesgo', '', 'Riesgo moderado', 0, 1554667528),
(771, 1, 22, 'Amenaza-7', '', 'Sabotaje, vandalismo', 0, 1554667528),
(772, 1, 22, '7-Probabilidad', '', 'Improbable', 0, 1554667528),
(773, 1, 22, '7-Impacto', '', 'Notable', 0, 1554667528),
(774, 1, 22, '7-Nivel de riesgo', '', 'Riesgo aceptable', 0, 1554667528),
(775, 1, 22, 'Amenaza-8', '', 'Caída de sistema', 0, 1554667528),
(776, 1, 22, '8-Probabilidad', '', 'Moderado', 0, 1554667528),
(777, 1, 22, '8-Impacto', '', 'Muy fuerte', 0, 1554667528),
(778, 1, 22, '8-Nivel de riesgo', '', 'Riesgo alto', 0, 1554667528),
(779, 1, 23, 'Amenaza-1', '', 'Robo de información', 0, 1554667688),
(780, 1, 23, '1-Probabilidad', '', 'Moderado', 0, 1554667688),
(781, 1, 23, '1-Impacto', '', 'Fuerte', 0, 1554667688),
(782, 1, 23, '1-Nivel de riesgo', '', 'Riesgo moderado', 0, 1554667689),
(783, 1, 23, 'Amenaza-2', '', 'Divulgación de Información', 0, 1554667689),
(784, 1, 23, '2-Probabilidad', '', 'Frecuente', 0, 1554667689),
(785, 1, 23, '2-Impacto', '', 'Fuerte', 0, 1554667689);
INSERT INTO `sgsi_bug_history_table` (`id`, `user_id`, `bug_id`, `field_name`, `old_value`, `new_value`, `type`, `date_modified`) VALUES
(786, 1, 23, '2-Nivel de riesgo', '', 'Riesgo alto', 0, 1554667689),
(787, 1, 23, 'Amenaza-3', '', 'Extorsión de información ', 0, 1554667689),
(788, 1, 23, '3-Probabilidad', '', 'Improbable', 0, 1554667689),
(789, 1, 23, '3-Impacto', '', 'Notable', 0, 1554667689),
(790, 1, 23, '3-Nivel de riesgo', '', 'Riesgo aceptable', 0, 1554667689),
(791, 1, 23, 'Amenaza-4', '', 'Errores o fallas técnicas de hardware', 0, 1554667689),
(792, 1, 23, '4-Probabilidad', '', 'Improbable', 0, 1554667690),
(793, 1, 23, '4-Impacto', '', 'Notable', 0, 1554667690),
(794, 1, 23, '4-Nivel de riesgo', '', 'Riesgo aceptable', 0, 1554667690),
(795, 1, 23, 'Amenaza-5', '', 'Condiciones inadecuadas de temperatura y humedad', 0, 1554667690),
(796, 1, 23, '5-Probabilidad', '', 'Improbable', 0, 1554667690),
(797, 1, 23, '5-Impacto', '', 'Débil', 0, 1554667690),
(798, 1, 23, '5-Nivel de riesgo', '', 'Riesgo aceptable', 0, 1554667690),
(799, 1, 23, 'Amenaza-6', '', 'Fugas de información', 0, 1554667690),
(800, 1, 23, '6-Probabilidad', '', 'Moderado', 0, 1554667690),
(801, 1, 23, '6-Impacto', '', 'Notable', 0, 1554667690),
(802, 1, 23, '6-Nivel de riesgo', '', 'Riesgo moderado', 0, 1554667691),
(803, 1, 24, 'Amenaza-1', '', 'Robo de información', 0, 1554667897),
(804, 1, 24, '1-Probabilidad', '', 'Moderado', 0, 1554667897),
(805, 1, 24, '1-Impacto', '', 'Fuerte', 0, 1554667897),
(806, 1, 24, '1-Nivel de riesgo', '', 'Riesgo moderado', 0, 1554667897),
(807, 1, 24, 'Amenaza-2', '', 'Divulgación de Información', 0, 1554667897),
(808, 1, 24, '2-Probabilidad', '', 'Frecuente', 0, 1554667897),
(809, 1, 24, '2-Impacto', '', 'Fuerte', 0, 1554667897),
(810, 1, 24, '2-Nivel de riesgo', '', 'Riesgo alto', 0, 1554667897),
(811, 1, 24, 'Amenaza-3', '', 'Extorsión de información ', 0, 1554667897),
(812, 1, 24, '3-Probabilidad', '', 'Improbable', 0, 1554667898),
(813, 1, 24, '3-Impacto', '', 'Notable', 0, 1554667898),
(814, 1, 24, '3-Nivel de riesgo', '', 'Riesgo aceptable', 0, 1554667898),
(815, 1, 24, 'Amenaza-4', '', 'Errores o fallas técnicas de hardware', 0, 1554667898),
(816, 1, 24, '4-Probabilidad', '', 'Moderado', 0, 1554667898),
(817, 1, 24, '4-Impacto', '', 'Notable', 0, 1554667898),
(818, 1, 24, '4-Nivel de riesgo', '', 'Riesgo moderado', 0, 1554667898),
(819, 1, 24, 'Amenaza-5', '', 'Condiciones inadecuadas de temperatura y humedad', 0, 1554667898),
(820, 1, 24, '5-Probabilidad', '', 'Improbable', 0, 1554667899),
(821, 1, 24, '5-Impacto', '', 'Débil', 0, 1554667899),
(822, 1, 24, '5-Nivel de riesgo', '', 'Riesgo aceptable', 0, 1554667899),
(823, 1, 24, 'Amenaza-6', '', 'Fugas de información', 0, 1554667899),
(824, 1, 24, '6-Probabilidad', '', 'Moderado', 0, 1554667899),
(825, 1, 24, '6-Impacto', '', 'Notable', 0, 1554667899),
(826, 1, 24, '6-Nivel de riesgo', '', 'Riesgo moderado', 0, 1554667899),
(827, 1, 25, 'Amenaza-1', '', 'Robo de información', 0, 1554668057),
(828, 1, 25, '1-Probabilidad', '', 'Moderado', 0, 1554668057),
(829, 1, 25, '1-Impacto', '', 'Fuerte', 0, 1554668057),
(830, 1, 25, '1-Nivel de riesgo', '', 'Riesgo moderado', 0, 1554668057),
(831, 1, 25, 'Amenaza-2', '', 'Divulgación de Información', 0, 1554668057),
(832, 1, 25, '2-Probabilidad', '', 'Frecuente', 0, 1554668057),
(833, 1, 25, '2-Impacto', '', 'Fuerte', 0, 1554668057),
(834, 1, 25, '2-Nivel de riesgo', '', 'Riesgo alto', 0, 1554668057),
(835, 1, 25, 'Amenaza-3', '', 'Extorsión de información ', 0, 1554668057),
(836, 1, 25, '3-Probabilidad', '', 'Improbable', 0, 1554668057),
(837, 1, 25, '3-Impacto', '', 'Notable', 0, 1554668057),
(838, 1, 25, '3-Nivel de riesgo', '', 'Riesgo aceptable', 0, 1554668058),
(839, 1, 25, 'Amenaza-4', '', 'Errores o fallas técnicas de hardware', 0, 1554668058),
(840, 1, 25, '4-Probabilidad', '', 'Moderado', 0, 1554668058),
(841, 1, 25, '4-Impacto', '', 'Notable', 0, 1554668058),
(842, 1, 25, '4-Nivel de riesgo', '', 'Riesgo moderado', 0, 1554668058),
(843, 1, 25, 'Amenaza-5', '', 'Condiciones inadecuadas de temperatura y humedad', 0, 1554668058),
(844, 1, 25, '5-Probabilidad', '', 'Improbable', 0, 1554668058),
(845, 1, 25, '5-Impacto', '', 'Débil', 0, 1554668058),
(846, 1, 25, '5-Nivel de riesgo', '', 'Riesgo aceptable', 0, 1554668058),
(847, 1, 25, 'Amenaza-6', '', 'Fugas de información', 0, 1554668058),
(848, 1, 25, '6-Probabilidad', '', 'Moderado', 0, 1554668059),
(849, 1, 25, '6-Impacto', '', 'Notable', 0, 1554668059),
(850, 1, 25, '6-Nivel de riesgo', '', 'Riesgo moderado', 0, 1554668059),
(851, 1, 26, 'Amenaza-1', '', 'Robo de información', 0, 1554668266),
(852, 1, 26, '1-Probabilidad', '', 'Moderado', 0, 1554668266),
(853, 1, 26, '1-Impacto', '', 'Muy fuerte', 0, 1554668266),
(854, 1, 26, '1-Nivel de riesgo', '', 'Riesgo alto', 0, 1554668266),
(855, 1, 26, 'Amenaza-2', '', 'Alteración de la Información', 0, 1554668266),
(856, 1, 26, '2-Probabilidad', '', 'Moderado', 0, 1554668266),
(857, 1, 26, '2-Impacto', '', 'Fuerte', 0, 1554668266),
(858, 1, 26, '2-Nivel de riesgo', '', 'Riesgo moderado', 0, 1554668266),
(859, 1, 26, 'Amenaza-3', '', 'Divulgación de Información', 0, 1554668266),
(860, 1, 26, '3-Probabilidad', '', 'Frecuente', 0, 1554668267),
(861, 1, 26, '3-Impacto', '', 'Fuerte', 0, 1554668267),
(862, 1, 26, '3-Nivel de riesgo', '', 'Riesgo alto', 0, 1554668267),
(863, 1, 26, 'Amenaza-4', '', 'Espionaje', 0, 1554668267),
(864, 1, 26, '4-Probabilidad', '', 'Improbable', 0, 1554668267),
(865, 1, 26, '4-Impacto', '', 'Notable', 0, 1554668267),
(866, 1, 26, '4-Nivel de riesgo', '', 'Riesgo aceptable', 0, 1554668267),
(867, 1, 26, 'Amenaza-5', '', 'Compromisos de propiedad intelectual', 0, 1554668267),
(868, 1, 26, '5-Probabilidad', '', 'Moderado', 0, 1554668267),
(869, 1, 26, '5-Impacto', '', 'Notable', 0, 1554668267),
(870, 1, 26, '5-Nivel de riesgo', '', 'Riesgo moderado', 0, 1554668268),
(871, 1, 26, 'Amenaza-6', '', 'Controles inadecuados, faltantes o incompletos', 0, 1554668268),
(872, 1, 26, '6-Probabilidad', '', 'Constante', 0, 1554668268),
(873, 1, 26, '6-Impacto', '', 'Notable', 0, 1554668268),
(874, 1, 26, '6-Nivel de riesgo', '', 'Riesgo alto', 0, 1554668268),
(875, 1, 26, 'Amenaza-7', '', 'Daño físico', 0, 1554668268),
(876, 1, 26, '7-Probabilidad', '', 'Moderado', 0, 1554668268),
(877, 1, 26, '7-Impacto', '', 'Notable', 0, 1554668268),
(878, 1, 26, '7-Nivel de riesgo', '', 'Riesgo moderado', 0, 1554668268),
(879, 1, 26, 'Amenaza-8', '', 'Condiciones inadecuadas de temperatura y humedad', 0, 1554668268),
(880, 1, 26, '8-Probabilidad', '', 'Moderado', 0, 1554668268),
(881, 1, 26, '8-Impacto', '', 'Notable', 0, 1554668269),
(882, 1, 26, '8-Nivel de riesgo', '', 'Riesgo moderado', 0, 1554668269),
(883, 1, 26, 'Amenaza-9', '', 'Fugas de información', 0, 1554668269),
(884, 1, 26, '9-Probabilidad', '', 'Moderado', 0, 1554668269),
(885, 1, 26, '9-Impacto', '', 'Fuerte', 0, 1554668269),
(886, 1, 26, '9-Nivel de riesgo', '', 'Riesgo moderado', 0, 1554668269),
(887, 1, 27, 'Amenaza-1', '', 'Robo de información', 0, 1554675306),
(888, 1, 27, '1-Probabilidad', '', 'Moderado', 0, 1554675306),
(889, 1, 27, '1-Impacto', '', 'Fuerte', 0, 1554675306),
(890, 1, 27, '1-Nivel de riesgo', '', 'Riesgo moderado', 0, 1554675306),
(891, 1, 27, 'Amenaza-2', '', 'Divulgación de Información', 0, 1554675306),
(892, 1, 27, '2-Probabilidad', '', 'Frecuente', 0, 1554675306),
(893, 1, 27, '2-Impacto', '', 'Fuerte', 0, 1554675306),
(894, 1, 27, '2-Nivel de riesgo', '', 'Riesgo alto', 0, 1554675306),
(895, 1, 27, 'Amenaza-3', '', 'Desviaciones en la calidad del servicio', 0, 1554675307),
(896, 1, 27, '3-Probabilidad', '', 'Moderado', 0, 1554675307),
(897, 1, 27, '3-Impacto', '', 'Notable', 0, 1554675307),
(898, 1, 27, '3-Nivel de riesgo', '', 'Riesgo moderado', 0, 1554675307),
(899, 1, 27, 'Amenaza-4', '', 'Extorsión de información ', 0, 1554675307),
(900, 1, 27, '4-Probabilidad', '', 'Moderado', 0, 1554675307),
(901, 1, 27, '4-Impacto', '', 'Notable', 0, 1554675307),
(902, 1, 27, '4-Nivel de riesgo', '', 'Riesgo moderado', 0, 1554675307),
(903, 1, 27, 'Amenaza-5', '', 'Error de usuario', 0, 1554675307),
(904, 1, 27, '5-Probabilidad', '', 'Moderado', 0, 1554675307),
(905, 1, 27, '5-Impacto', '', 'Notable', 0, 1554675307),
(906, 1, 27, '5-Nivel de riesgo', '', 'Riesgo moderado', 0, 1554675307),
(907, 1, 27, 'Amenaza-6', '', 'Caída de sistema', 0, 1554675308),
(908, 1, 27, '6-Probabilidad', '', 'Frecuente', 0, 1554675308),
(909, 1, 27, '6-Impacto', '', 'Fuerte', 0, 1554675308),
(910, 1, 27, '6-Nivel de riesgo', '', 'Riesgo alto', 0, 1554675308),
(911, 1, 27, 'Amenaza-7', '', 'Fugas de información', 0, 1554675308),
(912, 1, 27, '7-Probabilidad', '', 'Moderado', 0, 1554675308),
(913, 1, 27, '7-Impacto', '', 'Fuerte', 0, 1554675308),
(914, 1, 27, '7-Nivel de riesgo', '', 'Riesgo moderado', 0, 1554675308),
(915, 1, 28, 'Amenaza-1', '', 'Denegación de Servicios (DoS)', 0, 1554675471),
(916, 1, 28, '1-Probabilidad', '', 'Frecuente', 0, 1554675471),
(917, 1, 28, '1-Impacto', '', 'Fuerte', 0, 1554675472),
(918, 1, 28, '1-Nivel de riesgo', '', 'Riesgo alto', 0, 1554675472),
(919, 1, 28, 'Amenaza-2', '', 'Alteración de la Información', 0, 1554675472),
(920, 1, 28, '2-Probabilidad', '', 'Frecuente', 0, 1554675472),
(921, 1, 28, '2-Impacto', '', 'Fuerte', 0, 1554675472),
(922, 1, 28, '2-Nivel de riesgo', '', 'Riesgo alto', 0, 1554675472),
(923, 1, 28, 'Amenaza-3', '', 'Desviaciones en la calidad del servicio', 0, 1554675472),
(924, 1, 28, '3-Probabilidad', '', 'Moderado', 0, 1554675472),
(925, 1, 28, '3-Impacto', '', 'Notable', 0, 1554675472),
(926, 1, 28, '3-Nivel de riesgo', '', 'Riesgo moderado', 0, 1554675473),
(927, 1, 28, 'Amenaza-4', '', 'Controles inadecuados, faltantes o incompletos', 0, 1554675473),
(928, 1, 28, '4-Probabilidad', '', 'Frecuente', 0, 1554675473),
(929, 1, 28, '4-Impacto', '', 'Fuerte', 0, 1554675473),
(930, 1, 28, '4-Nivel de riesgo', '', 'Riesgo alto', 0, 1554675473),
(931, 1, 28, 'Amenaza-5', '', 'Errores o fallas técnicas de hardware', 0, 1554675473),
(932, 1, 28, '5-Probabilidad', '', 'Frecuente', 0, 1554675473),
(933, 1, 28, '5-Impacto', '', 'Fuerte', 0, 1554675473),
(934, 1, 28, '5-Nivel de riesgo', '', 'Riesgo alto', 0, 1554675473),
(935, 1, 28, 'Amenaza-6', '', 'Daño físico', 0, 1554675474),
(936, 1, 28, '6-Probabilidad', '', 'Frecuente', 0, 1554675474),
(937, 1, 28, '6-Impacto', '', 'Fuerte', 0, 1554675474),
(938, 1, 28, '6-Nivel de riesgo', '', 'Riesgo alto', 0, 1554675474),
(939, 1, 28, 'Amenaza-7', '', 'Corte de suministro eléctrico', 0, 1554675474),
(940, 1, 28, '7-Probabilidad', '', 'Moderado', 0, 1554675474),
(941, 1, 28, '7-Impacto', '', 'Fuerte', 0, 1554675474),
(942, 1, 28, '7-Nivel de riesgo', '', 'Riesgo moderado', 0, 1554675474),
(943, 1, 29, 'Amenaza-1', '', 'Denegación de Servicios (DoS)', 0, 1554675645),
(944, 1, 29, '1-Probabilidad', '', 'Frecuente', 0, 1554675645),
(945, 1, 29, '1-Impacto', '', 'Fuerte', 0, 1554675645),
(946, 1, 29, '1-Nivel de riesgo', '', 'Riesgo alto', 0, 1554675645),
(947, 1, 29, 'Amenaza-2', '', 'Alteración de la Información', 0, 1554675645),
(948, 1, 29, '2-Probabilidad', '', 'Frecuente', 0, 1554675645),
(949, 1, 29, '2-Impacto', '', 'Fuerte', 0, 1554675645),
(950, 1, 29, '2-Nivel de riesgo', '', 'Riesgo alto', 0, 1554675645),
(951, 1, 29, 'Amenaza-3', '', 'Desviaciones en la calidad del servicio', 0, 1554675645),
(952, 1, 29, '3-Probabilidad', '', 'Moderado', 0, 1554675646),
(953, 1, 29, '3-Impacto', '', 'Notable', 0, 1554675646),
(954, 1, 29, '3-Nivel de riesgo', '', 'Riesgo moderado', 0, 1554675646),
(955, 1, 29, 'Amenaza-4', '', 'Controles inadecuados, faltantes o incompletos', 0, 1554675646),
(956, 1, 29, '4-Probabilidad', '', 'Frecuente', 0, 1554675646),
(957, 1, 29, '4-Impacto', '', 'Fuerte', 0, 1554675646),
(958, 1, 29, '4-Nivel de riesgo', '', 'Riesgo alto', 0, 1554675646),
(959, 1, 29, 'Amenaza-5', '', 'Errores o fallas técnicas de hardware', 0, 1554675646),
(960, 1, 29, '5-Probabilidad', '', 'Moderado', 0, 1554675646),
(961, 1, 29, '5-Impacto', '', 'Fuerte', 0, 1554675646),
(962, 1, 29, '5-Nivel de riesgo', '', 'Riesgo moderado', 0, 1554675646),
(963, 1, 29, 'Amenaza-6', '', 'Daño físico', 0, 1554675646),
(964, 1, 29, '6-Probabilidad', '', 'Moderado', 0, 1554675646),
(965, 1, 29, '6-Impacto', '', 'Fuerte', 0, 1554675647),
(966, 1, 29, '6-Nivel de riesgo', '', 'Riesgo moderado', 0, 1554675647),
(967, 1, 29, 'Amenaza-7', '', 'Corte de suministro eléctrico', 0, 1554675647),
(968, 1, 29, '7-Probabilidad', '', 'Moderado', 0, 1554675647),
(969, 1, 29, '7-Impacto', '', 'Fuerte', 0, 1554675647),
(970, 1, 29, '7-Nivel de riesgo', '', 'Riesgo moderado', 0, 1554675647),
(971, 1, 30, 'Amenaza-1', '', 'Robo de información', 0, 1554675736),
(972, 1, 30, '1-Probabilidad', '', 'Moderado', 0, 1554675736),
(973, 1, 30, '1-Impacto', '', 'Fuerte', 0, 1554675736),
(974, 1, 30, '1-Nivel de riesgo', '', 'Riesgo moderado', 0, 1554675736),
(975, 1, 30, 'Amenaza-2', '', 'Extorsión de información ', 0, 1554675736),
(976, 1, 30, '2-Probabilidad', '', 'Moderado', 0, 1554675736),
(977, 1, 30, '2-Impacto', '', 'Fuerte', 0, 1554675736),
(978, 1, 30, '2-Nivel de riesgo', '', 'Riesgo moderado', 0, 1554675736),
(979, 1, 30, 'Amenaza-3', '', 'Errores o fallas técnicas de hardware', 0, 1554675736),
(980, 1, 30, '3-Probabilidad', '', 'Moderado', 0, 1554675736),
(981, 1, 30, '3-Impacto', '', 'Fuerte', 0, 1554675737),
(982, 1, 30, '3-Nivel de riesgo', '', 'Riesgo moderado', 0, 1554675737),
(983, 1, 30, 'Amenaza-4', '', 'Caída de sistema', 0, 1554675737),
(984, 1, 30, '4-Probabilidad', '', 'Moderado', 0, 1554675737),
(985, 1, 30, '4-Impacto', '', 'Fuerte', 0, 1554675737),
(986, 1, 30, '4-Nivel de riesgo', '', 'Riesgo moderado', 0, 1554675737),
(987, 1, 31, 'Amenaza-1', '', 'Fraudes basados en el uso de computadores', 0, 1554675845),
(988, 1, 31, '1-Probabilidad', '', 'Moderado', 0, 1554675845),
(989, 1, 31, '1-Impacto', '', 'Fuerte', 0, 1554675845),
(990, 1, 31, '1-Nivel de riesgo', '', 'Riesgo moderado', 0, 1554675845),
(991, 1, 31, 'Amenaza-2', '', 'Divulgación de Información', 0, 1554675845),
(992, 1, 31, '2-Probabilidad', '', 'Frecuente', 0, 1554675845),
(993, 1, 31, '2-Impacto', '', 'Muy fuerte', 0, 1554675845),
(994, 1, 31, '2-Nivel de riesgo', '', 'Riesgo extremo', 0, 1554675846),
(995, 1, 31, 'Amenaza-3', '', 'Desastres Naturales', 0, 1554675846),
(996, 1, 31, '3-Probabilidad', '', 'Improbable', 0, 1554675846),
(997, 1, 31, '3-Impacto', '', 'Muy fuerte', 0, 1554675846),
(998, 1, 31, '3-Nivel de riesgo', '', 'Riesgo moderado', 0, 1554675846),
(999, 1, 31, 'Amenaza-4', '', 'Extorsión de información ', 0, 1554675846),
(1000, 1, 31, '4-Probabilidad', '', 'Moderado', 0, 1554675846),
(1001, 1, 31, '4-Impacto', '', 'Fuerte', 0, 1554675846),
(1002, 1, 31, '4-Nivel de riesgo', '', 'Riesgo moderado', 0, 1554675846),
(1003, 1, 31, 'Amenaza-5', '', 'Sabotaje, vandalismo', 0, 1554675846),
(1004, 1, 31, '5-Probabilidad', '', 'Moderado', 0, 1554675846),
(1005, 1, 31, '5-Impacto', '', 'Fuerte', 0, 1554675846),
(1006, 1, 31, '5-Nivel de riesgo', '', 'Riesgo moderado', 0, 1554675846),
(1007, 1, 32, 'Amenaza-1', '', 'Desviaciones en la calidad del servicio', 0, 1554675981),
(1008, 1, 32, '1-Probabilidad', '', 'Frecuente', 0, 1554675981),
(1009, 1, 32, '1-Impacto', '', 'Fuerte', 0, 1554675981),
(1010, 1, 32, '1-Nivel de riesgo', '', 'Riesgo alto', 0, 1554675981),
(1011, 1, 32, 'Amenaza-2', '', 'Controles inadecuados, faltantes o incompletos', 0, 1554675981),
(1012, 1, 32, '2-Probabilidad', '', 'Frecuente', 0, 1554675981),
(1013, 1, 32, '2-Impacto', '', 'Fuerte', 0, 1554675981),
(1014, 1, 32, '2-Nivel de riesgo', '', 'Riesgo alto', 0, 1554675981),
(1015, 1, 32, 'Amenaza-3', '', 'Daño físico', 0, 1554675981),
(1016, 1, 32, '3-Probabilidad', '', 'Frecuente', 0, 1554675981),
(1017, 1, 32, '3-Impacto', '', 'Fuerte', 0, 1554675982),
(1018, 1, 32, '3-Nivel de riesgo', '', 'Riesgo alto', 0, 1554675982),
(1019, 1, 32, 'Amenaza-4', '', 'Condiciones inadecuadas de temperatura y humedad', 0, 1554675982),
(1020, 1, 32, '4-Probabilidad', '', 'Moderado', 0, 1554675982),
(1021, 1, 32, '4-Impacto', '', 'Notable', 0, 1554675982),
(1022, 1, 32, '4-Nivel de riesgo', '', 'Riesgo moderado', 0, 1554675982),
(1023, 1, 32, 'Amenaza-5', '', 'Corte de suministro eléctrico', 0, 1554675982),
(1024, 1, 32, '5-Probabilidad', '', 'Moderado', 0, 1554675982),
(1025, 1, 32, '5-Impacto', '', 'Fuerte', 0, 1554675982),
(1026, 1, 32, '5-Nivel de riesgo', '', 'Riesgo moderado', 0, 1554675982),
(1027, 1, 33, 'Amenaza-1', '', 'Desviaciones en la calidad del servicio', 0, 1554676254),
(1028, 1, 33, '1-Probabilidad', '', 'Frecuente', 0, 1554676254),
(1029, 1, 33, '1-Impacto', '', 'Fuerte', 0, 1554676254),
(1030, 1, 33, '1-Nivel de riesgo', '', 'Riesgo alto', 0, 1554676255),
(1031, 1, 33, 'Amenaza-2', '', 'Controles inadecuados, faltantes o incompletos', 0, 1554676255),
(1032, 1, 33, '2-Probabilidad', '', 'Frecuente', 0, 1554676255),
(1033, 1, 33, '2-Impacto', '', 'Fuerte', 0, 1554676255),
(1034, 1, 33, '2-Nivel de riesgo', '', 'Riesgo alto', 0, 1554676255),
(1035, 1, 33, 'Amenaza-3', '', 'Daño físico', 0, 1554676255),
(1036, 1, 33, '3-Probabilidad', '', 'Frecuente', 0, 1554676255),
(1037, 1, 33, '3-Impacto', '', 'Fuerte', 0, 1554676255),
(1038, 1, 33, '3-Nivel de riesgo', '', 'Riesgo alto', 0, 1554676255),
(1039, 1, 33, 'Amenaza-4', '', 'Condiciones inadecuadas de temperatura y humedad', 0, 1554676255),
(1040, 1, 33, '4-Probabilidad', '', 'Moderado', 0, 1554676255),
(1041, 1, 33, '4-Impacto', '', 'Notable', 0, 1554676255),
(1042, 1, 33, '4-Nivel de riesgo', '', 'Riesgo moderado', 0, 1554676256),
(1043, 1, 33, 'Amenaza-5', '', 'Corte de suministro eléctrico', 0, 1554676256),
(1044, 1, 33, '5-Probabilidad', '', 'Moderado', 0, 1554676256),
(1045, 1, 33, '5-Impacto', '', 'Fuerte', 0, 1554676256),
(1046, 1, 33, '5-Nivel de riesgo', '', 'Riesgo moderado', 0, 1554676256),
(1047, 1, 34, 'Amenaza-1', '', 'Acceso no autorizado', 0, 1554676435),
(1048, 1, 34, '1-Probabilidad', '', 'Moderado', 0, 1554676435),
(1049, 1, 34, '1-Impacto', '', 'Fuerte', 0, 1554676435),
(1050, 1, 34, '1-Nivel de riesgo', '', 'Riesgo moderado', 0, 1554676436),
(1051, 1, 34, 'Amenaza-2', '', 'Robo de información', 0, 1554676436),
(1052, 1, 34, '2-Probabilidad', '', 'Moderado', 0, 1554676436),
(1053, 1, 34, '2-Impacto', '', 'Muy fuerte', 0, 1554676436),
(1054, 1, 34, '2-Nivel de riesgo', '', 'Riesgo alto', 0, 1554676436),
(1055, 1, 34, 'Amenaza-3', '', 'Divulgación de Información', 0, 1554676436),
(1056, 1, 34, '3-Probabilidad', '', 'Frecuente', 0, 1554676436),
(1057, 1, 34, '3-Impacto', '', 'Muy fuerte', 0, 1554676436),
(1058, 1, 34, '3-Nivel de riesgo', '', 'Riesgo extremo', 0, 1554676436),
(1059, 1, 34, 'Amenaza-4', '', 'Errores o fallas técnicas de hardware', 0, 1554676436),
(1060, 1, 34, '4-Probabilidad', '', 'Constante', 0, 1554676436),
(1061, 1, 34, '4-Impacto', '', 'Fuerte', 0, 1554676437),
(1062, 1, 34, '4-Nivel de riesgo', '', 'Riesgo extremo', 0, 1554676437),
(1063, 1, 34, 'Amenaza-5', '', 'Errores o fallas técnicas de software', 0, 1554676437),
(1064, 1, 34, '5-Probabilidad', '', 'Frecuente', 0, 1554676437),
(1065, 1, 34, '5-Impacto', '', 'Fuerte', 0, 1554676437),
(1066, 1, 34, '5-Nivel de riesgo', '', 'Riesgo alto', 0, 1554676437),
(1067, 1, 34, 'Amenaza-6', '', 'Daño físico', 0, 1554676437),
(1068, 1, 34, '6-Probabilidad', '', 'Moderado', 0, 1554676437),
(1069, 1, 34, '6-Impacto', '', 'Fuerte', 0, 1554676437),
(1070, 1, 34, '6-Nivel de riesgo', '', 'Riesgo moderado', 0, 1554676437),
(1071, 1, 34, 'Amenaza-7', '', 'Caída de sistema', 0, 1554676437),
(1072, 1, 34, '7-Probabilidad', '', 'Moderado', 0, 1554676437),
(1073, 1, 34, '7-Impacto', '', 'Muy fuerte', 0, 1554676438),
(1074, 1, 34, '7-Nivel de riesgo', '', 'Riesgo alto', 0, 1554676438),
(1075, 1, 35, 'Amenaza-1', '', 'Desviaciones en la calidad del servicio', 0, 1554676582),
(1076, 1, 35, '1-Probabilidad', '', 'Moderado', 0, 1554676582),
(1077, 1, 35, '1-Impacto', '', 'Fuerte', 0, 1554676582),
(1078, 1, 35, '1-Nivel de riesgo', '', 'Riesgo moderado', 0, 1554676582),
(1079, 1, 35, 'Amenaza-2', '', 'Controles inadecuados, faltantes o incompletos', 0, 1554676582),
(1080, 1, 35, '2-Probabilidad', '', 'Frecuente', 0, 1554676582),
(1081, 1, 35, '2-Impacto', '', 'Fuerte', 0, 1554676582),
(1082, 1, 35, '2-Nivel de riesgo', '', 'Riesgo alto', 0, 1554676582),
(1083, 1, 35, 'Amenaza-3', '', 'Errores o fallas técnicas de hardware', 0, 1554676582),
(1084, 1, 35, '3-Probabilidad', '', 'Frecuente', 0, 1554676582),
(1085, 1, 35, '3-Impacto', '', 'Muy fuerte', 0, 1554676583),
(1086, 1, 35, '3-Nivel de riesgo', '', 'Riesgo extremo', 0, 1554676583),
(1087, 1, 35, 'Amenaza-4', '', 'Caída de sistema', 0, 1554676583),
(1088, 1, 35, '4-Probabilidad', '', 'Moderado', 0, 1554676583),
(1089, 1, 35, '4-Impacto', '', 'Muy fuerte', 0, 1554676583),
(1090, 1, 35, '4-Nivel de riesgo', '', 'Riesgo alto', 0, 1554676583),
(1091, 1, 36, 'Amenaza-1', '', 'Acceso no autorizado', 0, 1554676812),
(1092, 1, 36, '1-Probabilidad', '', 'Moderado', 0, 1554676812),
(1093, 1, 36, '1-Impacto', '', 'Muy fuerte', 0, 1554676812),
(1094, 1, 36, '1-Nivel de riesgo', '', 'Riesgo alto', 0, 1554676812),
(1095, 1, 36, 'Amenaza-2', '', 'Desastres Naturales', 0, 1554676812),
(1096, 1, 36, '2-Probabilidad', '', 'Improbable', 0, 1554676812),
(1097, 1, 36, '2-Impacto', '', 'Muy fuerte', 0, 1554676812),
(1098, 1, 36, '2-Nivel de riesgo', '', 'Riesgo moderado', 0, 1554676812),
(1099, 1, 36, 'Amenaza-3', '', 'Desviaciones en la calidad del servicio', 0, 1554676812),
(1100, 1, 36, '3-Probabilidad', '', 'Moderado', 0, 1554676813),
(1101, 1, 36, '3-Impacto', '', 'Fuerte', 0, 1554676813),
(1102, 1, 36, '3-Nivel de riesgo', '', 'Riesgo moderado', 0, 1554676813),
(1103, 1, 36, 'Amenaza-4', '', 'Controles inadecuados, faltantes o incompletos', 0, 1554676813),
(1104, 1, 36, '4-Probabilidad', '', 'Frecuente', 0, 1554676813),
(1105, 1, 36, '4-Impacto', '', 'Fuerte', 0, 1554676813),
(1106, 1, 36, '4-Nivel de riesgo', '', 'Riesgo alto', 0, 1554676813),
(1107, 1, 36, 'Amenaza-5', '', 'Errores o fallas técnicas de hardware', 0, 1554676813),
(1108, 1, 36, '5-Probabilidad', '', 'Frecuente', 0, 1554676813),
(1109, 1, 36, '5-Impacto', '', 'Muy fuerte', 0, 1554676813),
(1110, 1, 36, '5-Nivel de riesgo', '', 'Riesgo extremo', 0, 1554676813),
(1111, 1, 36, 'Amenaza-6', '', 'Obsolescencia tecnológica', 0, 1554676813),
(1112, 1, 36, '6-Probabilidad', '', 'Frecuente', 0, 1554676813),
(1113, 1, 36, '6-Impacto', '', 'Fuerte', 0, 1554676814),
(1114, 1, 36, '6-Nivel de riesgo', '', 'Riesgo alto', 0, 1554676814),
(1115, 1, 36, 'Amenaza-7', '', 'Sabotaje, vandalismo', 0, 1554676814),
(1116, 1, 36, '7-Probabilidad', '', 'Moderado', 0, 1554676814),
(1117, 1, 36, '7-Impacto', '', 'Fuerte', 0, 1554676814),
(1118, 1, 36, '7-Nivel de riesgo', '', 'Riesgo moderado', 0, 1554676814),
(1119, 1, 36, 'Amenaza-8', '', 'Daño físico', 0, 1554676814),
(1120, 1, 36, '8-Probabilidad', '', 'Moderado', 0, 1554676814),
(1121, 1, 36, '8-Impacto', '', 'Muy fuerte', 0, 1554676814),
(1122, 1, 36, '8-Nivel de riesgo', '', 'Riesgo alto', 0, 1554676814),
(1123, 1, 36, 'Amenaza-9', '', 'Condiciones inadecuadas de temperatura y humedad', 0, 1554676815),
(1124, 1, 36, '9-Probabilidad', '', 'Moderado', 0, 1554676815),
(1125, 1, 36, '9-Impacto', '', 'Fuerte', 0, 1554676815),
(1126, 1, 36, '9-Nivel de riesgo', '', 'Riesgo moderado', 0, 1554676815),
(1127, 1, 36, 'Amenaza-10', '', 'Corte de suministro eléctrico', 0, 1554676815),
(1128, 1, 36, '10-Probabilidad', '', 'Moderado', 0, 1554676815),
(1129, 1, 36, '10-Impacto', '', 'Muy fuerte', 0, 1554676815),
(1130, 1, 36, '10-Nivel de riesgo', '', 'Riesgo alto', 0, 1554676815),
(1131, 1, 37, 'Amenaza-1', '', 'Desastres Naturales', 0, 1554677112),
(1132, 1, 37, '1-Probabilidad', '', 'Moderado', 0, 1554677112),
(1133, 1, 37, '1-Impacto', '', 'Muy fuerte', 0, 1554677112),
(1134, 1, 37, '1-Nivel de riesgo', '', 'Riesgo alto', 0, 1554677112),
(1135, 1, 37, 'Amenaza-2', '', 'Controles inadecuados, faltantes o incompletos', 0, 1554677112),
(1136, 1, 37, '2-Probabilidad', '', 'Frecuente', 0, 1554677112),
(1137, 1, 37, '2-Impacto', '', 'Fuerte', 0, 1554677112),
(1138, 1, 37, '2-Nivel de riesgo', '', 'Riesgo alto', 0, 1554677113),
(1139, 1, 37, 'Amenaza-3', '', 'Daño físico', 0, 1554677113),
(1140, 1, 37, '3-Probabilidad', '', 'Moderado', 0, 1554677113),
(1141, 1, 37, '3-Impacto', '', 'Muy fuerte', 0, 1554677113),
(1142, 1, 37, '3-Nivel de riesgo', '', 'Riesgo alto', 0, 1554677113),
(1143, 1, 37, 'Amenaza-4', '', 'Condiciones inadecuadas de temperatura y humedad', 0, 1554677113),
(1144, 1, 37, '4-Probabilidad', '', 'Moderado', 0, 1554677113),
(1145, 1, 37, '4-Impacto', '', 'Fuerte', 0, 1554677113),
(1146, 1, 37, '4-Nivel de riesgo', '', 'Riesgo moderado', 0, 1554677113),
(1147, 1, 37, 'Amenaza-5', '', 'Corte de suministro eléctrico', 0, 1554677113),
(1148, 1, 37, '5-Probabilidad', '', 'Moderado', 0, 1554677114),
(1149, 1, 37, '5-Impacto', '', 'Fuerte', 0, 1554677114),
(1150, 1, 37, '5-Nivel de riesgo', '', 'Riesgo alto', 0, 1554677114),
(1151, 1, 38, 'Amenaza-1', '', 'Desastres Naturales', 0, 1554677245),
(1152, 1, 38, '1-Probabilidad', '', 'Moderado', 0, 1554677245),
(1153, 1, 38, '1-Impacto', '', 'Muy fuerte', 0, 1554677245),
(1154, 1, 38, '1-Nivel de riesgo', '', 'Riesgo alto', 0, 1554677245),
(1155, 1, 38, 'Amenaza-2', '', 'Controles inadecuados, faltantes o incompletos', 0, 1554677245),
(1156, 1, 38, '2-Probabilidad', '', 'Frecuente', 0, 1554677245),
(1157, 1, 38, '2-Impacto', '', 'Fuerte', 0, 1554677245),
(1158, 1, 38, '2-Nivel de riesgo', '', 'Riesgo alto', 0, 1554677245),
(1159, 1, 38, 'Amenaza-3', '', 'Daño físico', 0, 1554677245),
(1160, 1, 38, '3-Probabilidad', '', 'Moderado', 0, 1554677245),
(1161, 1, 38, '3-Impacto', '', 'Muy fuerte', 0, 1554677246),
(1162, 1, 38, '3-Nivel de riesgo', '', 'Riesgo alto', 0, 1554677246),
(1163, 1, 38, 'Amenaza-4', '', 'Condiciones inadecuadas de temperatura y humedad', 0, 1554677246),
(1164, 1, 38, '4-Probabilidad', '', 'Moderado', 0, 1554677246),
(1165, 1, 38, '4-Impacto', '', 'Fuerte', 0, 1554677246),
(1166, 1, 38, '4-Nivel de riesgo', '', 'Riesgo moderado', 0, 1554677246),
(1167, 1, 38, 'Amenaza-5', '', 'Corte de suministro eléctrico', 0, 1554677246),
(1168, 1, 38, '5-Probabilidad', '', 'Frecuente', 0, 1554677246),
(1169, 1, 38, '5-Impacto', '', 'Fuerte', 0, 1554677246),
(1170, 1, 38, '5-Nivel de riesgo', '', 'Riesgo alto', 0, 1554677246),
(1171, 1, 39, '', '', '', 1, 1554677722),
(1172, 1, 39, '', '4', '', 6, 1554677795),
(1173, 1, 40, '', '', '', 1, 1554677900),
(1174, 1, 41, '', '', '', 1, 1554677977),
(1175, 1, 42, '', '', '', 1, 1554678030),
(1176, 1, 43, '', '', '', 1, 1554678086),
(1177, 1, 44, '', '', '', 1, 1554678173),
(1178, 1, 45, '', '', '', 1, 1554678253),
(1179, 1, 46, '', '', '', 1, 1554678305),
(1180, 1, 47, '', '', '', 1, 1554678358),
(1181, 1, 48, '', '', '', 1, 1554678400),
(1182, 1, 49, '', '', '', 1, 1554678440),
(1183, 1, 50, '', '', '', 1, 1554678499),
(1184, 1, 51, '', '', '', 1, 1554678544),
(1185, 1, 40, 'category', '(Sin categoría)', 'Políticas', 0, 1554686816),
(1186, 1, 39, 'category', '(Sin categoría)', 'Políticas', 0, 1554686817),
(1187, 2, 38, 'project_id', '3', '2', 0, 1554687005),
(1188, 2, 37, 'project_id', '3', '2', 0, 1554687005),
(1189, 2, 36, 'project_id', '3', '2', 0, 1554687006),
(1190, 2, 35, 'project_id', '3', '2', 0, 1554687006),
(1191, 2, 34, 'project_id', '3', '2', 0, 1554687006),
(1192, 2, 33, 'project_id', '3', '2', 0, 1554687007),
(1193, 2, 32, 'project_id', '3', '2', 0, 1554687007),
(1194, 2, 31, 'project_id', '3', '2', 0, 1554687007),
(1195, 2, 30, 'project_id', '3', '2', 0, 1554687007),
(1196, 2, 29, 'project_id', '3', '2', 0, 1554687007),
(1197, 2, 28, 'project_id', '3', '2', 0, 1554687008),
(1198, 2, 27, 'project_id', '3', '2', 0, 1554687008),
(1199, 2, 26, 'project_id', '3', '2', 0, 1554687008),
(1200, 2, 25, 'project_id', '3', '2', 0, 1554687009),
(1201, 2, 24, 'project_id', '3', '2', 0, 1554687009),
(1202, 2, 23, 'project_id', '3', '2', 0, 1554687009),
(1203, 2, 22, 'project_id', '3', '2', 0, 1554687009),
(1204, 2, 21, 'project_id', '3', '2', 0, 1554687010),
(1205, 2, 20, 'project_id', '3', '2', 0, 1554687010),
(1206, 2, 19, 'project_id', '3', '2', 0, 1554687010),
(1207, 2, 18, 'project_id', '3', '2', 0, 1554687010),
(1208, 2, 17, 'project_id', '3', '2', 0, 1554687011),
(1209, 2, 16, 'project_id', '3', '2', 0, 1554687011),
(1210, 2, 15, 'project_id', '3', '2', 0, 1554687011),
(1211, 2, 14, 'project_id', '3', '2', 0, 1554687011),
(1212, 2, 13, 'project_id', '3', '2', 0, 1554687012),
(1213, 2, 12, 'project_id', '3', '2', 0, 1554687012),
(1214, 2, 11, 'project_id', '3', '2', 0, 1554687012),
(1215, 2, 10, 'project_id', '3', '2', 0, 1554687012),
(1216, 2, 9, 'project_id', '3', '2', 0, 1554687013),
(1217, 2, 8, 'project_id', '3', '2', 0, 1554687013),
(1218, 2, 4, 'project_id', '3', '2', 0, 1554687013),
(1219, 2, 7, 'project_id', '3', '2', 0, 1554687014),
(1220, 2, 6, 'project_id', '3', '2', 0, 1554687014),
(1221, 2, 5, 'project_id', '3', '2', 0, 1554687014),
(1222, 2, 3, 'project_id', '3', '2', 0, 1554687014),
(1223, 2, 2, 'project_id', '3', '2', 0, 1554687014),
(1224, 1, 2, 'project_id', '2', '3', 0, 1554865610),
(1225, 1, 2, 'project_id', '3', '2', 0, 1554865817),
(1226, 1, 1, 'summary', 'P01. Estructura organizacional de seguridad de la información', 'Estructura organizacional de seguridad de la información', 0, 1554866219),
(1227, 1, 1, 'Código política', '', 'PO1', 0, 1554866219),
(1228, 1, 39, 'summary', 'P02. Uso de dispositivos móviles', 'Uso de dispositivos móviles', 0, 1554866239),
(1229, 1, 39, 'Código política', '', 'PO2', 0, 1554866239),
(1230, 1, 40, 'summary', 'P03. Seguridad relativa a los recursos humanos', 'Seguridad relativa a los recursos humanos', 0, 1554866258),
(1231, 1, 40, 'Código política', '', 'PO3', 0, 1554866258),
(1232, 1, 41, 'summary', 'P04. Gestión y uso de activos de información', 'Gestión y uso de activos de información', 0, 1554866283),
(1233, 1, 41, 'Código política', '', 'P04', 0, 1554866284),
(1234, 1, 42, 'summary', 'P05. Control de acceso', 'Control de acceso', 0, 1554866302),
(1235, 1, 42, 'Código política', '', 'P05', 0, 1554866303),
(1236, 1, 43, 'summary', 'P06. Criptografía', 'Criptografía', 0, 1554866335),
(1237, 1, 43, 'Código política', '', 'P06', 0, 1554866335),
(1238, 1, 44, 'summary', 'P07. Seguridad física y del entorno', 'Seguridad física y del entorno', 0, 1554866355),
(1239, 1, 44, 'Código política', '', 'P07', 0, 1554866355),
(1240, 1, 45, 'summary', 'P08. Seguridad de las operaciones', 'Seguridad de las operaciones', 0, 1554866373),
(1241, 1, 45, 'Código política', '', 'P08', 0, 1554866373),
(1242, 1, 46, 'summary', 'P09. Seguridad de las comunicaciones', 'Seguridad de las comunicaciones', 0, 1554866392),
(1243, 1, 46, 'Código política', '', 'P09', 0, 1554866392),
(1244, 1, 47, 'summary', 'P10. Seguridad en los sistemas de información', 'Seguridad en los sistemas de información', 0, 1554866414),
(1245, 1, 47, 'Código política', '', 'P10', 0, 1554866414),
(1246, 1, 48, 'summary', 'P11. Relación con proveedores', 'Relación con proveedores', 0, 1554866435),
(1247, 1, 48, 'Código política', '', 'P11', 0, 1554866435),
(1248, 1, 49, 'summary', 'P12. Gestión de incidentes de la seguridad de la información', 'Gestión de incidentes de la seguridad de la información', 0, 1554866462),
(1249, 1, 49, 'Código política', '', 'P12', 0, 1554866462),
(1250, 1, 50, 'summary', 'P13. Continuidad del negocio', 'Continuidad del negocio', 0, 1554866492),
(1251, 1, 50, 'Código política', '', 'P13', 0, 1554866492),
(1252, 1, 51, 'summary', 'P14. Cumplimiento', 'Cumplimiento', 0, 1554866513),
(1253, 1, 51, 'Código política', '', 'P14', 0, 1554866513),
(1254, 1, 2, 'project_id', '2', '3', 0, 1557010819),
(1255, 3, 2, 'project_id', '3', '2', 0, 1557062048),
(1256, 2, 37, 'project_id', '2', '1', 0, 1557064740),
(1257, 2, 37, 'category', 'Activos', 'General', 0, 1557064740),
(1258, 2, 37, 'project_id', '1', '2', 0, 1557064766),
(1259, 2, 38, 'project_id', '2', '3', 0, 1557065433),
(1260, 2, 38, 'project_id', '3', '2', 0, 1557065447),
(1270, 2, 38, 'project_id', '2', '3', 0, 1557074161),
(1271, 2, 38, 'project_id', '3', '2', 0, 1557074173),
(1272, 1, 37, 'category', 'General', 'Activos', 0, 1557077572),
(1273, 1, 37, 'Tipo de activo', 'Instalaciones', '|Instalaciones|', 0, 1557077572),
(1274, 1, 37, 'Criterio confidencialidad', 'Medio', '|Medio|', 0, 1557077573),
(1275, 1, 37, 'Criterio integridad', 'Medio', '|Medio|', 0, 1557077573),
(1276, 1, 37, 'Criterio disponibilidad', 'Alto', '|Alto|', 0, 1557077573),
(1277, 1, 37, 'status', '10', '30', 0, 1557077859),
(1278, 1, 38, 'status', '10', '30', 0, 1557077859),
(1279, 1, 2, 'status', '10', '30', 0, 1557077859),
(1280, 2, 38, 'project_id', '2', '3', 0, 1557079055),
(1281, 2, 37, 'project_id', '2', '3', 0, 1557079055),
(1282, 2, 2, 'project_id', '2', '3', 0, 1557079055),
(1283, 1, 1, 'status', '10', '30', 0, 1557080093),
(1284, 1, 39, 'status', '10', '30', 0, 1557080093),
(1285, 1, 40, 'status', '10', '30', 0, 1557080093),
(1286, 3, 38, 'project_id', '3', '2', 0, 1557081365),
(1287, 3, 37, 'project_id', '3', '2', 0, 1557081365),
(1288, 3, 2, 'project_id', '3', '2', 0, 1557081366),
(1289, 3, 2, 'project_id', '2', '3', 0, 1557081933),
(1290, 3, 38, 'project_id', '2', '3', 0, 1557081933),
(1291, 3, 37, 'project_id', '2', '3', 0, 1557081934),
(1292, 3, 38, 'project_id', '3', '2', 0, 1557082334),
(1293, 3, 37, 'project_id', '3', '2', 0, 1557082334),
(1294, 3, 2, 'project_id', '3', '2', 0, 1557082335),
(1295, 1, 52, '', '', '', 1, 1559188523),
(1296, 1, 52, 'status', '10', '50', 0, 1559188698),
(1297, 1, 52, 'handler_id', '0', '3', 0, 1559188698),
(1298, 3, 52, '', '0000001', '', 2, 1559188891),
(1299, 3, 52, 'Política', '', ' P05. Control de acceso ', 0, 1559188932),
(1300, 1, 40, 'Código política', 'PO3', 'P03', 0, 1559337265),
(1301, 1, 39, 'Código política', 'PO2', 'P02', 0, 1559337281),
(1302, 1, 1, 'Código política', 'PO1', 'P01', 0, 1559337293),
(1303, 1, 52, 'sticky', '0', '1', 0, 1559337645),
(1304, 1, 52, 'status', '50', '80', 0, 1559337660),
(1305, 1, 52, 'Política', ' P05. Control de acceso ', '| P05. Control de acceso |', 0, 1559337660),
(1306, 1, 53, '', '', '', 1, 1559337725),
(1307, 1, 54, '', '', '', 1, 1559337754),
(1308, 1, 55, '', '', '', 1, 1559337766),
(1309, 1, 56, '', '', '', 1, 1559337781),
(1310, 1, 56, 'Política', '', '| P05. Control de acceso | P10. Seguridad en los sistemas de información |', 0, 1559337806),
(1311, 1, 56, '', '0000002', '', 2, 1559337833),
(1312, 1, 56, 'handler_id', '0', '3', 0, 1559337845),
(1313, 1, 56, 'status', '10', '50', 0, 1559337846),
(1314, 1, 57, '', '', '', 1, 1559337927),
(1315, 1, 58, '', '', '', 1, 1559337945),
(1316, 1, 59, '', '', '', 1, 1559337957),
(1317, 1, 60, '', '', '', 1, 1559337969),
(1318, 1, 61, '', '', '', 1, 1559337979),
(1319, 1, 53, 'priority', '30', '40', 0, 1559338022),
(1320, 1, 53, 'status', '10', '30', 0, 1559338022),
(1321, 1, 53, 'Política', '', '| P09. Seguridad de las comunicaciones |', 0, 1559338022),
(1322, 1, 53, '', '0000003', '', 2, 1559338023),
(1323, 1, 54, 'priority', '30', '40', 0, 1559338082),
(1324, 1, 54, 'status', '10', '40', 0, 1559338082),
(1325, 1, 54, 'Política', '', '| P05. Control de acceso | P10. Seguridad en los sistemas de información |', 0, 1559338082),
(1326, 1, 54, '', '0000004', '', 2, 1559338082),
(1327, 1, 55, 'Política', '', '| P05. Control de acceso | P06. Criptografía | P10. Seguridad en los sistemas de información | P13. Continuidad del negocio |', 0, 1559338117),
(1328, 1, 55, '', '0000005', '', 2, 1559338117),
(1329, 1, 57, 'status', '10', '20', 0, 1559338170),
(1330, 1, 57, 'Política', '', '| P04. Gestión y uso de activos de información | P07. Seguridad física y del entorno |', 0, 1559338170),
(1331, 1, 57, '', '0000006', '', 2, 1559338170),
(1332, 1, 58, 'Política', '', '| P05. Control de acceso | P11. Relación con proveedores |', 0, 1559338197),
(1333, 1, 59, 'category', '(Sin categoría)', 'Incidentes', 0, 1559338212),
(1334, 1, 60, 'category', '(Sin categoría)', 'Incidentes', 0, 1559338223),
(1335, 1, 61, 'category', '(Sin categoría)', 'Incidentes', 0, 1559338236),
(1336, 1, 58, 'status', '10', '20', 0, 1559338300),
(1337, 1, 58, 'Política', ' P05. Control de acceso | P11. Relación con proveedores ', '| P05. Control de acceso | P11. Relación con proveedores |', 0, 1559338301),
(1338, 1, 58, '', '0000007', '', 2, 1559338301),
(1339, 1, 58, 'handler_id', '0', '4', 0, 1559338306),
(1340, 1, 58, 'status', '20', '50', 0, 1559338306),
(1341, 1, 52, 'Política', ' P05. Control de acceso ', '| P05. Control de acceso |', 0, 1559338320),
(1342, 1, 52, 'sticky', '1', '', 0, 1559338324),
(1343, 1, 57, 'category', '(Sin categoría)', 'Incidentes', 0, 1559338339),
(1344, 1, 57, 'Política', ' P04. Gestión y uso de activos de información | P07. Seguridad física y del entorno ', '| P04. Gestión y uso de activos de información | P07. Seguridad física y del entorno |', 0, 1559338339),
(1345, 1, 58, 'category', '(Sin categoría)', 'Incidentes', 0, 1559338357),
(1346, 1, 58, 'Política', ' P05. Control de acceso | P11. Relación con proveedores ', '| P05. Control de acceso | P11. Relación con proveedores |', 0, 1559338357),
(1347, 1, 59, 'Política', '', '| P03. Seguridad relativa a los recursos humanos |', 0, 1559338485),
(1348, 1, 59, '', '0000008', '', 2, 1559338485),
(1349, 1, 60, 'Política', '', '| P05. Control de acceso | P09. Seguridad de las comunicaciones | P10. Seguridad en los sistemas de información |', 0, 1559338514),
(1350, 1, 60, '', '0000009', '', 2, 1559338514),
(1351, 1, 60, 'handler_id', '0', '3', 0, 1559338520),
(1352, 1, 60, 'status', '10', '50', 0, 1559338520),
(1353, 1, 60, '', '0000010', '', 2, 1559338539),
(1354, 1, 61, 'Política', '', '| P05. Control de acceso | P09. Seguridad de las comunicaciones |', 0, 1559338570),
(1355, 1, 61, '', '0000011', '', 2, 1559338570),
(1356, 1, 56, 'Política', ' P05. Control de acceso | P10. Seguridad en los sistemas de información ', '| P05. Control de acceso | P10. Seguridad en los sistemas de información |', 0, 1559338830);

-- --------------------------------------------------------

--
-- Estructura de tabla para la tabla `sgsi_bug_monitor_table`
--

CREATE TABLE `sgsi_bug_monitor_table` (
  `user_id` int(10) UNSIGNED NOT NULL DEFAULT '0',
  `bug_id` int(10) UNSIGNED NOT NULL DEFAULT '0'
) ENGINE=InnoDB DEFAULT CHARSET=utf8;

-- --------------------------------------------------------

--
-- Estructura de tabla para la tabla `sgsi_bug_relationship_table`
--

CREATE TABLE `sgsi_bug_relationship_table` (
  `id` int(10) UNSIGNED NOT NULL,
  `source_bug_id` int(10) UNSIGNED NOT NULL DEFAULT '0',
  `destination_bug_id` int(10) UNSIGNED NOT NULL DEFAULT '0',
  `relationship_type` smallint(6) NOT NULL DEFAULT '0'
) ENGINE=InnoDB DEFAULT CHARSET=utf8;

-- --------------------------------------------------------

--
-- Estructura de tabla para la tabla `sgsi_bug_revision_table`
--

CREATE TABLE `sgsi_bug_revision_table` (
  `id` int(10) UNSIGNED NOT NULL,
  `bug_id` int(10) UNSIGNED NOT NULL,
  `bugnote_id` int(10) UNSIGNED NOT NULL DEFAULT '0',
  `user_id` int(10) UNSIGNED NOT NULL,
  `type` int(10) UNSIGNED NOT NULL,
  `value` longtext NOT NULL,
  `timestamp` int(10) UNSIGNED NOT NULL DEFAULT '1'
) ENGINE=InnoDB DEFAULT CHARSET=utf8;

--
-- Volcado de datos para la tabla `sgsi_bug_revision_table`
--

INSERT INTO `sgsi_bug_revision_table` (`id`, `bug_id`, `bugnote_id`, `user_id`, `type`, `value`, `timestamp`) VALUES
(1, 1, 0, 1, 1, 'Esta politica blablabla', 1554042844),
(2, 1, 0, 1, 1, 'Política de seguridad de la información', 1554048328),
(3, 39, 0, 1, 1, '-', 1554677722),
(4, 39, 0, 1, 1, 'Política de seguridad de la información', 1554677795);

-- --------------------------------------------------------

--
-- Estructura de tabla para la tabla `sgsi_bug_table`
--

CREATE TABLE `sgsi_bug_table` (
  `id` int(10) UNSIGNED NOT NULL,
  `project_id` int(10) UNSIGNED NOT NULL DEFAULT '0',
  `reporter_id` int(10) UNSIGNED NOT NULL DEFAULT '0',
  `handler_id` int(10) UNSIGNED NOT NULL DEFAULT '0',
  `duplicate_id` int(10) UNSIGNED NOT NULL DEFAULT '0',
  `priority` smallint(6) NOT NULL DEFAULT '30',
  `severity` smallint(6) NOT NULL DEFAULT '50',
  `reproducibility` smallint(6) NOT NULL DEFAULT '10',
  `status` smallint(6) NOT NULL DEFAULT '10',
  `resolution` smallint(6) NOT NULL DEFAULT '10',
  `projection` smallint(6) NOT NULL DEFAULT '10',
  `eta` smallint(6) NOT NULL DEFAULT '10',
  `bug_text_id` int(10) UNSIGNED NOT NULL DEFAULT '0',
  `os` varchar(32) NOT NULL DEFAULT '',
  `os_build` varchar(32) NOT NULL DEFAULT '',
  `platform` varchar(32) NOT NULL DEFAULT '',
  `version` varchar(64) NOT NULL DEFAULT '',
  `fixed_in_version` varchar(64) NOT NULL DEFAULT '',
  `build` varchar(32) NOT NULL DEFAULT '',
  `profile_id` int(10) UNSIGNED NOT NULL DEFAULT '0',
  `view_state` smallint(6) NOT NULL DEFAULT '10',
  `summary` varchar(128) NOT NULL DEFAULT '',
  `sponsorship_total` int(11) NOT NULL DEFAULT '0',
  `sticky` tinyint(4) NOT NULL DEFAULT '0',
  `target_version` varchar(64) NOT NULL DEFAULT '',
  `category_id` int(10) UNSIGNED NOT NULL DEFAULT '1',
  `date_submitted` int(10) UNSIGNED NOT NULL DEFAULT '1',
  `due_date` int(10) UNSIGNED NOT NULL DEFAULT '1',
  `last_updated` int(10) UNSIGNED NOT NULL DEFAULT '1'
) ENGINE=InnoDB DEFAULT CHARSET=utf8;

--
-- Volcado de datos para la tabla `sgsi_bug_table`
--

INSERT INTO `sgsi_bug_table` (`id`, `project_id`, `reporter_id`, `handler_id`, `duplicate_id`, `priority`, `severity`, `reproducibility`, `status`, `resolution`, `projection`, `eta`, `bug_text_id`, `os`, `os_build`, `platform`, `version`, `fixed_in_version`, `build`, `profile_id`, `view_state`, `summary`, `sponsorship_total`, `sticky`, `target_version`, `category_id`, `date_submitted`, `due_date`, `last_updated`) VALUES
(1, 1, 1, 0, 0, 30, 50, 70, 30, 10, 10, 10, 1, '', '', '', '', '', '', 0, 10, 'Estructura organizacional de seguridad de la información', 0, 0, '', 4, 1554042844, 1, 1559337293),
(2, 2, 1, 0, 0, 30, 50, 70, 30, 10, 10, 10, 2, '', '', '', '', '', '', 0, 10, 'Servidores', 0, 0, '', 3, 1554049162, 1, 1557082335),
(3, 2, 1, 0, 0, 30, 50, 70, 10, 10, 10, 10, 3, '', '', '', '', '', '', 0, 10, 'PC', 0, 0, '', 3, 1554081961, 1, 1554687014),
(4, 2, 1, 0, 0, 30, 50, 70, 10, 10, 10, 10, 4, '', '', '', '', '', '', 0, 10, 'Portátil', 0, 0, '', 3, 1554082044, 1, 1554687013),
(5, 2, 1, 0, 0, 30, 50, 70, 10, 10, 10, 10, 5, '', '', '', '', '', '', 0, 10, 'Impresoras', 0, 0, '', 3, 1554082094, 1, 1554687014),
(6, 2, 1, 0, 0, 30, 50, 70, 10, 10, 10, 10, 6, '', '', '', '', '', '', 0, 10, 'Escáner', 0, 0, '', 3, 1554082136, 1, 1554687014),
(7, 2, 1, 0, 0, 30, 50, 70, 10, 10, 10, 10, 7, '', '', '', '', '', '', 0, 10, 'Router', 0, 0, '', 3, 1554082170, 1, 1554687014),
(8, 2, 1, 0, 0, 30, 50, 70, 10, 10, 10, 10, 8, '', '', '', '', '', '', 0, 10, 'Access point', 0, 0, '', 3, 1554082240, 1, 1554687013),
(9, 2, 1, 0, 0, 30, 50, 70, 10, 10, 10, 10, 9, '', '', '', '', '', '', 0, 10, 'Televisor', 0, 0, '', 3, 1554082273, 1, 1554687013),
(10, 2, 1, 0, 0, 30, 50, 70, 10, 10, 10, 10, 10, '', '', '', '', '', '', 0, 10, 'UPS', 0, 0, '', 3, 1554082306, 1, 1554687013),
(11, 2, 1, 0, 0, 30, 50, 70, 10, 10, 10, 10, 11, '', '', '', '', '', '', 0, 10, 'Switches', 0, 0, '', 3, 1554082336, 1, 1554687012),
(12, 2, 1, 0, 0, 30, 50, 70, 10, 10, 10, 10, 12, '', '', '', '', '', '', 0, 10, 'Aplicaciones', 0, 0, '', 3, 1554082378, 1, 1554687012),
(13, 2, 1, 0, 0, 30, 50, 70, 10, 10, 10, 10, 13, '', '', '', '', '', '', 0, 10, 'Motor de base de datos', 0, 0, '', 3, 1554082409, 1, 1554687012),
(14, 2, 1, 0, 0, 30, 50, 70, 10, 10, 10, 10, 14, '', '', '', '', '', '', 0, 10, 'Antivirus', 0, 0, '', 3, 1554082438, 1, 1554687011),
(15, 2, 1, 0, 0, 30, 50, 70, 10, 10, 10, 10, 15, '', '', '', '', '', '', 0, 10, 'Sistema operativo', 0, 0, '', 3, 1554082476, 1, 1554687011),
(16, 2, 1, 0, 0, 30, 50, 70, 10, 10, 10, 10, 16, '', '', '', '', '', '', 0, 10, 'Navegadores web', 0, 0, '', 3, 1554082547, 1, 1554687011),
(17, 2, 1, 0, 0, 30, 50, 70, 10, 10, 10, 10, 17, '', '', '', '', '', '', 0, 10, 'Base de datos', 0, 0, '', 3, 1554082575, 1, 1554687011),
(18, 2, 1, 0, 0, 30, 50, 70, 10, 10, 10, 10, 18, '', '', '', '', '', '', 0, 10, 'Manual de usuario', 0, 0, '', 3, 1554082610, 1, 1554687010),
(19, 2, 1, 0, 0, 30, 50, 70, 10, 10, 10, 10, 19, '', '', '', '', '', '', 0, 10, 'Copia de respaldo', 0, 0, '', 3, 1554082638, 1, 1554687010),
(20, 2, 1, 0, 0, 30, 50, 70, 10, 10, 10, 10, 20, '', '', '', '', '', '', 0, 10, 'Datos acceso servidores', 0, 0, '', 3, 1554082664, 1, 1554687010),
(21, 2, 1, 0, 0, 30, 50, 70, 10, 10, 10, 10, 21, '', '', '', '', '', '', 0, 10, 'Datos acceso usuarios', 0, 0, '', 3, 1554082691, 1, 1554687010),
(22, 2, 1, 0, 0, 30, 50, 70, 10, 10, 10, 10, 22, '', '', '', '', '', '', 0, 10, 'Códigos fuente', 0, 0, '', 3, 1554082716, 1, 1554687009),
(23, 2, 1, 0, 0, 30, 50, 70, 10, 10, 10, 10, 23, '', '', '', '', '', '', 0, 10, 'CD', 0, 0, '', 3, 1554082744, 1, 1554687009),
(24, 2, 1, 0, 0, 30, 50, 70, 10, 10, 10, 10, 24, '', '', '', '', '', '', 0, 10, 'Memorias USB', 0, 0, '', 3, 1554082830, 1, 1554687009),
(25, 2, 1, 0, 0, 30, 50, 70, 10, 10, 10, 10, 25, '', '', '', '', '', '', 0, 10, 'Discos duros extraíbles', 0, 0, '', 3, 1554082859, 1, 1554687009),
(26, 2, 1, 0, 0, 30, 50, 70, 10, 10, 10, 10, 26, '', '', '', '', '', '', 0, 10, 'Archivos de datos', 0, 0, '', 3, 1554082892, 1, 1554687008),
(27, 2, 1, 0, 0, 30, 50, 70, 10, 10, 10, 10, 27, '', '', '', '', '', '', 0, 10, 'Internet', 0, 0, '', 3, 1554082931, 1, 1554687008),
(28, 2, 1, 0, 0, 30, 50, 70, 10, 10, 10, 10, 28, '', '', '', '', '', '', 0, 10, 'Red metropolitana', 0, 0, '', 3, 1554082959, 1, 1554687008),
(29, 2, 1, 0, 0, 30, 50, 70, 10, 10, 10, 10, 29, '', '', '', '', '', '', 0, 10, 'Red inalámbrica', 0, 0, '', 3, 1554082993, 1, 1554687008),
(30, 2, 1, 0, 0, 30, 50, 70, 10, 10, 10, 10, 30, '', '', '', '', '', '', 0, 10, 'Telefonía', 0, 0, '', 3, 1554083017, 1, 1554687007),
(31, 2, 1, 0, 0, 30, 50, 70, 10, 10, 10, 10, 31, '', '', '', '', '', '', 0, 10, 'Recurso humano', 0, 0, '', 3, 1554083063, 1, 1554687007),
(32, 2, 1, 0, 0, 30, 50, 70, 10, 10, 10, 10, 32, '', '', '', '', '', '', 0, 10, 'Canalización red de datos', 0, 0, '', 3, 1554083109, 1, 1554687007),
(33, 2, 1, 0, 0, 30, 50, 70, 10, 10, 10, 10, 33, '', '', '', '', '', '', 0, 10, 'Canalización red eléctrica', 0, 0, '', 3, 1554083135, 1, 1554687007),
(34, 2, 1, 0, 0, 30, 50, 70, 10, 10, 10, 10, 34, '', '', '', '', '', '', 0, 10, 'Cámaras de seguridad', 0, 0, '', 3, 1554083163, 1, 1554687006),
(35, 2, 1, 0, 0, 30, 50, 70, 10, 10, 10, 10, 35, '', '', '', '', '', '', 0, 10, 'Alarmas', 0, 0, '', 3, 1554083214, 1, 1554687006),
(36, 2, 1, 0, 0, 30, 50, 70, 10, 10, 10, 10, 36, '', '', '', '', '', '', 0, 10, 'Rack', 0, 0, '', 3, 1554083243, 1, 1554687006),
(37, 2, 1, 0, 0, 30, 50, 70, 30, 10, 10, 10, 37, '', '', '', '', '', '', 0, 10, 'Edificio', 0, 0, '', 3, 1554083270, 1, 1557082334),
(38, 2, 1, 0, 0, 30, 50, 70, 30, 10, 10, 10, 38, '', '', '', '', '', '', 0, 10, 'Oficinas', 0, 0, '', 3, 1554083298, 1, 1557082334),
(39, 1, 1, 0, 0, 30, 50, 70, 30, 10, 10, 10, 39, '', '', '', '', '', '', 0, 10, 'Uso de dispositivos móviles', 0, 0, '', 4, 1554677722, 1, 1559337281),
(40, 1, 1, 0, 0, 30, 50, 70, 30, 10, 10, 10, 40, '', '', '', '', '', '', 0, 10, 'Seguridad relativa a los recursos humanos', 0, 0, '', 4, 1554677900, 1, 1559337265),
(41, 1, 1, 0, 0, 30, 50, 70, 10, 10, 10, 10, 41, '', '', '', '', '', '', 0, 10, 'Gestión y uso de activos de información', 0, 0, '', 4, 1554677977, 1, 1554866283),
(42, 1, 1, 0, 0, 30, 50, 70, 10, 10, 10, 10, 42, '', '', '', '', '', '', 0, 10, 'Control de acceso', 0, 0, '', 4, 1554678030, 1, 1554866302),
(43, 1, 1, 0, 0, 30, 50, 70, 10, 10, 10, 10, 43, '', '', '', '', '', '', 0, 10, 'Criptografía', 0, 0, '', 4, 1554678086, 1, 1554866335),
(44, 1, 1, 0, 0, 30, 50, 70, 10, 10, 10, 10, 44, '', '', '', '', '', '', 0, 10, 'Seguridad física y del entorno', 0, 0, '', 4, 1554678173, 1, 1554866355),
(45, 1, 1, 0, 0, 30, 50, 70, 10, 10, 10, 10, 45, '', '', '', '', '', '', 0, 10, 'Seguridad de las operaciones', 0, 0, '', 4, 1554678253, 1, 1554866373),
(46, 1, 1, 0, 0, 30, 50, 70, 10, 10, 10, 10, 46, '', '', '', '', '', '', 0, 10, 'Seguridad de las comunicaciones', 0, 0, '', 4, 1554678304, 1, 1554866392),
(47, 1, 1, 0, 0, 30, 50, 70, 10, 10, 10, 10, 47, '', '', '', '', '', '', 0, 10, 'Seguridad en los sistemas de información', 0, 0, '', 4, 1554678358, 1, 1554866414),
(48, 1, 1, 0, 0, 30, 50, 70, 10, 10, 10, 10, 48, '', '', '', '', '', '', 0, 10, 'Relación con proveedores', 0, 0, '', 4, 1554678400, 1, 1554866435),
(49, 1, 1, 0, 0, 30, 50, 70, 10, 10, 10, 10, 49, '', '', '', '', '', '', 0, 10, 'Gestión de incidentes de la seguridad de la información', 0, 0, '', 4, 1554678440, 1, 1554866462),
(50, 1, 1, 0, 0, 30, 50, 70, 10, 10, 10, 10, 50, '', '', '', '', '', '', 0, 10, 'Continuidad del negocio', 0, 0, '', 4, 1554678499, 1, 1554866492),
(51, 1, 1, 0, 0, 30, 50, 70, 10, 10, 10, 10, 51, '', '', '', '', '', '', 0, 10, 'Cumplimiento', 0, 0, '', 4, 1554678544, 1, 1554866513),
(52, 4, 1, 3, 0, 30, 50, 70, 80, 10, 10, 10, 52, '', '', '', '', '', '', 0, 10, 'Acceso no autorizado', 0, 0, '', 6, 1559188523, 1, 1559338324),
(53, 4, 1, 0, 0, 40, 50, 70, 30, 10, 10, 10, 53, '', '', '', '', '', '', 0, 10, 'Divulgación no autorizada de información.', 0, 0, '', 6, 1559337725, 1, 1559338023),
(54, 4, 1, 0, 0, 40, 50, 70, 40, 10, 10, 10, 54, '', '', '', '', '', '', 0, 10, 'Robo de información', 0, 0, '', 6, 1559337754, 1, 1559338082),
(55, 4, 1, 0, 0, 30, 50, 70, 10, 10, 10, 10, 55, '', '', '', '', '', '', 0, 10, 'Interrupción en las plataformas tecnológicas', 0, 0, '', 6, 1559337766, 1, 1559338117),
(56, 4, 1, 3, 0, 30, 50, 70, 50, 10, 10, 10, 56, '', '', '', '', '', '', 0, 10, 'Información manipulada desde dispositivos móviles', 0, 0, '', 6, 1559337781, 1, 1559338829),
(57, 4, 1, 0, 0, 30, 50, 70, 20, 10, 10, 10, 57, '', '', '', '', '', '', 0, 10, 'Perdida de activo', 0, 0, '', 6, 1559337927, 1, 1559338339),
(58, 4, 1, 4, 0, 30, 50, 70, 50, 10, 10, 10, 58, '', '', '', '', '', '', 0, 10, 'Robo de información de empresas contratadas', 0, 0, '', 6, 1559337945, 1, 1559338357),
(59, 4, 1, 0, 0, 30, 50, 70, 10, 10, 10, 10, 59, '', '', '', '', '', '', 0, 10, 'Desactivación de usuarios', 0, 0, '', 6, 1559337957, 1, 1559338485),
(60, 4, 1, 3, 0, 30, 50, 70, 50, 10, 10, 10, 60, '', '', '', '', '', '', 0, 10, 'Modificación no autorizada de sitio web', 0, 0, '', 6, 1559337968, 1, 1559338539),
(61, 4, 1, 0, 0, 30, 50, 70, 10, 10, 10, 10, 61, '', '', '', '', '', '', 0, 10, 'Robo de información en reuniones virtuales', 0, 0, '', 6, 1559337979, 1, 1559338570);

-- --------------------------------------------------------

--
-- Estructura de tabla para la tabla `sgsi_bug_tag_table`
--

CREATE TABLE `sgsi_bug_tag_table` (
  `bug_id` int(10) UNSIGNED NOT NULL DEFAULT '0',
  `tag_id` int(10) UNSIGNED NOT NULL DEFAULT '0',
  `user_id` int(10) UNSIGNED NOT NULL DEFAULT '0',
  `date_attached` int(10) UNSIGNED NOT NULL DEFAULT '1'
) ENGINE=InnoDB DEFAULT CHARSET=utf8;

-- --------------------------------------------------------

--
-- Estructura de tabla para la tabla `sgsi_bug_text_table`
--

CREATE TABLE `sgsi_bug_text_table` (
  `id` int(10) UNSIGNED NOT NULL,
  `description` longtext NOT NULL,
  `steps_to_reproduce` longtext NOT NULL,
  `additional_information` longtext NOT NULL
) ENGINE=InnoDB DEFAULT CHARSET=utf8;

--
-- Volcado de datos para la tabla `sgsi_bug_text_table`
--

INSERT INTO `sgsi_bug_text_table` (`id`, `description`, `steps_to_reproduce`, `additional_information`) VALUES
(1, 'Política de seguridad de la información', '', ''),
(2, 'Servidores para aplicaciones y bases de datos.\r\nServidores para la red.\r\n', '', ''),
(3, 'Computadores de escritorio con uso de red alámbrica. \r\n', '', ''),
(4, 'Computadores portátiles con uso de red principalmente inalámbrica.\r\n', '', ''),
(5, 'Impresora DELL 5330dn\r\nImpresora 3D Creator Pro Flashforge\r\n', '', ''),
(6, 'Escáner HP470\r\n', '', ''),
(7, 'D-Link DIR 600\r\n', '', ''),
(8, '-', '', ''),
(9, 'Televisor Samsung 36’\r\n', '', ''),
(10, '-', '', ''),
(11, '-', '', ''),
(12, 'Aplicaciones:\r\n·         Gestiona Acacia\r\n·         Administra Acacia\r\n·         Colabora Acacia\r\n·         Portal web\r\n·         aDeNu\r\n·         Netbeans\r\n·         Putty\r\n·         Skype\r\n·         Java\r\n·         Filezilla\r\n·         Zoom\r\n·         Bizagi\r\n·         Jaws\r\n·         Adobe Reader\r\n·         Camtasia 9\r\n·         Flashprint \r\n', '', ''),
(13, 'MySQL como sistema de gestión de bases de datos relacionales para las plataformas del CADEP Acacia.\r\n', '', ''),
(14, 'Kaspersky Anti-Virus\r\n', '', ''),
(15, 'Sistema operativo Windows 10\r\n', '', ''),
(16, 'Navegadores:\r\n·         Mozilla Firefox\r\n·         Google Chrome\r\n·         Opera\r\n·         Internet Explorer\r\n·         Microsoft Edge\r\n', '', ''),
(17, '·         Bases de datos para plataformas: Gestiona Acacia, Administra Acacia, Colabora Acacia.\r\n', '', ''),
(18, 'Manual de usuario se encuentra en desarrollo para las plataformas: Gestiona Acacia, Administra Acacia. Colabora Acacia y Sistema de Gestión de Conocimiento Sophia.\r\n', '', ''),
(19, 'Se realiza mensualmente un backup para cada una de las plataformas del CADEP Acacia. \r\n', '', ''),
(20, 'Estos datos de acceso a servidores corresponden a las plataformas: Gestiona Acacia, Administra Acacia y Colabora Acacia\r\n', '', ''),
(21, 'Los datos de acceso a usuarios son prácticamente los mismos en todos los equipos de cómputo excepto algunos computadores que tienen información para acceder únicamente personal autorizado.\r\n', '', ''),
(22, 'Se administra el código fuente principalmente de las plataformas: Gestiona Acacia, Administra Acacia y Colabora Acacia.\r\n', '', ''),
(23, 'Dispositivo de almacenamiento.\r\n', '', ''),
(24, 'Dispositivo de almacenamiento.\r\n', '', ''),
(25, 'Dispositivo de almacenamiento.\r\n', '', ''),
(26, 'Carpetas físicas donde se encuentran documentos del CADEP Acacia.\r\n', '', ''),
(27, 'Servicio ofrecido por la universidad.\r\n', '', ''),
(28, 'La red es de área metropolitana por cableado.\r\n', '', ''),
(29, 'También se tiene red inalámbrica para uso de portátiles, tablets o celulares.\r\n', '', ''),
(30, 'Gestión telefónica Avaya.\r\n', '', ''),
(31, 'Personal principal del Centro Acacia:\r\n·         Director CADEP\r\n·         Coordinadores de módulo\r\n·         Coordinador de laboratorios\r\n·         Coordinador de comunicación\r\n·         Coordinador de administración  \r\n', '', ''),
(32, '·         Canalización para la conexión a internet.\r\n', '', ''),
(33, 'Canalización para el uso de los computadores y demás dispositivos que requieran red eléctrica. \r\n', '', ''),
(34, '-', '', ''),
(35, '-', '', ''),
(36, '-', '', ''),
(37, 'Edificio como espacio de trabajo para el Centro Acacia.\r\n', '', ''),
(38, 'División del edificio para el espacio de trabajo de cada personal.\r\n', '', ''),
(39, 'Política de seguridad de la información', '', ''),
(40, 'Política de seguridad de la información', '', ''),
(41, 'Política de seguridad de la información', '', ''),
(42, 'Política de seguridad de la información', '', ''),
(43, 'Política de seguridad de la información', '', ''),
(44, 'Política de seguridad de la información', '', ''),
(45, 'Política de seguridad de la información', '', ''),
(46, 'Política de seguridad de la información', '', ''),
(47, 'Política de seguridad de la información', '', ''),
(48, 'Política de seguridad de la información', '', ''),
(49, 'Política de seguridad de la información', '', ''),
(50, 'Política de seguridad de la información', '', ''),
(51, 'Política de seguridad de la información', '', ''),
(52, 'Se inicio sesión al equipo de un colaborador por parte de personal no autorizado.', '', ''),
(53, 'Colaborador en el Centro Acacia realiza la publicación de información confidencial, lo que puede generar amenazas para la dependencia.', '', ''),
(54, 'Para acceso a sistemas informáticos se está haciendo uso de contraseñas comunes lo que puede ocasionar robo de información y acceso indebido\r\n', '', ''),
(55, 'Algunas veces no se tiene en funcionamiento las plataformas. Se debe asegurar que esta interrupción corresponde a la dependencia que administra el servidor de las plataformas y no a personas que intenten generar alteración o perdida de información. \r\n', '', ''),
(56, 'Se han presentado casos con el uso de celulares para enviar información sensible del Centro Acacia.  \r\n', '', ''),
(57, 'Se ha revisado el inventario de la dependencia y se presenta la falta de un adaptador Kinect, por lo tanto, se debe revisar la administración realizada con este dispositivo.\r\n', '', ''),
(58, 'Se ha realizado la contratación de empresa para evento de la dependencia, esta empresa solicitaba la administración de las cuentas de redes sociales solicitando datos de acceso, se evitó realizar esta acción por seguridad de la información. \r\n', '', ''),
(59, 'Se mantiene el acceso a los sistemas informáticos a usuarios que ya no hacen parte del proyecto.\r\n', '', ''),
(60, 'Se han presentado cambios en el sitio web del proyecto provocados por personal no autorizado.\r\n', '', ''),
(61, 'Se han compartido datos confidenciales en reuniones virtuales realizadas en diferentes softwares.\r\n', '', '');

-- --------------------------------------------------------

--
-- Estructura de tabla para la tabla `sgsi_category_table`
--

CREATE TABLE `sgsi_category_table` (
  `id` int(10) UNSIGNED NOT NULL,
  `project_id` int(10) UNSIGNED NOT NULL DEFAULT '0',
  `user_id` int(10) UNSIGNED NOT NULL DEFAULT '0',
  `name` varchar(128) NOT NULL DEFAULT '',
  `status` int(10) UNSIGNED NOT NULL DEFAULT '0'
) ENGINE=InnoDB DEFAULT CHARSET=utf8;

--
-- Volcado de datos para la tabla `sgsi_category_table`
--

INSERT INTO `sgsi_category_table` (`id`, `project_id`, `user_id`, `name`, `status`) VALUES
(1, 0, 0, 'General', 0),
(3, 2, 0, 'Activos', 0),
(4, 1, 0, 'Políticas', 0),
(5, 3, 0, 'Activos', 0),
(6, 4, 0, 'Incidentes', 0);

-- --------------------------------------------------------

--
-- Estructura de tabla para la tabla `sgsi_config_table`
--

CREATE TABLE `sgsi_config_table` (
  `config_id` varchar(64) NOT NULL,
  `project_id` int(11) NOT NULL DEFAULT '0',
  `user_id` int(11) NOT NULL DEFAULT '0',
  `access_reqd` int(11) DEFAULT '0',
  `type` int(11) DEFAULT '90',
  `value` longtext NOT NULL
) ENGINE=InnoDB DEFAULT CHARSET=utf8;

--
-- Volcado de datos para la tabla `sgsi_config_table`
--

INSERT INTO `sgsi_config_table` (`config_id`, `project_id`, `user_id`, `access_reqd`, `type`, `value`) VALUES
('csv_columns', 1, 0, 90, 3, '[\"id\",\"priority\",\"custom_C\\u00f3digo pol\\u00edtica\",\"summary\",\"category_id\",\"status\",\"last_updated\"]'),
('csv_columns', 2, 0, 90, 3, '[\"id\",\"priority\",\"custom_C\\u00f3digo activo\",\"summary\",\"custom_Tipo de activo\",\"category_id\",\"status\",\"last_updated\"]'),
('csv_columns', 3, 0, 90, 3, '[\"id\",\"priority\",\"custom_C\\u00f3digo activo\",\"summary\",\"category_id\",\"status\",\"last_updated\"]'),
('database_version', 0, 0, 90, 1, '209'),
('excel_columns', 1, 0, 90, 3, '[\"id\",\"priority\",\"custom_C\\u00f3digo pol\\u00edtica\",\"summary\",\"category_id\",\"status\",\"last_updated\"]'),
('excel_columns', 2, 0, 90, 3, '[\"id\",\"priority\",\"custom_C\\u00f3digo activo\",\"summary\",\"custom_Tipo de activo\",\"category_id\",\"status\",\"last_updated\"]'),
('excel_columns', 3, 0, 90, 3, '[\"id\",\"priority\",\"custom_C\\u00f3digo activo\",\"summary\",\"category_id\",\"status\",\"last_updated\"]'),
('move_bug_threshold', 0, 0, 90, 1, '25'),
('print_issues_page_columns', 1, 0, 90, 3, '[\"selection\",\"edit\",\"id\",\"priority\",\"custom_C\\u00f3digo pol\\u00edtica\",\"summary\",\"category_id\",\"status\",\"last_updated\",\"bugnotes_count\",\"attachment_count\"]'),
('print_issues_page_columns', 2, 0, 90, 3, '[\"selection\",\"edit\",\"id\",\"priority\",\"custom_C\\u00f3digo activo\",\"summary\",\"custom_Tipo de activo\",\"category_id\",\"status\",\"last_updated\",\"bugnotes_count\",\"attachment_count\"]'),
('print_issues_page_columns', 3, 0, 90, 3, '[\"selection\",\"edit\",\"id\",\"priority\",\"custom_C\\u00f3digo activo\",\"summary\",\"category_id\",\"status\",\"last_updated\",\"bugnotes_count\",\"attachment_count\"]'),
('print_issues_page_columns', 4, 0, 90, 3, '[\"selection\",\"priority\",\"id\",\"bugnotes_count\",\"attachment_count\",\"status\",\"last_updated\",\"summary\"]'),
('report_bug_threshold', 0, 0, 90, 1, '25'),
('report_bug_threshold', 2, 0, 90, 1, '25'),
('report_bug_threshold', 3, 0, 90, 1, '25'),
('view_history_threshold', 0, 0, 90, 1, '55'),
('view_history_threshold', 1, 0, 90, 1, '55'),
('view_issues_page_columns', 1, 0, 90, 3, '[\"selection\",\"edit\",\"id\",\"priority\",\"custom_C\\u00f3digo pol\\u00edtica\",\"summary\",\"category_id\",\"status\",\"last_updated\",\"bugnotes_count\",\"attachment_count\"]'),
('view_issues_page_columns', 2, 0, 90, 3, '[\"selection\",\"edit\",\"id\",\"priority\",\"custom_C\\u00f3digo activo\",\"summary\",\"custom_Tipo de activo\",\"category_id\",\"status\",\"last_updated\",\"bugnotes_count\",\"attachment_count\"]'),
('view_issues_page_columns', 3, 0, 90, 3, '[\"selection\",\"edit\",\"id\",\"priority\",\"custom_C\\u00f3digo activo\",\"summary\",\"category_id\",\"status\",\"last_updated\",\"bugnotes_count\",\"attachment_count\"]'),
('view_issues_page_columns', 4, 0, 90, 3, '[\"selection\",\"edit\",\"priority\",\"id\",\"summary\",\"category_id\",\"status\",\"last_updated\",\"bugnotes_count\",\"attachment_count\"]');

-- --------------------------------------------------------

--
-- Estructura de tabla para la tabla `sgsi_custom_field_project_table`
--

CREATE TABLE `sgsi_custom_field_project_table` (
  `field_id` int(11) NOT NULL DEFAULT '0',
  `project_id` int(10) UNSIGNED NOT NULL DEFAULT '0',
  `sequence` smallint(6) NOT NULL DEFAULT '0'
) ENGINE=InnoDB DEFAULT CHARSET=utf8;

--
-- Volcado de datos para la tabla `sgsi_custom_field_project_table`
--

INSERT INTO `sgsi_custom_field_project_table` (`field_id`, `project_id`, `sequence`) VALUES
(2, 1, 2),
(3, 1, 3),
(4, 1, 4),
(5, 2, 2),
(6, 2, 1),
(6, 3, 0),
(7, 2, 3),
(8, 2, 4),
(9, 2, 5),
(10, 3, 1),
(11, 3, 2),
(12, 3, 3),
(13, 3, 4),
(15, 3, 5),
(16, 3, 6),
(17, 3, 7),
(18, 3, 8),
(19, 3, 13),
(20, 3, 9),
(21, 3, 17),
(22, 3, 21),
(23, 3, 25),
(24, 3, 29),
(25, 3, 33),
(26, 3, 37),
(27, 3, 41),
(28, 3, 45),
(29, 3, 49),
(30, 3, 53),
(31, 3, 57),
(32, 3, 61),
(33, 3, 65),
(34, 3, 69),
(35, 3, 73),
(36, 3, 77),
(42, 3, 10),
(43, 3, 14),
(44, 3, 18),
(45, 3, 22),
(46, 3, 26),
(47, 3, 30),
(48, 3, 34),
(49, 3, 38),
(50, 3, 42),
(51, 3, 46),
(52, 3, 50),
(53, 3, 54),
(54, 3, 58),
(55, 3, 62),
(56, 3, 66),
(57, 3, 70),
(58, 3, 74),
(59, 3, 78),
(65, 3, 11),
(66, 3, 15),
(67, 3, 19),
(68, 3, 23),
(69, 3, 27),
(70, 3, 31),
(71, 3, 35),
(72, 3, 39),
(73, 3, 43),
(74, 3, 47),
(75, 3, 51),
(76, 3, 55),
(77, 3, 59),
(78, 3, 63),
(79, 3, 67),
(80, 3, 71),
(81, 3, 75),
(82, 3, 79),
(88, 3, 12),
(89, 3, 16),
(90, 3, 20),
(91, 3, 24),
(92, 3, 28),
(93, 3, 32),
(94, 3, 36),
(95, 3, 40),
(96, 3, 44),
(97, 3, 48),
(98, 3, 52),
(99, 3, 56),
(100, 3, 60),
(101, 3, 64),
(102, 3, 68),
(103, 3, 72),
(104, 3, 76),
(105, 3, 80),
(111, 1, 0),
(112, 4, 0);

-- --------------------------------------------------------

--
-- Estructura de tabla para la tabla `sgsi_custom_field_string_table`
--

CREATE TABLE `sgsi_custom_field_string_table` (
  `field_id` int(11) NOT NULL DEFAULT '0',
  `bug_id` int(11) NOT NULL DEFAULT '0',
  `value` varchar(255) NOT NULL DEFAULT '',
  `text` longtext
) ENGINE=InnoDB DEFAULT CHARSET=utf8;

--
-- Volcado de datos para la tabla `sgsi_custom_field_string_table`
--

INSERT INTO `sgsi_custom_field_string_table` (`field_id`, `bug_id`, `value`, `text`) VALUES
(2, 1, '', 'Establecer un equipo responsable que logre soportar la implementación y el mantenimiento de las políticas de seguridad de la información.'),
(2, 39, '', 'Garantizar que la información manipulada desde los dispositivos móviles tenga la protección pertinente.'),
(2, 40, '', 'Establecer los protocolos de seguridad de la información relacionados a los procesos de contratación, permanencia y retiro de los colaboradores del CADEP Acacia.'),
(2, 41, '', 'Definir normas para el manejo de activos de información implementados dentro del CADEP Acacia'),
(2, 42, '', 'Establecer los lineamientos a seguir en busca de la protección de la seguridad física de las instalaciones del CADEP y proteger así sus activos de información.'),
(2, 43, '', 'Establecer los lineamientos a seguir en cuanto a la política de uso, implementación y gestión de los controles criptográficos. '),
(2, 44, '', 'Definir los lineamientos de seguridad física y del entorno para la correcta protección de los activos de información ubicados en las instalaciones del CADEP Acacia.'),
(2, 45, '', 'Definir los procedimientos y reglas para asegurar que las operaciones del proyecto sean seguras y ejecutadas correctamente, protegiendo los activos de información.'),
(2, 46, '', 'Especificar los lineamientos de seguridad de información necesarios para la protección de comunicación a los servicios de red.'),
(2, 47, '', 'Establecer los lineamientos apropiados mediante los cuales el CADEP Acacia gestiona la adquisición, desarrollo y mantenimiento de los sistemas de información.'),
(2, 48, '', 'Definir mecanismos de control relacionados a la seguridad en las relaciones con proveedores y la gestión de la provisión de servicios de los mismos.'),
(2, 49, '', 'Asegurar que los incidentes y vulnerabilidades de seguridad de la información, sean comunicados, atendidos y gestionados por medio de acciones correctivas.'),
(2, 50, '', 'Garantizar que los aspectos relacionados a la seguridad de la información se tengan en cuenta en el plan de continuidad de negocio del CADEP Acacia.'),
(2, 51, '', 'Especificar el compromiso con el cumplimiento de los requisitos leales, técnicos y contractuales relacionados a la seguridad de la información de parte del CADEP Acacia '),
(3, 1, '', 'Estos lineamientos deben ser aplicados por todos los funcionarios pertenecientes al CADEP Acacia.'),
(3, 39, '', 'Colaboradores pertenecientes al CADEP Acacia que accedan a los sistemas de información desde dispositivos móviles (portátiles, teléfonos celulares, etc.)'),
(3, 40, '', 'Estos lineamientos deben ser aplicados por todos los funcionarios pertenecientes al CADEP Acacia.'),
(3, 41, '', 'Estos lineamientos deben ser aplicados por todos los funcionarios pertenecientes al CADEP Acacia.'),
(3, 42, '', 'Estos lineamientos deben ser aplicados por todos los funcionarios pertenecientes al CADEP Acacia.'),
(3, 43, '', 'Estos lineamientos deben ser aplicados por todos los funcionarios pertenecientes al CADEP Acacia.'),
(3, 44, '', 'Estos lineamientos deben ser aplicados por todos los funcionarios pertenecientes al CADEP Acacia.'),
(3, 45, '', 'Estos lineamientos deben ser aplicados por todos los funcionarios pertenecientes al CADEP Acacia.'),
(3, 46, '', 'Colaboradores pertenecientes al CADEP Acacia.'),
(3, 47, '', 'Colaboradores pertenecientes al CADEP Acacia.'),
(3, 48, '', 'Colaboradores pertenecientes al CADEP Acacia y proveedores.'),
(3, 49, '', 'Colaboradores pertenecientes al CADEP Acacia.'),
(3, 50, '', 'Colaboradores pertenecientes al CADEP Acacia.'),
(3, 51, '', 'Colaboradores pertenecientes al CADEP Acacia.'),
(4, 1, '', 'El CADEP Acacia, dando cumplimiento a la norma ISO 27001:2013, adquiere la responsabilidad de tener diseñado un esquema de seguridad de la información donde se defina y establezca roles y responsabilidades que incluyan las actividades relacionadas a la implementación, gestión y mantenimiento del SGSI. \r\nPor otra parte, el CADEP Acacia, a través de los colaboradores encargados de gestionar la seguridad de la información, debe tener un control adecuado del estado de las políticas definidas en este manual, revisándolo en un periodo no mayor a tres meses para validar su estado y así lograr determinar cambios relevantes que busquen la mejora continua. Asimismo, este equipo debe establecer roles y funciones para la administración y operación de los sistemas de información utilizados en el proyecto.'),
(4, 39, '', 'Los dispositivos móviles que pertenecen al proyecto o a la Universidad Distrital deben tener instaladas únicamente las aplicaciones distribuidas, autorizadas y configuradas por el área de TI de la universidad. Asimismo, estos dispositivos móviles deben contar con un acceso con contraseña definido por el área de TI que no se debe divulgar a las personas que no pertenecen al organismo y un sistema de bloqueo del equipo de manera automática cuando hay inactividad. \r\nLos colaboradores del CADEP Acacia tienen prohibido, instalar o desinstalar algún tipo de software, cambiar la configuración de los equipos, formatear o restaurar de fábrica los equipos móviles institucionales cuando estén a su cargo. En caso de requerir una aplicación adicional se debe generar una solicitud al área encargada de la universidad.\r\nEl uso de computadores portátiles está permitido dentro del CADEP Acacia La conexión remota hacia la red, con dispositivos móviles personales, no representa ningún problema siempre y cuando estos estén conectados a la red de invitados que provee el área de TI de la Universidad Distrital. \r\nEn cuanto a los teléfonos celulares, el CADEP Acacia autoriza su uso. Sin embargo, no se permite el envío de audios, videos o información considerada sensible por aplicaciones de mensajería instantánea o relacionados.\r\n'),
(4, 40, '', 'El CADEP Acacia adquiere el compromiso de implementar acciones que puedan asegurar que los colaboradores del organismo entiendan claramente sus responsabilidades como usuarios y las responsabilidades que adquieren, con el fin de reducir cualquier incidente que comprometa la seguridad de la información.\r\nEl organismo debe establecer y documentar los roles y responsabilidades para cada uno de los cargos de los funcionarios y lograr así indicar las limitaciones del acceso de la información que cada uno de estos cargos tienen dentro del proyecto.\r\nEl CADEP Acacia establece cláusulas de confidencialidad al momento de la contratación de un nuevo colaborador que indique a su vez su compromiso con el cumplimiento del modelo de seguridad de la información.\r\nEl proyecto define la realización de jornadas semestrales de capacitación y sensibilización para todas las personas involucradas al organismo institucional en cuanto a la seguridad de la información y las políticas establecidas.\r\nSe debe garantizar que los funcionarios, contratistas y demás colaboradores del CADEP Acacia, adopten sus responsabilidades en relación con las políticas de seguridad de la información y que siempre actúen de manera consistente frente a las mismas reduciendo así los riesgos de hurto o filtración de la información.\r\nAl momento de que un colaborador finalice sus obligaciones contractuales con el proyecto, se realiza un proceso de desactivación del usuario asignado para que no cuente con accesos a los sistemas del organismo y la negación de acceso a información sensible. Además, este proceso debe estar verificado por el supervisor a cargo.\r\n'),
(4, 41, '', 'El CADEP Acacia es el dueño de la propiedad intelectual de los productos desarrollados por sus funcionarios derivados del cumplimiento de funciones o tareas asignadas necesarias para el cumplimiento del contrato.\r\nLa información gestionada dentro del proyecto debe ser únicamente de uso interno del organismo, con una asignación previa de responsables o áreas a cargo.\r\nEl organismo institucional es el propietario de los activos de información y los administradores de estos activos son los colaboradores del CADEP Acacia que sean previamente autorizados y sean los responsables por el procesamiento de su información a cargo.\r\nEl CADEP Acacia debe mantener un inventario actualizado de sus activos de información donde se pueda diferenciar los activos adquiridos por el proyecto y los suministrados por la Universidad Distrital. Estos activos de información tienen un responsable definido.\r\nLos usuarios no podrán acceder a los servicios o plataformas del CADEP Acacia, utilizando una cuenta de usuario o clave que pertenezca a otra persona.\r\nLos equipos proporcionados por el proyecto ACACIA o por la Universidad Distrital no pueden sufrir ninguna alteración de los programas instalados por defectos y el supervisor encargado deberá realizar una revisión de su cumplimiento.\r\nLos usuarios del CADEP Acacia no deben realizar intencionalmente algún acto que pueda implicar un uso inadecuado de los recursos tecnológicos o que vayan en contra de lo estipulado dentro de las políticas de seguridad de la información. Algunos de estos actos pueden ser el envío o reenvíos masivos de correos electrónicos, spam, uso constante de las redes sociales, actividades recreacionales, juegos en línea, sitios web que causen molestia a compañeros de trabajo, etc.\r\nLos usuarios no pueden realizar las siguientes actividades sin la previa aprobación de la coordinación del CADEP Acacia y el área de TI de la Universidad Distrital: instalar software en los equipos del proyecto; modificar o adaptar plataformas virtuales del CADEP, cambiar la configuración de hardware de los equipos; realizar procedimientos de ingeniería inversa en las plataformas del proyecto.\r\nLos usuarios deberán informar cualquier violación a las políticas de seguridad y uso indebido de seguridad de la información a la persona encargada de la seguridad de la información dentro del proyecto quién se comunicará con el área de TI de la Universidad Distrital dependiendo de la gravedad del incidente.\r\n'),
(4, 42, '', 'El CADEP Acacia se acoge a los lineamientos definidos por la Universidad Distrital en cuanto al acceso de sus instalaciones. Adicionalmente, implementa un proceso más riguroso dentro del proyecto para proteger sus propios activos de información y su propiedad intelectual.\r\nCada persona perteneciente al CADEP Acacia debe portar su carné de contratista dentro de las instalaciones del proyecto que permitirá su identificación ante los demás funcionarios.\r\nTodos los visitantes que ingresan a las instalaciones del proyecto, deben realizar el respectivo proceso de control de acceso donde se genere su registro de ingreso. Además, todos los visitantes deben estar acompañados todo el tiempo por un funcionario quién será el responsable del visitante durante su estadía.\r\nEl CADEP Acacia debe tener en sus estaciones de trabajo y sistemas de información configuraciones que restrinjan el acceso a las personas no pertenecientes al proyecto. Esto se logra a través del establecimiento de perfiles y roles de usuarios, para delimitar los privilegios de consulta de información que cada colaborador cuenta.\r\nLa organización debe definir y formalizar los privilegios y restricciones otorgados a los roles de usuario que pertenecen a su respectivo cargo y realizar revisiones periódicas de cuentas privilegiadas para identificar inconsistencias en los privilegios de acceso.\r\nEl CADEP Acacia debe implementar en sus sistemas de información controles técnicos como la longitud mínima de las contraseñas usadas por sus contratistas, cambio forzado de contraseñas en su primer uso, etc.\r\n'),
(4, 43, '', 'Los sistemas de información utilizados dentro del CADEP Acacia y que sean ajenos a la Universidad Distrital, deben tener controles criptográficos para el almacenamiento de contraseñas de usuarios y de documentos que el CADEP Acacia considere sensibles.\r\nDebe realizarse un procedimiento de gestión de riesgos para determinar que activos de información son considerados sensibles y especificar si se requiere una protección de criptografía de acuerdo a la clasificación de la información.\r\nEl CADEP Acacia debe implementar en sus sistemas de información reglas sobre el cambio y actualización de claves, definiendo requisitos mínimos para estas. Además, debe realizarse periódicamente una copia de respaldo de claves encriptadas y validar su funcionalidad.\r\nLa configuración de criptografía de las estaciones de trabajo se alinea a lo establecido por la Universidad Distrital Francisco José de Caldas y es responsabilidad del área de tecnología de información de este organismo institucional de validar y gestionar estas configuraciones.\r\n'),
(4, 44, '', 'El CADEP Acacia cuenta con la responsabilidad de establecer perímetros de seguridad física de los lugares donde se almacenarán activos valiosos cuya integridad, confidencialidad o disponibilidad representen un alto impacto en caso de materializarse una amenaza hacia estos.\r\nLos contratistas del CADEP Acacia deben implementar en todo momento su carné otorgado por la Universidad Distrital que los identifica como funcionarios del proyecto.\r\nDebe existir un control de acceso a este lugar establecido para el almacenamiento de activos vitales para el proyecto, ya sea a través de puertas, paredes y un mecanismo sencillo de autenticación.\r\nEl CADEP Acacia debe realizar un mantenimiento preventivo de sus equipos de computo con autorización del área de tecnología de información de la Universidad Distrital, basándose en un cronograma organizado por el técnico encargado e implementando un listado de actas sobre la actividad realizada. Asimismo, cualquier falla de uno de estos equipos debe ser reportado directamente con el organismo educativo para su reparación o cambio.\r\nCada vez que se da una estación de trabajo de baja, el encargado del equipo y el apoyo técnico del proyecto deben cerciorarse de realizar un borrado seguro de todos los datos almacenados en el activo de información.\r\nLos usuarios de los sistemas de información del CADEP Acacia deben bloquear la pantalla de su computador en los momentos que tengan que dejar su puesto de trabajo. De la misma manera, cualquier documento que sea considerado confidencial debe ser retirado de las estaciones de trabajo cuando el funcionario la abandona.\r\nEl CADEP Acacia tiene el compromiso de gestionar y mantener actualizado todos sus lineamientos de seguridad física definidos y cerciorarse con auditorias internas periódicas que se estén ejecutando dentro de las instalaciones del proyecto.\r\n'),
(4, 45, '', 'El CADEP Acacia se acoge a los mecanismos y herramientas definidas por el área de tecnología de información de la Universidad Distrital para proteger los activos de información de cualquier tipo de riesgo. Además, debe aplicar las guías de operación de todos los activos de información y dejarlas a disposición de los usuarios que los requiera.\r\nEl área de tecnología de información de la Universidad definirá e implementará el procedimiento de software requerido por el CADEP Acacia por medio de solicitudes generadas por el apoyo técnico del proyecto y previamente por un supervisor.\r\nEl encargado de la seguridad de información dentro del CADEP Acacia, debe establecer los mecanismos adicionales que considere pertinentes de control de acceso para evitar la entrada a sitios web inescrupulosos o para identificar archivos que contengan software malicioso.\r\nLas estaciones de trabajo deberán estar protegidas con softwares de antivirus u otras aplicaciones definidas por la entidad institucional de la cual posean las respectivas licencias y cumplan en su totalidad con los aspectos legales. Además, es responsabilidad del encargado de la seguridad de la información dentro del proyecto de validar, de manera periódica, que los equipos si cuentan con esta protección.\r\nEs prohibido la instalación de software no licenciado que pueda generar problemas legales dentro del proyecto ACACIA. Además, todo software que se desee instalar adicional al provisto por el área de tecnología de información de la Universidad Distrital, debe ser solicitado de manera formal por el encargado del apoyo técnico dentro del proyecto y con autorización previa de la coordinación del mismo.\r\nEl CADEP Acacia deberá definir a la persona encargada de la seguridad de la información dentro del proyecto, quién será la responsable de realizar las copias de seguridad de la información vital del proyecto, para garantizar la disponibilidad de esta información y la continuidad del organismo.\r\nLa persona encargada de realizar las copias de seguridad, deberá mantener una bitácora de los procedimientos realizados durante esta copia de seguridad y la descripción de los archivos guardados. Estas copias se deben almacenar en dos discos duros\r\n'),
(4, 46, '', 'El CADEP Acacia se acoge a los mecanismos y herramientas definidas por el área de tecnología de información de la Universidad Distrital para asegurar la disponibilidad de los recursos y servicios de red.\r\nSe debe estudiar la implementación estándares técnicos que se consideren pertinentes, adicionales a los definidos por la Universidad Distrital, de configuración de red y configuración de seguridad.\r\nEl encargado de la seguridad de la información dentro del proyecto del CADEP Acacia, deberá realizar capacitaciones previamente aprobadas, a los usuarios que accedan a los sistemas de información y/o de red, sobre las recomendaciones y cuidados que deben tener al momento de usar estos recursos.\r\nLas capacitaciones deben informar sobre los tipos de ataques informáticos que existen, las amenazas a las que el CADEP Acacia está expuesto y orientar a las mejores prácticas de protección de la información. Cada capacitación debe hacerse de forma anual y debe contar con un registro adecuado.\r\nEl encargado del apoyo técnico dentro del proyecto, deberá vigilar y monitorear los sistemas de información y servicios de red, por medio de herramientas adecuadas que permiten identificar alguna inconsistencia y poder así resolverla o informarla al área de tecnológica de la información de la Universidad Distrital.\r\nEl CADEP Acacia debe asignar a cada funcionario que lo requiera un usuario y contraseña para su estación de trabajo y para los sistemas de información usados dentro del proyecto. La clave por defecto debe requerir un cambio obligatorio después de su primer uso y será asignada una vez se le explique al colaborador las políticas de seguridad de la información.\r\nLa transferencia de archivos por medios tecnológicos, tanto internamente como externamente, se debe realizar a través de plataformas seguras que cumplan estándares mínimos de seguridad, como correos institucionales, sistemas de información del CADEP, etc.\r\n'),
(4, 47, '', 'Los colaboradores del CADEP Acacia no deben difundir su clave de usuario a ningún otro funcionario o personas ajenas al proyecto. Además, es responsabilidad de cada uno de los contratistas de mantener de manera confidencial y privada sus credenciales de acceso.\r\nEl CADEP Acacia debe capacitar a sus funcionarios a usar claves o contraseñas con un alto nivel de complejidad y a cambiarlas por lo menos una vez al año. Asimismo, los sistemas de información deben garantizar que solo se permita el uso de claves complejas.\r\nCada vez que se de el cambio o el retiro de un funcionario dentro del CADEP Acacia, se deben seguir las políticas de saneamiento, es decir la implementación de las buenas prácticas para dar de baja a los usuarios y retirar los permisos de acceso a información del organismo. \r\nLos sistemas de información implementados dentro del CADEP Acacia no serán utilizados con fines comerciales o diferentes al ejercicio de sus funciones. Asimismo, el acceso a cualquier servicio, servidor o sistema de información debe ser autenticado y autorizado.\r\nTodas las aplicaciones implementadas dentro del CADEP Acacia deben tener opciones de cierre de sesión y expiración de la misma, que permita la desconexión del usuario.\r\nEs responsabilidad del CADEP Acacia de resguardar los códigos fuentes de los sistemas de información adquiridos o desarrollados, de tal manera que no sea, ni descargado o alterado.\r\n'),
(4, 48, '', 'El CADEP Acacia debe mantener la seguridad de la información de los servicios o sistemas de información a los cuales se les deba asignar acceso a los proveedores. Además, debe existir de un procedimiento formal de evaluación y aprobación de los accesos de información a estos proveedores.\r\nLa implementación de mecanismos de control en las relaciones contractuales es indispensable dentro del proyecto, con el objetivo de que se logre asegurar que la información a la que tengan acceso terceras partes, cumpla con las políticas de seguridad de información definidas en este documento.\r\nLa coordinación del CADEP Acacia, con el apoyo de supervisores de contratos relacionados con sistemas de información, deberá identificar, mitigar y monitorear constantemente los riesgos relacionados con los servicios ofrecidos por los proveedores y contratistas externos.\r\nSe deberá divulgar las políticas y procedimientos de seguridad de la información del CADEP Acacia, a los proveedores, así como velar por el acceso a la información y a los recursos de almacenamiento o procesamiento de la misma.\r\n'),
(4, 49, '', 'El CADEP Acacia establecerá responsables y procedimientos de gestión para el tratamiento de incidentes de seguridad de la información, en el cual se asegure una repuesta eficaz, eficiente y oportuna.\r\nLos responsables de gestionar los incidentes de seguridad de la información, deben tener la capacidad de investigar y solucionar los incidentes presentados, implementando las acciones necesarias para evitar su repetición. A su vez, estos incidentes deben tener procesos de escalamiento de acuerdo con la criticidad del mismo.\r\nLos funcionarios del CADEP Acacia deberán informar la existencia de un potencial evento, vulnerabilidad o incidente de seguridad de la información que pueda comprometer la disponibilidad, integridad y confidencialidad de los activos de información.\r\nLos procedimientos para la atención de incidentes deben estar debidamente documentados y debe contar con mecanismos y herramientas sencillas y ágiles de usar para facilitar el reporte del incidente.\r\nEl encargado de gestionar la seguridad de la información dentro del CADEP Acacia, debe llevar una bitácora de incidentes reportados, gestionados y de lecciones aprendidas al termino de análisis y solución de los incidentes de seguridad de la información.\r\n'),
(4, 50, '', 'El CADEP Acacia debe estipular un plan de la continuidad de la seguridad de la información donde se determinen los procedimientos y plazos de restauración de servicios tras una interrupción.\r\nEl colaborador encargado de gestionar la seguridad de la información dentro del CADEP Acacia debe realizar pruebas periódicas del plan de continuidad de negocio por lo menos una vez al año, efectuando actualizaciones, mejoras y llevando un reporte de las tareas realizadas.\r\nLa participación de los colaboradores en las pruebas de continuidad de negocio es de carácter obligatorio y contaran con la participación de todos aquellos colaboradores que el equipo de seguridad de la información considere necesarios.\r\nSe debe establecer roles y responsabilidades definidos dentro de los miembros del equipo de seguridad de la información para aumentar la eficacia en casos de recuperación de activos, gestión de crisis y ejecución de pruebas.\r\n'),
(4, 51, '', 'El CADEP Acacia, a través de sus distintas coordinaciones, debe respetar y acatar la normatividad relacionada con la seguridad de la información definida tanto por la Universidad Distrital Francisco José de Caldas como por este manual de políticas de seguridad de la información. Es por esto, que el organismo se compromete a realizar una continua revisión, identificación, documentación y cumplimientos relacionados a la seguridad de la información.\r\nEl equipo encargado de gestionar la seguridad de la información dentro del organismo debe monitorear y validar que todo el software instalado en los activos de información del CADEP Acacia cumplan con los requerimientos legales y de licenciamiento aplicables. En caso de encontrar una inconsistencia, debe ser reportada al área de tecnología de información de la Universidad Distrital.\r\nEl CADEP Acacia debe establecer los procedimientos necesarios para la protección de derechos de autor y propiedad intelectual de los productos generados.\r\nTodos los funcionarios deben cumplir con las leyes de derechos de autor y acuerdos de licenciamiento de software, ya que, la duplicación de software o de documentación sin la autorización del propietario es una violación a la ley.\r\nEl CADEP Acacia se compromete a realizar una auditoria de forma periódica donde se verifique el cumplimiento de estos lineamientos de seguridad de información por parte de los funcionarios, sistemas de información y procesos.\r\n'),
(5, 2, '|Hardware|', NULL),
(5, 3, '|Hardware|', NULL),
(5, 4, '|Hardware|', NULL),
(5, 5, '|Hardware|', NULL),
(5, 6, '|Hardware|', NULL),
(5, 7, '|Hardware|', NULL),
(5, 8, '|Hardware|', NULL),
(5, 9, '|Hardware|', NULL),
(5, 10, '|Hardware|', NULL),
(5, 11, '|Hardware|', NULL),
(5, 12, '|Software|', NULL),
(5, 13, '|Software|', NULL),
(5, 14, '|Software|', NULL),
(5, 15, '|Software|', NULL),
(5, 16, '|Software|', NULL),
(5, 17, '|Datos/Información|', NULL),
(5, 18, '|Datos/Información|', NULL),
(5, 19, '|Datos/Información|', NULL),
(5, 20, '|Datos/Información|', NULL),
(5, 21, '|Datos/Información|', NULL),
(5, 22, '|Datos/Información|', NULL),
(5, 23, '|Datos/Información|', NULL),
(5, 24, '|Datos/Información|', NULL),
(5, 25, '|Datos/Información|', NULL),
(5, 26, '|Datos/Información|', NULL),
(5, 27, '|Comunicaciones|', NULL),
(5, 28, '|Comunicaciones|', NULL),
(5, 29, '|Comunicaciones|', NULL),
(5, 30, '|Comunicaciones|', NULL),
(5, 31, '|Personal|', NULL),
(5, 32, '|Instalaciones|', NULL),
(5, 33, '|Instalaciones|', NULL),
(5, 34, '|Instalaciones|', NULL),
(5, 35, '|Instalaciones|', NULL),
(5, 36, '|Instalaciones|', NULL),
(5, 37, '|Instalaciones|', NULL),
(5, 38, '|Instalaciones|', NULL),
(6, 2, 'ACT_01', NULL),
(6, 3, 'ACT_02', NULL),
(6, 4, 'ACT_03', NULL),
(6, 5, 'ACT_04', NULL),
(6, 6, 'ACT_05', NULL),
(6, 7, 'ACT_06', NULL),
(6, 8, 'ACT_07', NULL),
(6, 9, 'ACT_08', NULL),
(6, 10, 'ACT_09', NULL),
(6, 11, 'ACT_10', NULL),
(6, 12, 'ACT_11', NULL),
(6, 13, 'ACT_12', NULL),
(6, 14, 'ACT_13', NULL),
(6, 15, 'ACT_14', NULL),
(6, 16, 'ACT_15', NULL),
(6, 17, 'ACT_16', NULL),
(6, 18, 'ACT_17', NULL),
(6, 19, 'ACT_18', NULL),
(6, 20, 'ACT_19', NULL),
(6, 21, 'ACT_20', NULL),
(6, 22, 'ACT_21', NULL),
(6, 23, 'ACT_22', NULL),
(6, 24, 'ACT_23', NULL),
(6, 25, 'ACT_24', NULL),
(6, 26, 'ACT_25', NULL),
(6, 27, 'ACT_26', NULL),
(6, 28, 'ACT_27', NULL),
(6, 29, 'ACT_28', NULL),
(6, 30, 'ACT_29', NULL),
(6, 31, 'ACT_30', NULL),
(6, 32, 'ACT_31', NULL),
(6, 33, 'ACT_32', NULL),
(6, 34, 'ACT_33', NULL),
(6, 35, 'ACT_34', NULL),
(6, 36, 'ACT_35', NULL),
(6, 37, 'ACT_36', NULL),
(6, 38, 'ACT_37', NULL),
(7, 2, '|Muy alto|', NULL),
(7, 3, '|Medio|', NULL),
(7, 4, '|Medio|', NULL),
(7, 5, '|Bajo|', NULL),
(7, 6, '|Bajo|', NULL),
(7, 7, '|Medio|', NULL),
(7, 8, '|Alto|', NULL),
(7, 9, '|Bajo|', NULL),
(7, 10, '|Medio|', NULL),
(7, 11, '|Alto|', NULL),
(7, 12, '|Muy alto|', NULL),
(7, 13, '|Muy alto|', NULL),
(7, 14, '|Alto|', NULL),
(7, 15, '|Medio|', NULL),
(7, 16, '|Alto|', NULL),
(7, 17, '|Muy alto|', NULL),
(7, 18, '|Muy bajo|', NULL),
(7, 19, '|Muy alto|', NULL),
(7, 20, '|Muy alto|', NULL),
(7, 21, '|Alto|', NULL),
(7, 22, '|Alto|', NULL),
(7, 23, '|Medio|', NULL),
(7, 24, '|Medio|', NULL),
(7, 25, '|Medio|', NULL),
(7, 26, '|Medio|', NULL),
(7, 27, '|Alto|', NULL),
(7, 28, '|Alto|', NULL),
(7, 29, '|Alto|', NULL),
(7, 30, '|Medio|', NULL),
(7, 31, '|Medio|', NULL),
(7, 32, '|Alto|', NULL),
(7, 33, '|Bajo|', NULL),
(7, 34, '|Muy alto|', NULL),
(7, 35, '|Muy alto|', NULL),
(7, 36, '|Muy alto|', NULL),
(7, 37, '|Medio|', NULL),
(7, 38, '|Medio|', NULL),
(8, 2, '|Muy alto|', NULL),
(8, 3, '|Alto|', NULL),
(8, 4, '|Alto|', NULL),
(8, 5, '|Medio|', NULL),
(8, 6, '|Medio|', NULL),
(8, 7, '|Medio|', NULL),
(8, 8, '|Alto|', NULL),
(8, 9, '|Bajo|', NULL),
(8, 10, '|Alto|', NULL),
(8, 11, '|Muy alto|', NULL),
(8, 12, '|Muy alto|', NULL),
(8, 13, '|Muy alto|', NULL),
(8, 14, '|Alto|', NULL),
(8, 15, '|Alto|', NULL),
(8, 16, '|Medio|', NULL),
(8, 17, '|Muy alto|', NULL),
(8, 18, '|Bajo|', NULL),
(8, 19, '|Alto|', NULL),
(8, 20, '|Muy alto|', NULL),
(8, 21, '|Alto|', NULL),
(8, 22, '|Muy alto|', NULL),
(8, 23, '|Medio|', NULL),
(8, 24, '|Medio|', NULL),
(8, 25, '|Medio|', NULL),
(8, 26, '|Alto|', NULL),
(8, 27, '|Alto|', NULL),
(8, 28, '|Alto|', NULL),
(8, 29, '|Alto|', NULL),
(8, 30, '|Medio|', NULL),
(8, 31, '|Alto|', NULL),
(8, 32, '|Alto|', NULL),
(8, 33, '|Alto|', NULL),
(8, 34, '|Alto|', NULL),
(8, 35, '|Alto|', NULL),
(8, 36, '|Muy alto|', NULL),
(8, 37, '|Medio|', NULL),
(8, 38, '|Medio|', NULL),
(9, 2, '|Muy alto|', NULL),
(9, 3, '|Muy alto|', NULL),
(9, 4, '|Alto|', NULL),
(9, 5, '|Alto|', NULL),
(9, 6, '|Alto|', NULL),
(9, 7, '|Medio|', NULL),
(9, 8, '|Alto|', NULL),
(9, 9, '|Bajo|', NULL),
(9, 10, '|Alto|', NULL),
(9, 11, '|Alto|', NULL),
(9, 12, '|Alto|', NULL),
(9, 13, '|Alto|', NULL),
(9, 14, '|Alto|', NULL),
(9, 15, '|Muy alto|', NULL),
(9, 16, '|Alto|', NULL),
(9, 17, '|Alto|', NULL),
(9, 18, '|Bajo|', NULL),
(9, 19, '|Alto|', NULL),
(9, 20, '|Muy alto|', NULL),
(9, 21, '|Alto|', NULL),
(9, 22, '|Alto|', NULL),
(9, 23, '|Medio|', NULL),
(9, 24, '|Medio|', NULL),
(9, 25, '|Medio|', NULL),
(9, 26, '|Medio|', NULL),
(9, 27, '|Alto|', NULL),
(9, 28, '|Alto|', NULL),
(9, 29, '|Alto|', NULL),
(9, 30, '|Medio|', NULL),
(9, 31, '|Muy alto|', NULL),
(9, 32, '|Alto|', NULL),
(9, 33, '|Alto|', NULL),
(9, 34, '|Alto|', NULL),
(9, 35, '|Muy alto|', NULL),
(9, 36, '|Muy alto|', NULL),
(9, 37, '|Alto|', NULL),
(9, 38, '|Alto|', NULL),
(10, 2, 'Acceso no autorizado', NULL),
(10, 3, 'Acceso no autorizado', NULL),
(10, 4, 'Acceso no autorizado', NULL),
(10, 5, 'Acceso no autorizado', NULL),
(10, 6, 'Acceso no autorizado', NULL),
(10, 7, 'Acceso no autorizado', NULL),
(10, 8, 'Acceso no autorizado', NULL),
(10, 9, 'Acceso no autorizado', NULL),
(10, 10, 'Acceso no autorizado', NULL),
(10, 11, 'Acceso no autorizado', NULL),
(10, 12, 'Acceso no autorizado', NULL),
(10, 13, 'Acceso no autorizado', NULL),
(10, 14, 'Denegación de Servicios (DoS)', NULL),
(10, 15, 'Acceso no autorizado', NULL),
(10, 16, 'Robo de información', NULL),
(10, 17, 'Acceso no autorizado', NULL),
(10, 18, 'Controles inadecuados, faltantes o incompletos', NULL),
(10, 19, 'Acceso no autorizado', NULL),
(10, 20, 'Acceso no autorizado', NULL),
(10, 21, 'Acceso no autorizado', NULL),
(10, 22, 'Acceso no autorizado', NULL),
(10, 23, 'Robo de información', NULL),
(10, 24, 'Robo de información', NULL),
(10, 25, 'Robo de información', NULL),
(10, 26, 'Robo de información', NULL),
(10, 27, 'Robo de información', NULL),
(10, 28, 'Denegación de Servicios (DoS)', NULL),
(10, 29, 'Denegación de Servicios (DoS)', NULL),
(10, 30, 'Robo de información', NULL),
(10, 31, 'Fraudes basados en el uso de computadores', NULL),
(10, 32, 'Desviaciones en la calidad del servicio', NULL),
(10, 33, 'Desviaciones en la calidad del servicio', NULL),
(10, 34, 'Acceso no autorizado', NULL),
(10, 35, 'Desviaciones en la calidad del servicio', NULL),
(10, 36, 'Acceso no autorizado', NULL),
(10, 37, 'Desastres Naturales', NULL),
(10, 38, 'Desastres Naturales', NULL),
(11, 2, 'Moderado', NULL),
(11, 3, 'Moderado', NULL),
(11, 4, 'Moderado', NULL),
(11, 5, 'Improbable', NULL),
(11, 6, 'Improbable', NULL),
(11, 7, 'Improbable', NULL),
(11, 8, 'Improbable', NULL),
(11, 9, 'Improbable', NULL),
(11, 10, 'Moderado', NULL),
(11, 11, 'Improbable', NULL),
(11, 12, 'Frecuente', NULL),
(11, 13, 'Moderado', NULL),
(11, 14, 'Moderado', NULL),
(11, 15, 'Frecuente', NULL),
(11, 16, 'Frecuente', NULL),
(11, 17, 'Moderado', NULL),
(11, 18, 'Moderado', NULL),
(11, 19, 'Moderado', NULL),
(11, 20, 'Frecuente', NULL),
(11, 21, 'Frecuente', NULL),
(11, 22, 'Moderado', NULL),
(11, 23, 'Moderado', NULL),
(11, 24, 'Moderado', NULL),
(11, 25, 'Moderado', NULL),
(11, 26, 'Moderado', NULL),
(11, 27, 'Moderado', NULL),
(11, 28, 'Frecuente', NULL),
(11, 29, 'Frecuente', NULL),
(11, 30, 'Moderado', NULL),
(11, 31, 'Moderado', NULL),
(11, 32, 'Frecuente', NULL),
(11, 33, 'Frecuente', NULL),
(11, 34, 'Moderado', NULL),
(11, 35, 'Moderado', NULL),
(11, 36, 'Moderado', NULL),
(11, 37, 'Moderado', NULL),
(11, 38, 'Moderado', NULL),
(12, 2, 'Muy fuerte', NULL),
(12, 3, 'Fuerte', NULL),
(12, 4, 'Fuerte', NULL),
(12, 5, 'Notable', NULL),
(12, 6, 'Notable', NULL),
(12, 7, 'Fuerte', NULL),
(12, 8, 'Fuerte', NULL),
(12, 9, 'Débil', NULL),
(12, 10, 'Fuerte', NULL),
(12, 11, 'Muy fuerte', NULL),
(12, 12, 'Fuerte', NULL),
(12, 13, 'Fuerte', NULL),
(12, 14, 'Fuerte', NULL),
(12, 15, 'Fuerte', NULL),
(12, 16, 'Muy fuerte', NULL),
(12, 17, 'Muy fuerte', NULL),
(12, 18, 'Notable', NULL),
(12, 19, 'Fuerte', NULL),
(12, 20, 'Muy fuerte', NULL),
(12, 21, 'Fuerte', NULL),
(12, 22, 'Fuerte', NULL),
(12, 23, 'Fuerte', NULL),
(12, 24, 'Fuerte', NULL),
(12, 25, 'Fuerte', NULL),
(12, 26, 'Muy fuerte', NULL),
(12, 27, 'Fuerte', NULL),
(12, 28, 'Fuerte', NULL),
(12, 29, 'Fuerte', NULL),
(12, 30, 'Fuerte', NULL),
(12, 31, 'Fuerte', NULL),
(12, 32, 'Fuerte', NULL),
(12, 33, 'Fuerte', NULL),
(12, 34, 'Fuerte', NULL),
(12, 35, 'Fuerte', NULL),
(12, 36, 'Muy fuerte', NULL),
(12, 37, 'Muy fuerte', NULL),
(12, 38, 'Muy fuerte', NULL),
(13, 2, 'Riesgo alto', NULL),
(13, 3, 'Riesgo moderado', NULL),
(13, 4, 'Riesgo moderado', NULL),
(13, 5, 'Riesgo aceptable', NULL),
(13, 6, 'Riesgo aceptable', NULL),
(13, 7, 'Riesgo moderado', NULL),
(13, 8, 'Riesgo moderado', NULL),
(13, 9, 'Riesgo aceptable', NULL),
(13, 10, 'Riesgo moderado', NULL),
(13, 11, 'Riesgo moderado', NULL),
(13, 12, 'Riesgo alto', NULL),
(13, 13, 'Riesgo moderado', NULL),
(13, 14, 'Riesgo moderado', NULL),
(13, 15, 'Riesgo alto', NULL),
(13, 16, 'Riesgo extremo', NULL),
(13, 17, 'Riesgo alto', NULL),
(13, 18, 'Riesgo moderado', NULL),
(13, 19, 'Riesgo moderado', NULL),
(13, 20, 'Riesgo extremo', NULL),
(13, 21, 'Riesgo alto', NULL),
(13, 22, 'Riesgo moderado', NULL),
(13, 23, 'Riesgo moderado', NULL),
(13, 24, 'Riesgo moderado', NULL),
(13, 25, 'Riesgo moderado', NULL),
(13, 26, 'Riesgo alto', NULL),
(13, 27, 'Riesgo moderado', NULL),
(13, 28, 'Riesgo alto', NULL),
(13, 29, 'Riesgo alto', NULL),
(13, 30, 'Riesgo moderado', NULL),
(13, 31, 'Riesgo moderado', NULL),
(13, 32, 'Riesgo alto', NULL),
(13, 33, 'Riesgo alto', NULL),
(13, 34, 'Riesgo moderado', NULL),
(13, 35, 'Riesgo moderado', NULL),
(13, 36, 'Riesgo alto', NULL),
(13, 37, 'Riesgo alto', NULL),
(13, 38, 'Riesgo alto', NULL),
(15, 2, 'Robo de información', NULL),
(15, 3, 'Errores o fallas técnicas de hardware', NULL),
(15, 4, 'Errores o fallas técnicas de hardware', NULL),
(15, 5, 'Robo de información', NULL),
(15, 6, 'Errores o fallas técnicas de hardware', NULL),
(15, 7, 'Errores o fallas técnicas de hardware', NULL),
(15, 8, 'Errores o fallas técnicas de hardware', NULL),
(15, 9, 'Errores o fallas técnicas de hardware', NULL),
(15, 10, 'Errores o fallas técnicas de hardware', NULL),
(15, 11, 'Errores o fallas técnicas de hardware', NULL),
(15, 12, 'Robo de información', NULL),
(15, 13, 'Denegación de Servicios (DoS)', NULL),
(15, 14, 'Ataques de software', NULL),
(15, 15, 'Robo de información', NULL),
(15, 16, 'Denegación de Servicios (DoS)', NULL),
(15, 17, 'Robo de información', NULL),
(15, 18, 'Error de usuario', NULL),
(15, 19, 'Robo de información', NULL),
(15, 20, 'Robo de información', NULL),
(15, 21, 'Robo de información', NULL),
(15, 22, 'Alteración de la Información', NULL),
(15, 23, 'Divulgación de Información', NULL),
(15, 24, 'Divulgación de Información', NULL),
(15, 25, 'Divulgación de Información', NULL),
(15, 26, 'Alteración de la Información', NULL),
(15, 27, 'Divulgación de Información', NULL),
(15, 28, 'Alteración de la Información', NULL),
(15, 29, 'Alteración de la Información', NULL),
(15, 30, 'Extorsión de información ', NULL),
(15, 31, 'Divulgación de Información', NULL),
(15, 32, 'Controles inadecuados, faltantes o incompletos', NULL),
(15, 33, 'Controles inadecuados, faltantes o incompletos', NULL),
(15, 34, 'Robo de información', NULL),
(15, 35, 'Controles inadecuados, faltantes o incompletos', NULL),
(15, 36, 'Desastres Naturales', NULL),
(15, 37, 'Controles inadecuados, faltantes o incompletos', NULL),
(15, 38, 'Controles inadecuados, faltantes o incompletos', NULL),
(16, 2, 'Moderado', NULL),
(16, 3, 'Frecuente', NULL),
(16, 4, 'Frecuente', NULL),
(16, 5, 'Improbable', NULL),
(16, 6, 'Moderado', NULL),
(16, 7, 'Moderado', NULL),
(16, 8, 'Moderado', NULL),
(16, 9, 'Moderado', NULL),
(16, 10, 'Moderado', NULL),
(16, 11, 'Moderado', NULL),
(16, 12, 'Moderado', NULL),
(16, 13, 'Moderado', NULL),
(16, 14, 'Improbable', NULL),
(16, 15, 'Frecuente', NULL),
(16, 16, 'Frecuente', NULL),
(16, 17, 'Frecuente', NULL),
(16, 18, 'Improbable', NULL),
(16, 19, 'Moderado', NULL),
(16, 20, 'Frecuente', NULL),
(16, 21, 'Frecuente', NULL),
(16, 22, 'Moderado', NULL),
(16, 23, 'Frecuente', NULL),
(16, 24, 'Frecuente', NULL),
(16, 25, 'Frecuente', NULL),
(16, 26, 'Moderado', NULL),
(16, 27, 'Frecuente', NULL),
(16, 28, 'Frecuente', NULL),
(16, 29, 'Frecuente', NULL),
(16, 30, 'Moderado', NULL),
(16, 31, 'Frecuente', NULL),
(16, 32, 'Frecuente', NULL),
(16, 33, 'Frecuente', NULL),
(16, 34, 'Moderado', NULL),
(16, 35, 'Frecuente', NULL),
(16, 36, 'Improbable', NULL),
(16, 37, 'Frecuente', NULL),
(16, 38, 'Frecuente', NULL),
(17, 2, 'Fuerte', NULL),
(17, 3, 'Fuerte', NULL),
(17, 4, 'Fuerte', NULL),
(17, 5, 'Fuerte', NULL),
(17, 6, 'Notable', NULL),
(17, 7, 'Fuerte', NULL),
(17, 8, 'Fuerte', NULL),
(17, 9, 'Notable', NULL),
(17, 10, 'Fuerte', NULL),
(17, 11, 'Fuerte', NULL),
(17, 12, 'Muy fuerte', NULL),
(17, 13, 'Fuerte', NULL),
(17, 14, 'Muy fuerte', NULL),
(17, 15, 'Muy fuerte', NULL),
(17, 16, 'Fuerte', NULL),
(17, 17, 'Muy fuerte', NULL),
(17, 18, 'Débil', NULL),
(17, 19, 'Muy fuerte', NULL),
(17, 20, 'Muy fuerte', NULL),
(17, 21, 'Muy fuerte', NULL),
(17, 22, 'Muy fuerte', NULL),
(17, 23, 'Fuerte', NULL),
(17, 24, 'Fuerte', NULL),
(17, 25, 'Fuerte', NULL),
(17, 26, 'Fuerte', NULL),
(17, 27, 'Fuerte', NULL),
(17, 28, 'Fuerte', NULL),
(17, 29, 'Fuerte', NULL),
(17, 30, 'Fuerte', NULL),
(17, 31, 'Muy fuerte', NULL),
(17, 32, 'Fuerte', NULL),
(17, 33, 'Fuerte', NULL),
(17, 34, 'Muy fuerte', NULL),
(17, 35, 'Fuerte', NULL),
(17, 36, 'Muy fuerte', NULL),
(17, 37, 'Fuerte', NULL),
(17, 38, 'Fuerte', NULL),
(18, 2, 'Riesgo moderado', NULL),
(18, 3, 'Riesgo alto', NULL),
(18, 4, 'Riesgo alto', NULL),
(18, 5, 'Riesgo moderado', NULL),
(18, 6, 'Riesgo moderado', NULL),
(18, 7, 'Riesgo moderado', NULL),
(18, 8, 'Riesgo moderado', NULL),
(18, 9, 'Riesgo moderado', NULL),
(18, 10, 'Riesgo moderado', NULL),
(18, 11, 'Riesgo moderado', NULL),
(18, 12, 'Riesgo alto', NULL),
(18, 13, 'Riesgo moderado', NULL),
(18, 14, 'Riesgo moderado', NULL),
(18, 15, 'Riesgo extremo', NULL),
(18, 16, 'Riesgo alto', NULL),
(18, 17, 'Riesgo extremo', NULL),
(18, 18, 'Riesgo aceptable', NULL),
(18, 19, 'Riesgo alto', NULL),
(18, 20, 'Riesgo extremo', NULL),
(18, 21, 'Riesgo extremo', NULL),
(18, 22, 'Riesgo alto', NULL),
(18, 23, 'Riesgo alto', NULL),
(18, 24, 'Riesgo alto', NULL),
(18, 25, 'Riesgo alto', NULL),
(18, 26, 'Riesgo moderado', NULL),
(18, 27, 'Riesgo alto', NULL),
(18, 28, 'Riesgo alto', NULL),
(18, 29, 'Riesgo alto', NULL),
(18, 30, 'Riesgo moderado', NULL),
(18, 31, 'Riesgo extremo', NULL),
(18, 32, 'Riesgo alto', NULL),
(18, 33, 'Riesgo alto', NULL),
(18, 34, 'Riesgo alto', NULL),
(18, 35, 'Riesgo alto', NULL),
(18, 36, 'Riesgo moderado', NULL),
(18, 37, 'Riesgo alto', NULL),
(18, 38, 'Riesgo alto', NULL),
(19, 2, 'Denegación de Servicios (DoS)', NULL),
(19, 3, 'Daño físico', NULL),
(19, 4, 'Daño físico', NULL),
(19, 5, 'Daño físico', NULL),
(19, 6, '', NULL),
(19, 7, 'Condiciones inadecuadas de temperatura y humedad', NULL),
(19, 8, 'Condiciones inadecuadas de temperatura y humedad', NULL),
(19, 9, 'Condiciones inadecuadas de temperatura y humedad', NULL),
(19, 10, 'Condiciones inadecuadas de temperatura y humedad', NULL),
(19, 11, 'Condiciones inadecuadas de temperatura y humedad', NULL),
(19, 12, 'Denegación de Servicios (DoS)', NULL),
(19, 13, 'Errores o fallas técnicas de software', NULL),
(19, 14, 'Errores o fallas técnicas de software', NULL),
(19, 15, 'Suplantación de identidad', NULL),
(19, 16, 'Controles inadecuados, faltantes o incompletos', NULL),
(19, 17, 'Denegación de Servicios (DoS)', NULL),
(19, 18, '', NULL),
(19, 19, 'Divulgación de Información', NULL),
(19, 20, 'Denegación de Servicios (DoS)', NULL),
(19, 21, 'Denegación de Servicios (DoS)', NULL),
(19, 22, 'Compromisos de propiedad intelectual', NULL),
(19, 23, 'Errores o fallas técnicas de hardware', NULL),
(19, 24, 'Errores o fallas técnicas de hardware', NULL),
(19, 25, 'Errores o fallas técnicas de hardware', NULL),
(19, 26, 'Espionaje', NULL),
(19, 27, 'Extorsión de información ', NULL),
(19, 28, 'Controles inadecuados, faltantes o incompletos', NULL),
(19, 29, 'Controles inadecuados, faltantes o incompletos', NULL),
(19, 30, 'Caída de sistema', NULL),
(19, 31, 'Extorsión de información ', NULL),
(19, 32, 'Condiciones inadecuadas de temperatura y humedad', NULL),
(19, 33, 'Condiciones inadecuadas de temperatura y humedad', NULL),
(19, 34, 'Errores o fallas técnicas de hardware', NULL),
(19, 35, 'Caída de sistema', NULL),
(19, 36, 'Controles inadecuados, faltantes o incompletos', NULL),
(19, 37, 'Condiciones inadecuadas de temperatura y humedad', NULL),
(19, 38, 'Condiciones inadecuadas de temperatura y humedad', NULL),
(20, 2, 'Suplantación de identidad', NULL),
(20, 3, 'Obsolescencia tecnológica', NULL),
(20, 4, 'Obsolescencia tecnológica', NULL),
(20, 5, 'Errores o fallas técnicas de hardware', NULL),
(20, 6, 'Condiciones inadecuadas de temperatura y humedad', NULL),
(20, 7, 'Daño físico', NULL),
(20, 8, 'Daño físico', NULL),
(20, 9, 'Daño físico', NULL),
(20, 10, 'Daño físico', NULL),
(20, 11, 'Daño físico', NULL),
(20, 12, 'Suplantación de identidad', NULL),
(20, 13, 'Ataques de software', NULL),
(20, 14, 'Desviaciones en la calidad del servicio', NULL),
(20, 15, 'Fraudes basados en el uso de computadores', NULL),
(20, 16, 'Espionaje', NULL),
(20, 17, 'Suplantación de identidad', NULL),
(20, 18, '', NULL),
(20, 19, 'Alteración de la Información', NULL),
(20, 20, 'Suplantación de identidad', NULL),
(20, 21, 'Suplantación de identidad', NULL),
(20, 22, 'Espionaje', NULL),
(20, 23, 'Extorsión de información ', NULL),
(20, 24, 'Extorsión de información ', NULL),
(20, 25, 'Extorsión de información ', NULL),
(20, 26, 'Divulgación de Información', NULL),
(20, 27, 'Desviaciones en la calidad del servicio', NULL),
(20, 28, 'Desviaciones en la calidad del servicio', NULL),
(20, 29, 'Desviaciones en la calidad del servicio', NULL),
(20, 30, 'Errores o fallas técnicas de hardware', NULL),
(20, 31, 'Desastres Naturales', NULL),
(20, 32, 'Daño físico', NULL),
(20, 33, 'Daño físico', NULL),
(20, 34, 'Divulgación de Información', NULL),
(20, 35, 'Errores o fallas técnicas de hardware', NULL),
(20, 36, 'Desviaciones en la calidad del servicio', NULL),
(20, 37, 'Daño físico', NULL),
(20, 38, 'Daño físico', NULL),
(21, 2, 'Alteración de la Información', NULL),
(21, 3, 'Error de usuario', NULL),
(21, 4, 'Condiciones inadecuadas de temperatura y humedad', NULL),
(21, 5, 'Condiciones inadecuadas de temperatura y humedad', NULL),
(21, 6, '', NULL),
(21, 7, 'Corte de suministro eléctrico', NULL),
(21, 8, 'Corte de suministro eléctrico', NULL),
(21, 9, 'Corte de suministro eléctrico', NULL),
(21, 10, 'Caída de sistema', NULL),
(21, 11, 'Corte de suministro eléctrico', NULL),
(21, 12, 'Caída de sistema', NULL),
(21, 13, 'Caída de sistema', NULL),
(21, 14, 'Caída de sistema', NULL),
(21, 15, 'Denegación de Servicios (DoS)', NULL),
(21, 16, 'Error de usuario', NULL),
(21, 17, 'Desviaciones en la calidad del servicio', NULL),
(21, 18, '', NULL),
(21, 19, 'Compromisos de propiedad intelectual', NULL),
(21, 20, 'Ataques de Fuerza Bruta', NULL),
(21, 21, 'Ataques de Fuerza Bruta', NULL),
(21, 22, 'Controles inadecuados, faltantes o incompletos', NULL),
(21, 23, 'Condiciones inadecuadas de temperatura y humedad', NULL),
(21, 24, 'Condiciones inadecuadas de temperatura y humedad', NULL),
(21, 25, 'Condiciones inadecuadas de temperatura y humedad', NULL),
(21, 26, 'Compromisos de propiedad intelectual', NULL),
(21, 27, 'Error de usuario', NULL),
(21, 28, 'Errores o fallas técnicas de hardware', NULL),
(21, 29, 'Errores o fallas técnicas de hardware', NULL),
(21, 30, '', NULL),
(21, 31, 'Sabotaje, vandalismo', NULL),
(21, 32, 'Corte de suministro eléctrico', NULL),
(21, 33, 'Corte de suministro eléctrico', NULL),
(21, 34, 'Errores o fallas técnicas de software', NULL),
(21, 35, '', NULL),
(21, 36, 'Errores o fallas técnicas de hardware', NULL),
(21, 37, 'Corte de suministro eléctrico', NULL),
(21, 38, 'Corte de suministro eléctrico', NULL),
(22, 2, 'Espionaje', NULL),
(22, 3, 'Condiciones inadecuadas de temperatura y humedad', NULL),
(22, 4, 'Corte de suministro eléctrico', NULL),
(22, 5, '', NULL),
(22, 6, '', NULL),
(22, 7, '', NULL),
(22, 8, '', NULL),
(22, 9, '', NULL),
(22, 10, 'Corte de suministro eléctrico', NULL),
(22, 11, '', NULL),
(22, 12, 'Ataques de Fuerza Bruta', NULL),
(22, 13, '', NULL),
(22, 14, '', NULL),
(22, 15, 'Ataques de Fuerza Bruta', NULL),
(22, 16, 'Caída de sistema', NULL),
(22, 17, 'Ataques de Fuerza Bruta', NULL),
(22, 18, '', NULL),
(22, 19, 'Controles inadecuados, faltantes o incompletos', NULL),
(22, 20, 'Divulgación de Información', NULL),
(22, 21, 'Divulgación de Información', NULL),
(22, 22, 'Errores o fallas técnicas de software', NULL),
(22, 23, 'Fugas de información', NULL),
(22, 24, 'Fugas de información', NULL),
(22, 25, 'Fugas de información', NULL),
(22, 26, 'Controles inadecuados, faltantes o incompletos', NULL),
(22, 27, 'Caída de sistema', NULL),
(22, 28, 'Daño físico', NULL),
(22, 29, 'Daño físico', NULL),
(22, 30, '', NULL),
(22, 31, '', NULL),
(22, 32, '', NULL),
(22, 33, '', NULL),
(22, 34, 'Daño físico', NULL),
(22, 35, '', NULL),
(22, 36, 'Obsolescencia tecnológica', NULL),
(22, 37, '', NULL),
(22, 38, '', NULL),
(23, 2, 'Ataques de software', NULL),
(23, 3, 'Corte de suministro eléctrico', NULL),
(23, 4, 'Error de usuario', NULL),
(23, 5, '', NULL),
(23, 6, '', NULL),
(23, 7, '', NULL),
(23, 8, '', NULL),
(23, 9, '', NULL),
(23, 10, '', NULL),
(23, 11, '', NULL),
(23, 12, 'Alteración de la Información', NULL),
(23, 13, '', NULL),
(23, 14, '', NULL),
(23, 15, 'Alteración de la Información', NULL),
(23, 16, 'Fugas de información', NULL),
(23, 17, 'Alteración de la Información', NULL),
(23, 18, '', NULL),
(23, 19, 'Error de usuario', NULL),
(23, 20, 'Espionaje', NULL),
(23, 21, 'Espionaje', NULL),
(23, 22, 'Sabotaje, vandalismo', NULL),
(23, 23, '', NULL),
(23, 24, '', NULL),
(23, 25, '', NULL),
(23, 26, 'Daño físico', NULL),
(23, 27, 'Fugas de información', NULL),
(23, 28, 'Corte de suministro eléctrico', NULL),
(23, 29, 'Corte de suministro eléctrico', NULL),
(23, 30, '', NULL),
(23, 31, '', NULL),
(23, 32, '', NULL),
(23, 33, '', NULL),
(23, 34, 'Caída de sistema', NULL),
(23, 35, '', NULL),
(23, 36, 'Sabotaje, vandalismo', NULL),
(23, 37, '', NULL),
(23, 38, '', NULL),
(24, 2, 'Desviaciones en la calidad del servicio', NULL),
(24, 3, '', NULL),
(24, 4, '', NULL),
(24, 5, '', NULL),
(24, 6, '', NULL),
(24, 7, '', NULL),
(24, 8, '', NULL),
(24, 9, '', NULL),
(24, 10, '', NULL),
(24, 11, '', NULL),
(24, 12, 'Divulgación de Información', NULL),
(24, 13, '', NULL),
(24, 14, '', NULL),
(24, 15, 'Divulgación de Información', NULL),
(24, 16, '', NULL),
(24, 17, 'Divulgación de Información', NULL),
(24, 18, '', NULL),
(24, 19, 'Corte de suministro eléctrico', NULL),
(24, 20, 'Controles inadecuados, faltantes o incompletos', NULL),
(24, 21, 'Controles inadecuados, faltantes o incompletos', NULL),
(24, 22, 'Caída de sistema', NULL),
(24, 23, '', NULL),
(24, 24, '', NULL),
(24, 25, '', NULL),
(24, 26, 'Condiciones inadecuadas de temperatura y humedad', NULL),
(24, 27, '', NULL),
(24, 28, '', NULL),
(24, 29, '', NULL),
(24, 30, '', NULL),
(24, 31, '', NULL),
(24, 32, '', NULL),
(24, 33, '', NULL),
(24, 34, '', NULL),
(24, 35, '', NULL),
(24, 36, 'Daño físico', NULL),
(24, 37, '', NULL),
(24, 38, '', NULL),
(25, 2, 'Controles inadecuados, faltantes o incompletos', NULL),
(25, 3, '', NULL),
(25, 4, '', NULL),
(25, 5, '', NULL),
(25, 6, '', NULL),
(25, 7, '', NULL),
(25, 8, '', NULL),
(25, 9, '', NULL),
(25, 10, '', NULL),
(25, 11, '', NULL),
(25, 12, 'Espionaje', NULL),
(25, 13, '', NULL),
(25, 14, '', NULL),
(25, 15, 'Espionaje', NULL),
(25, 16, '', NULL),
(25, 17, 'Espionaje', NULL),
(25, 18, '', NULL),
(25, 19, '', NULL),
(25, 20, 'Error de usuario', NULL),
(25, 21, 'Error de usuario', NULL),
(25, 22, '', NULL),
(25, 23, '', NULL),
(25, 24, '', NULL),
(25, 25, '', NULL),
(25, 26, 'Fugas de información', NULL),
(25, 27, '', NULL),
(25, 28, '', NULL),
(25, 29, '', NULL),
(25, 30, '', NULL),
(25, 31, '', NULL),
(25, 32, '', NULL),
(25, 33, '', NULL),
(25, 34, '', NULL),
(25, 35, '', NULL),
(25, 36, 'Condiciones inadecuadas de temperatura y humedad', NULL),
(25, 37, '', NULL),
(25, 38, '', NULL),
(26, 2, 'Errores o fallas técnicas de software', NULL),
(26, 3, '', NULL),
(26, 4, '', NULL),
(26, 5, '', NULL),
(26, 6, '', NULL),
(26, 7, '', NULL),
(26, 8, '', NULL),
(26, 9, '', NULL),
(26, 10, '', NULL),
(26, 11, '', NULL),
(26, 12, 'Fugas de información', NULL),
(26, 13, '', NULL),
(26, 14, '', NULL),
(26, 15, 'Ataques de software', NULL),
(26, 16, '', NULL),
(26, 17, 'Compromisos de propiedad intelectual', NULL),
(26, 18, '', NULL),
(26, 19, '', NULL),
(26, 20, '', NULL),
(26, 21, '', NULL),
(26, 22, '', NULL),
(26, 23, '', NULL),
(26, 24, '', NULL),
(26, 25, '', NULL),
(26, 26, '', NULL),
(26, 27, '', NULL),
(26, 28, '', NULL),
(26, 29, '', NULL),
(26, 30, '', NULL),
(26, 31, '', NULL),
(26, 32, '', NULL),
(26, 33, '', NULL),
(26, 34, '', NULL),
(26, 35, '', NULL),
(26, 36, 'Corte de suministro eléctrico', NULL),
(26, 37, '', NULL),
(26, 38, '', NULL),
(27, 2, 'Sabotaje, vandalismo', NULL),
(27, 3, '', NULL),
(27, 4, '', NULL),
(27, 5, '', NULL),
(27, 6, '', NULL),
(27, 7, '', NULL),
(27, 8, '', NULL),
(27, 9, '', NULL),
(27, 10, '', NULL),
(27, 11, '', NULL),
(27, 12, 'Compromisos de propiedad intelectual', NULL),
(27, 13, '', NULL),
(27, 14, '', NULL),
(27, 15, 'Errores o fallas técnicas de software', NULL),
(27, 16, '', NULL),
(27, 17, 'Controles inadecuados, faltantes o incompletos', NULL),
(27, 18, '', NULL),
(27, 19, '', NULL),
(27, 20, '', NULL),
(27, 21, '', NULL),
(27, 22, '', NULL),
(27, 23, '', NULL),
(27, 24, '', NULL),
(27, 25, '', NULL),
(27, 26, '', NULL),
(27, 27, '', NULL),
(27, 28, '', NULL),
(27, 29, '', NULL),
(27, 30, '', NULL),
(27, 31, '', NULL),
(27, 32, '', NULL),
(27, 33, '', NULL),
(27, 34, '', NULL),
(27, 35, '', NULL),
(27, 36, '', NULL),
(27, 37, '', NULL),
(27, 38, '', NULL),
(28, 2, 'Error de usuario', NULL),
(28, 3, '', NULL),
(28, 4, '', NULL),
(28, 5, '', NULL),
(28, 6, '', NULL),
(28, 7, '', NULL),
(28, 8, '', NULL),
(28, 9, '', NULL),
(28, 10, '', NULL),
(28, 11, '', NULL),
(28, 12, 'Ataques de software', NULL),
(28, 13, '', NULL),
(28, 14, '', NULL),
(28, 15, 'Obsolescencia tecnológica', NULL),
(28, 16, '', NULL),
(28, 17, 'Sabotaje, vandalismo', NULL),
(28, 18, '', NULL),
(28, 19, '', NULL);
INSERT INTO `sgsi_custom_field_string_table` (`field_id`, `bug_id`, `value`, `text`) VALUES
(28, 20, '', NULL),
(28, 21, '', NULL),
(28, 22, '', NULL),
(28, 23, '', NULL),
(28, 24, '', NULL),
(28, 25, '', NULL),
(28, 26, '', NULL),
(28, 27, '', NULL),
(28, 28, '', NULL),
(28, 29, '', NULL),
(28, 30, '', NULL),
(28, 31, '', NULL),
(28, 32, '', NULL),
(28, 33, '', NULL),
(28, 34, '', NULL),
(28, 35, '', NULL),
(28, 36, '', NULL),
(28, 37, '', NULL),
(28, 38, '', NULL),
(29, 2, 'Caída de sistema', NULL),
(29, 3, '', NULL),
(29, 4, '', NULL),
(29, 5, '', NULL),
(29, 6, '', NULL),
(29, 7, '', NULL),
(29, 8, '', NULL),
(29, 9, '', NULL),
(29, 10, '', NULL),
(29, 11, '', NULL),
(29, 12, 'Desviaciones en la calidad del servicio', NULL),
(29, 13, '', NULL),
(29, 14, '', NULL),
(29, 15, 'Error de usuario', NULL),
(29, 16, '', NULL),
(29, 17, 'Error de usuario', NULL),
(29, 18, '', NULL),
(29, 19, '', NULL),
(29, 20, '', NULL),
(29, 21, '', NULL),
(29, 22, '', NULL),
(29, 23, '', NULL),
(29, 24, '', NULL),
(29, 25, '', NULL),
(29, 26, '', NULL),
(29, 27, '', NULL),
(29, 28, '', NULL),
(29, 29, '', NULL),
(29, 30, '', NULL),
(29, 31, '', NULL),
(29, 32, '', NULL),
(29, 33, '', NULL),
(29, 34, '', NULL),
(29, 35, '', NULL),
(29, 36, '', NULL),
(29, 37, '', NULL),
(29, 38, '', NULL),
(30, 2, 'Fugas de información', NULL),
(30, 3, '', NULL),
(30, 4, '', NULL),
(30, 5, '', NULL),
(30, 6, '', NULL),
(30, 7, '', NULL),
(30, 8, '', NULL),
(30, 9, '', NULL),
(30, 10, '', NULL),
(30, 11, '', NULL),
(30, 12, 'Controles inadecuados, faltantes o incompletos', NULL),
(30, 13, '', NULL),
(30, 14, '', NULL),
(30, 15, 'Fugas de información', NULL),
(30, 16, '', NULL),
(30, 17, 'Caída de sistema', NULL),
(30, 18, '', NULL),
(30, 19, '', NULL),
(30, 20, '', NULL),
(30, 21, '', NULL),
(30, 22, '', NULL),
(30, 23, '', NULL),
(30, 24, '', NULL),
(30, 25, '', NULL),
(30, 26, '', NULL),
(30, 27, '', NULL),
(30, 28, '', NULL),
(30, 29, '', NULL),
(30, 30, '', NULL),
(30, 31, '', NULL),
(30, 32, '', NULL),
(30, 33, '', NULL),
(30, 34, '', NULL),
(30, 35, '', NULL),
(30, 36, '', NULL),
(30, 37, '', NULL),
(30, 38, '', NULL),
(31, 2, '', NULL),
(31, 3, '', NULL),
(31, 4, '', NULL),
(31, 5, '', NULL),
(31, 6, '', NULL),
(31, 7, '', NULL),
(31, 8, '', NULL),
(31, 9, '', NULL),
(31, 10, '', NULL),
(31, 11, '', NULL),
(31, 12, 'Errores o fallas técnicas de software', NULL),
(31, 13, '', NULL),
(31, 14, '', NULL),
(31, 15, '', NULL),
(31, 16, '', NULL),
(31, 17, '', NULL),
(31, 18, '', NULL),
(31, 19, '', NULL),
(31, 20, '', NULL),
(31, 21, '', NULL),
(31, 22, '', NULL),
(31, 23, '', NULL),
(31, 24, '', NULL),
(31, 25, '', NULL),
(31, 26, '', NULL),
(31, 27, '', NULL),
(31, 28, '', NULL),
(31, 29, '', NULL),
(31, 30, '', NULL),
(31, 31, '', NULL),
(31, 32, '', NULL),
(31, 33, '', NULL),
(31, 34, '', NULL),
(31, 35, '', NULL),
(31, 36, '', NULL),
(31, 37, '', NULL),
(31, 38, '', NULL),
(32, 2, '', NULL),
(32, 3, '', NULL),
(32, 4, '', NULL),
(32, 5, '', NULL),
(32, 6, '', NULL),
(32, 7, '', NULL),
(32, 8, '', NULL),
(32, 9, '', NULL),
(32, 10, '', NULL),
(32, 11, '', NULL),
(32, 12, 'Sabotaje, vandalismo', NULL),
(32, 13, '', NULL),
(32, 14, '', NULL),
(32, 15, '', NULL),
(32, 16, '', NULL),
(32, 17, '', NULL),
(32, 18, '', NULL),
(32, 19, '', NULL),
(32, 20, '', NULL),
(32, 21, '', NULL),
(32, 22, '', NULL),
(32, 23, '', NULL),
(32, 24, '', NULL),
(32, 25, '', NULL),
(32, 26, '', NULL),
(32, 27, '', NULL),
(32, 28, '', NULL),
(32, 29, '', NULL),
(32, 30, '', NULL),
(32, 31, '', NULL),
(32, 32, '', NULL),
(32, 33, '', NULL),
(32, 34, '', NULL),
(32, 35, '', NULL),
(32, 36, '', NULL),
(32, 37, '', NULL),
(32, 38, '', NULL),
(33, 2, '', NULL),
(33, 3, '', NULL),
(33, 4, '', NULL),
(33, 5, '', NULL),
(33, 6, '', NULL),
(33, 7, '', NULL),
(33, 8, '', NULL),
(33, 9, '', NULL),
(33, 10, '', NULL),
(33, 11, '', NULL),
(33, 12, 'Error de usuario', NULL),
(33, 13, '', NULL),
(33, 14, '', NULL),
(33, 15, '', NULL),
(33, 16, '', NULL),
(33, 17, '', NULL),
(33, 18, '', NULL),
(33, 19, '', NULL),
(33, 20, '', NULL),
(33, 21, '', NULL),
(33, 22, '', NULL),
(33, 23, '', NULL),
(33, 24, '', NULL),
(33, 25, '', NULL),
(33, 26, '', NULL),
(33, 27, '', NULL),
(33, 28, '', NULL),
(33, 29, '', NULL),
(33, 30, '', NULL),
(33, 31, '', NULL),
(33, 32, '', NULL),
(33, 33, '', NULL),
(33, 34, '', NULL),
(33, 35, '', NULL),
(33, 36, '', NULL),
(33, 37, '', NULL),
(33, 38, '', NULL),
(34, 2, '', NULL),
(34, 3, '', NULL),
(34, 4, '', NULL),
(34, 5, '', NULL),
(34, 6, '', NULL),
(34, 7, '', NULL),
(34, 8, '', NULL),
(34, 9, '', NULL),
(34, 10, '', NULL),
(34, 11, '', NULL),
(34, 12, '', NULL),
(34, 13, '', NULL),
(34, 14, '', NULL),
(34, 15, '', NULL),
(34, 16, '', NULL),
(34, 17, '', NULL),
(34, 18, '', NULL),
(34, 19, '', NULL),
(34, 20, '', NULL),
(34, 21, '', NULL),
(34, 22, '', NULL),
(34, 23, '', NULL),
(34, 24, '', NULL),
(34, 25, '', NULL),
(34, 26, '', NULL),
(34, 27, '', NULL),
(34, 28, '', NULL),
(34, 29, '', NULL),
(34, 30, '', NULL),
(34, 31, '', NULL),
(34, 32, '', NULL),
(34, 33, '', NULL),
(34, 34, '', NULL),
(34, 35, '', NULL),
(34, 36, '', NULL),
(34, 37, '', NULL),
(34, 38, '', NULL),
(35, 2, '', NULL),
(35, 3, '', NULL),
(35, 4, '', NULL),
(35, 5, '', NULL),
(35, 6, '', NULL),
(35, 7, '', NULL),
(35, 8, '', NULL),
(35, 9, '', NULL),
(35, 10, '', NULL),
(35, 11, '', NULL),
(35, 12, '', NULL),
(35, 13, '', NULL),
(35, 14, '', NULL),
(35, 15, '', NULL),
(35, 16, '', NULL),
(35, 17, '', NULL),
(35, 18, '', NULL),
(35, 19, '', NULL),
(35, 20, '', NULL),
(35, 21, '', NULL),
(35, 22, '', NULL),
(35, 23, '', NULL),
(35, 24, '', NULL),
(35, 25, '', NULL),
(35, 26, '', NULL),
(35, 27, '', NULL),
(35, 28, '', NULL),
(35, 29, '', NULL),
(35, 30, '', NULL),
(35, 31, '', NULL),
(35, 32, '', NULL),
(35, 33, '', NULL),
(35, 34, '', NULL),
(35, 35, '', NULL),
(35, 36, '', NULL),
(35, 37, '', NULL),
(35, 38, '', NULL),
(36, 2, '', NULL),
(36, 3, '', NULL),
(36, 4, '', NULL),
(36, 5, '', NULL),
(36, 6, '', NULL),
(36, 7, '', NULL),
(36, 8, '', NULL),
(36, 9, '', NULL),
(36, 10, '', NULL),
(36, 11, '', NULL),
(36, 12, '', NULL),
(36, 13, '', NULL),
(36, 14, '', NULL),
(36, 15, '', NULL),
(36, 16, '', NULL),
(36, 17, '', NULL),
(36, 18, '', NULL),
(36, 19, '', NULL),
(36, 20, '', NULL),
(36, 21, '', NULL),
(36, 22, '', NULL),
(36, 23, '', NULL),
(36, 24, '', NULL),
(36, 25, '', NULL),
(36, 26, '', NULL),
(36, 27, '', NULL),
(36, 28, '', NULL),
(36, 29, '', NULL),
(36, 30, '', NULL),
(36, 31, '', NULL),
(36, 32, '', NULL),
(36, 33, '', NULL),
(36, 34, '', NULL),
(36, 35, '', NULL),
(36, 36, '', NULL),
(36, 37, '', NULL),
(36, 38, '', NULL),
(37, 2, '', NULL),
(37, 3, '', NULL),
(37, 4, '', NULL),
(37, 5, '', NULL),
(37, 6, '', NULL),
(37, 7, '', NULL),
(37, 8, '', NULL),
(37, 9, '', NULL),
(37, 10, '', NULL),
(37, 11, '', NULL),
(38, 2, '', NULL),
(38, 3, '', NULL),
(38, 4, '', NULL),
(38, 5, '', NULL),
(38, 6, '', NULL),
(38, 7, '', NULL),
(38, 8, '', NULL),
(38, 9, '', NULL),
(38, 10, '', NULL),
(38, 11, '', NULL),
(39, 2, '', NULL),
(39, 3, '', NULL),
(39, 4, '', NULL),
(39, 5, '', NULL),
(39, 6, '', NULL),
(39, 7, '', NULL),
(39, 8, '', NULL),
(39, 9, '', NULL),
(39, 10, '', NULL),
(39, 11, '', NULL),
(40, 2, '', NULL),
(40, 3, '', NULL),
(40, 4, '', NULL),
(40, 5, '', NULL),
(40, 6, '', NULL),
(40, 7, '', NULL),
(40, 8, '', NULL),
(40, 9, '', NULL),
(40, 10, '', NULL),
(40, 11, '', NULL),
(41, 2, '', NULL),
(41, 3, '', NULL),
(41, 4, '', NULL),
(41, 5, '', NULL),
(41, 6, '', NULL),
(41, 7, '', NULL),
(41, 8, '', NULL),
(41, 9, '', NULL),
(41, 10, '', NULL),
(41, 11, '', NULL),
(42, 2, 'Moderado', NULL),
(42, 3, 'Moderado', NULL),
(42, 4, 'Moderado', NULL),
(42, 5, 'Constante', NULL),
(42, 6, 'Moderado', NULL),
(42, 7, 'Improbable', NULL),
(42, 8, 'Moderado', NULL),
(42, 9, 'Improbable', NULL),
(42, 10, 'Moderado', NULL),
(42, 11, 'Improbable', NULL),
(42, 12, 'Moderado', NULL),
(42, 13, 'Frecuente', NULL),
(42, 14, 'Moderado', NULL),
(42, 15, 'Moderado', NULL),
(42, 16, 'Moderado', NULL),
(42, 17, 'Moderado', NULL),
(42, 18, '', NULL),
(42, 19, 'Improbable', NULL),
(42, 20, 'Moderado', NULL),
(42, 21, 'Frecuente', NULL),
(42, 22, 'Improbable', NULL),
(42, 23, 'Improbable', NULL),
(42, 24, 'Improbable', NULL),
(42, 25, 'Improbable', NULL),
(42, 26, 'Frecuente', NULL),
(42, 27, 'Moderado', NULL),
(42, 28, 'Moderado', NULL),
(42, 29, 'Moderado', NULL),
(42, 30, 'Moderado', NULL),
(42, 31, 'Improbable', NULL),
(42, 32, 'Frecuente', NULL),
(42, 33, 'Frecuente', NULL),
(42, 34, 'Frecuente', NULL),
(42, 35, 'Frecuente', NULL),
(42, 36, 'Moderado', NULL),
(42, 37, 'Moderado', NULL),
(42, 38, 'Moderado', NULL),
(43, 2, 'Improbable', NULL),
(43, 3, 'Moderado', NULL),
(43, 4, 'Moderado', NULL),
(43, 5, 'Moderado', NULL),
(43, 6, '', NULL),
(43, 7, 'Moderado', NULL),
(43, 8, 'Moderado', NULL),
(43, 9, 'Moderado', NULL),
(43, 10, 'Improbable', NULL),
(43, 11, 'Moderado', NULL),
(43, 12, 'Moderado', NULL),
(43, 13, 'Moderado', NULL),
(43, 14, 'Moderado', NULL),
(43, 15, 'Moderado', NULL),
(43, 16, 'Constante', NULL),
(43, 17, 'Improbable', NULL),
(43, 18, '', NULL),
(43, 19, 'Moderado', NULL),
(43, 20, 'Moderado', NULL),
(43, 21, 'Frecuente', NULL),
(43, 22, 'Frecuente', NULL),
(43, 23, 'Improbable', NULL),
(43, 24, 'Moderado', NULL),
(43, 25, 'Moderado', NULL),
(43, 26, 'Improbable', NULL),
(43, 27, 'Moderado', NULL),
(43, 28, 'Frecuente', NULL),
(43, 29, 'Frecuente', NULL),
(43, 30, 'Moderado', NULL),
(43, 31, 'Moderado', NULL),
(43, 32, 'Moderado', NULL),
(43, 33, 'Moderado', NULL),
(43, 34, 'Constante', NULL),
(43, 35, 'Moderado', NULL),
(43, 36, 'Frecuente', NULL),
(43, 37, 'Moderado', NULL),
(43, 38, 'Moderado', NULL),
(44, 2, 'Frecuente', NULL),
(44, 3, 'Frecuente', NULL),
(44, 4, 'Frecuente', NULL),
(44, 5, 'Moderado', NULL),
(44, 6, '', NULL),
(44, 7, 'Moderado', NULL),
(44, 8, 'Moderado', NULL),
(44, 9, 'Improbable', NULL),
(44, 10, 'Frecuente', NULL),
(44, 11, 'Moderado', NULL),
(44, 12, 'Moderado', NULL),
(44, 13, 'Frecuente', NULL),
(44, 14, 'Improbable', NULL),
(44, 15, 'Frecuente', NULL),
(44, 16, 'Frecuente', NULL),
(44, 17, 'Frecuente', NULL),
(44, 18, '', NULL),
(44, 19, 'Moderado', NULL),
(44, 20, 'Frecuente', NULL),
(44, 21, 'Frecuente', NULL),
(44, 22, 'Frecuente', NULL),
(44, 23, 'Improbable', NULL),
(44, 24, 'Improbable', NULL),
(44, 25, 'Improbable', NULL),
(44, 26, 'Moderado', NULL),
(44, 27, 'Moderado', NULL),
(44, 28, 'Frecuente', NULL),
(44, 29, 'Moderado', NULL),
(44, 30, '', NULL),
(44, 31, 'Moderado', NULL),
(44, 32, 'Moderado', NULL),
(44, 33, 'Moderado', NULL),
(44, 34, 'Frecuente', NULL),
(44, 35, '', NULL),
(44, 36, 'Frecuente', NULL),
(44, 37, 'Moderado', NULL),
(44, 38, 'Frecuente', NULL),
(45, 2, 'Moderado', NULL),
(45, 3, 'Frecuente', NULL),
(45, 4, 'Improbable', NULL),
(45, 5, '', NULL),
(45, 6, '', NULL),
(45, 7, '', NULL),
(45, 8, '', NULL),
(45, 9, '', NULL),
(45, 10, 'Frecuente', NULL),
(45, 11, '', NULL),
(45, 12, 'Frecuente', NULL),
(45, 13, '', NULL),
(45, 14, '', NULL),
(45, 15, 'Moderado', NULL),
(45, 16, 'Frecuente', NULL),
(45, 17, 'Frecuente', NULL),
(45, 18, '', NULL),
(45, 19, 'Frecuente', NULL),
(45, 20, 'Frecuente', NULL),
(45, 21, 'Frecuente', NULL),
(45, 22, 'Moderado', NULL),
(45, 23, 'Moderado', NULL),
(45, 24, 'Moderado', NULL),
(45, 25, 'Moderado', NULL),
(45, 26, 'Constante', NULL),
(45, 27, 'Frecuente', NULL),
(45, 28, 'Frecuente', NULL),
(45, 29, 'Moderado', NULL),
(45, 30, '', NULL),
(45, 31, '', NULL),
(45, 32, '', NULL),
(45, 33, '', NULL),
(45, 34, 'Moderado', NULL),
(45, 35, '', NULL),
(45, 36, 'Frecuente', NULL),
(45, 37, '', NULL),
(45, 38, '', NULL),
(46, 2, 'Moderado', NULL),
(46, 3, 'Improbable', NULL),
(46, 4, 'Frecuente', NULL),
(46, 5, '', NULL),
(46, 6, '', NULL),
(46, 7, '', NULL),
(46, 8, '', NULL),
(46, 9, '', NULL),
(46, 10, '', NULL),
(46, 11, '', NULL),
(46, 12, 'Frecuente', NULL),
(46, 13, '', NULL),
(46, 14, '', NULL),
(46, 15, 'Frecuente', NULL),
(46, 16, 'Moderado', NULL),
(46, 17, 'Frecuente', NULL),
(46, 18, '', NULL),
(46, 19, 'Moderado', NULL),
(46, 20, 'Moderado', NULL),
(46, 21, 'Moderado', NULL),
(46, 22, 'Improbable', NULL),
(46, 23, '', NULL),
(46, 24, '', NULL),
(46, 25, '', NULL),
(46, 26, 'Moderado', NULL),
(46, 27, 'Moderado', NULL),
(46, 28, 'Moderado', NULL),
(46, 29, 'Moderado', NULL),
(46, 30, '', NULL),
(46, 31, '', NULL),
(46, 32, '', NULL),
(46, 33, '', NULL),
(46, 34, 'Moderado', NULL),
(46, 35, '', NULL),
(46, 36, 'Moderado', NULL),
(46, 37, '', NULL),
(46, 38, '', NULL),
(47, 2, 'Moderado', NULL),
(47, 3, '', NULL),
(47, 4, '', NULL),
(47, 5, '', NULL),
(47, 6, '', NULL),
(47, 7, '', NULL),
(47, 8, '', NULL),
(47, 9, '', NULL),
(47, 10, '', NULL),
(47, 11, '', NULL),
(47, 12, 'Frecuente', NULL),
(47, 13, '', NULL),
(47, 14, '', NULL),
(47, 15, 'Frecuente', NULL),
(47, 16, '', NULL),
(47, 17, 'Frecuente', NULL),
(47, 18, '', NULL),
(47, 19, 'Improbable', NULL),
(47, 20, 'Frecuente', NULL),
(47, 21, 'Frecuente', NULL),
(47, 22, 'Moderado', NULL),
(47, 23, '', NULL),
(47, 24, '', NULL),
(47, 25, '', NULL),
(47, 26, 'Moderado', NULL),
(47, 27, '', NULL),
(47, 28, '', NULL),
(47, 29, '', NULL),
(47, 30, '', NULL),
(47, 31, '', NULL),
(47, 32, '', NULL),
(47, 33, '', NULL),
(47, 34, '', NULL),
(47, 35, '', NULL),
(47, 36, 'Moderado', NULL),
(47, 37, '', NULL),
(47, 38, '', NULL),
(48, 2, 'Frecuente', NULL),
(48, 3, '', NULL),
(48, 4, '', NULL),
(48, 5, '', NULL),
(48, 6, '', NULL),
(48, 7, '', NULL),
(48, 8, '', NULL),
(48, 9, '', NULL),
(48, 10, '', NULL),
(48, 11, '', NULL),
(48, 12, 'Moderado', NULL),
(48, 13, '', NULL),
(48, 14, '', NULL),
(48, 15, 'Moderado', NULL),
(48, 16, '', NULL),
(48, 17, 'Moderado', NULL),
(48, 18, '', NULL),
(48, 19, '', NULL),
(48, 20, 'Frecuente', NULL),
(48, 21, 'Frecuente', NULL),
(48, 22, '', NULL),
(48, 23, '', NULL),
(48, 24, '', NULL),
(48, 25, '', NULL),
(48, 26, 'Moderado', NULL),
(48, 27, '', NULL),
(48, 28, '', NULL),
(48, 29, '', NULL),
(48, 30, '', NULL),
(48, 31, '', NULL),
(48, 32, '', NULL),
(48, 33, '', NULL),
(48, 34, '', NULL),
(48, 35, '', NULL),
(48, 36, 'Moderado', NULL),
(48, 37, '', NULL),
(48, 38, '', NULL),
(49, 2, 'Moderado', NULL),
(49, 3, '', NULL),
(49, 4, '', NULL),
(49, 5, '', NULL),
(49, 6, '', NULL),
(49, 7, '', NULL),
(49, 8, '', NULL),
(49, 9, '', NULL),
(49, 10, '', NULL),
(49, 11, '', NULL),
(49, 12, 'Moderado', NULL),
(49, 13, '', NULL),
(49, 14, '', NULL),
(49, 15, 'Improbable', NULL),
(49, 16, '', NULL),
(49, 17, 'Moderado', NULL),
(49, 18, '', NULL),
(49, 19, '', NULL),
(49, 20, '', NULL),
(49, 21, '', NULL),
(49, 22, '', NULL),
(49, 23, '', NULL),
(49, 24, '', NULL),
(49, 25, '', NULL),
(49, 26, '', NULL),
(49, 27, '', NULL),
(49, 28, '', NULL),
(49, 29, '', NULL),
(49, 30, '', NULL),
(49, 31, '', NULL),
(49, 32, '', NULL),
(49, 33, '', NULL),
(49, 34, '', NULL),
(49, 35, '', NULL),
(49, 36, 'Moderado', NULL),
(49, 37, '', NULL),
(49, 38, '', NULL),
(50, 2, 'Improbable', NULL),
(50, 3, '', NULL),
(50, 4, '', NULL),
(50, 5, '', NULL),
(50, 6, '', NULL),
(50, 7, '', NULL),
(50, 8, '', NULL),
(50, 9, '', NULL),
(50, 10, '', NULL),
(50, 11, '', NULL),
(50, 12, 'Frecuente', NULL),
(50, 13, '', NULL),
(50, 14, '', NULL),
(50, 15, 'Constante', NULL),
(50, 16, '', NULL),
(50, 17, 'Frecuente', NULL),
(50, 18, '', NULL),
(50, 19, '', NULL),
(50, 20, '', NULL),
(50, 21, '', NULL),
(50, 22, '', NULL),
(50, 23, '', NULL),
(50, 24, '', NULL),
(50, 25, '', NULL),
(50, 26, '', NULL),
(50, 27, '', NULL),
(50, 28, '', NULL),
(50, 29, '', NULL),
(50, 30, '', NULL),
(50, 31, '', NULL),
(50, 32, '', NULL),
(50, 33, '', NULL),
(50, 34, '', NULL),
(50, 35, '', NULL),
(50, 36, '', NULL),
(50, 37, '', NULL),
(50, 38, '', NULL),
(51, 2, 'Frecuente', NULL),
(51, 3, '', NULL),
(51, 4, '', NULL),
(51, 5, '', NULL),
(51, 6, '', NULL),
(51, 7, '', NULL),
(51, 8, '', NULL),
(51, 9, '', NULL),
(51, 10, '', NULL),
(51, 11, '', NULL),
(51, 12, 'Frecuente', NULL),
(51, 13, '', NULL),
(51, 14, '', NULL),
(51, 15, 'Moderado', NULL),
(51, 16, '', NULL),
(51, 17, 'Moderado', NULL),
(51, 18, '', NULL),
(51, 19, '', NULL),
(51, 20, '', NULL),
(51, 21, '', NULL),
(51, 22, '', NULL),
(51, 23, '', NULL),
(51, 24, '', NULL),
(51, 25, '', NULL),
(51, 26, '', NULL),
(51, 27, '', NULL),
(51, 28, '', NULL),
(51, 29, '', NULL),
(51, 30, '', NULL),
(51, 31, '', NULL),
(51, 32, '', NULL),
(51, 33, '', NULL),
(51, 34, '', NULL),
(51, 35, '', NULL),
(51, 36, '', NULL),
(51, 37, '', NULL),
(51, 38, '', NULL),
(52, 2, 'Moderado', NULL),
(52, 3, '', NULL),
(52, 4, '', NULL),
(52, 5, '', NULL),
(52, 6, '', NULL),
(52, 7, '', NULL),
(52, 8, '', NULL),
(52, 9, '', NULL),
(52, 10, '', NULL),
(52, 11, '', NULL),
(52, 12, 'Frecuente', NULL),
(52, 13, '', NULL),
(52, 14, '', NULL),
(52, 15, 'Frecuente', NULL),
(52, 16, '', NULL),
(52, 17, 'Moderado', NULL),
(52, 18, '', NULL),
(52, 19, '', NULL),
(52, 20, '', NULL),
(52, 21, '', NULL),
(52, 22, '', NULL),
(52, 23, '', NULL),
(52, 24, '', NULL),
(52, 25, '', NULL),
(52, 26, '', NULL),
(52, 27, '', NULL),
(52, 28, '', NULL),
(52, 29, '', NULL),
(52, 30, '', NULL),
(52, 31, '', NULL),
(52, 32, '', NULL),
(52, 33, '', NULL),
(52, 34, '', NULL),
(52, 35, '', NULL),
(52, 36, '', NULL),
(52, 37, '', NULL),
(52, 38, '', NULL),
(53, 2, 'Moderado', NULL),
(53, 3, '', NULL),
(53, 4, '', NULL),
(53, 5, '', NULL),
(53, 6, '', NULL),
(53, 7, '', NULL),
(53, 8, '', NULL),
(53, 9, '', NULL),
(53, 10, '', NULL),
(53, 11, '', NULL),
(53, 12, 'Constante', NULL),
(53, 13, '', NULL),
(53, 14, '', NULL),
(53, 15, 'Moderado', NULL),
(53, 16, '', NULL),
(53, 17, 'Moderado', NULL),
(53, 18, '', NULL),
(53, 19, '', NULL),
(53, 20, '', NULL),
(53, 21, '', NULL),
(53, 22, '', NULL),
(53, 23, '', NULL),
(53, 24, '', NULL),
(53, 25, '', NULL),
(53, 26, '', NULL),
(53, 27, '', NULL),
(53, 28, '', NULL),
(53, 29, '', NULL),
(53, 30, '', NULL),
(53, 31, '', NULL),
(53, 32, '', NULL),
(53, 33, '', NULL),
(53, 34, '', NULL),
(53, 35, '', NULL),
(53, 36, '', NULL),
(53, 37, '', NULL),
(53, 38, '', NULL),
(54, 2, '', NULL),
(54, 3, '', NULL),
(54, 4, '', NULL),
(54, 5, '', NULL),
(54, 6, '', NULL),
(54, 7, '', NULL),
(54, 8, '', NULL),
(54, 9, '', NULL),
(54, 10, '', NULL),
(54, 11, '', NULL),
(54, 12, 'Frecuente', NULL),
(54, 13, '', NULL),
(54, 14, '', NULL),
(54, 15, '', NULL),
(54, 16, '', NULL),
(54, 17, '', NULL),
(54, 18, '', NULL),
(54, 19, '', NULL),
(54, 20, '', NULL),
(54, 21, '', NULL),
(54, 22, '', NULL),
(54, 23, '', NULL),
(54, 24, '', NULL),
(54, 25, '', NULL),
(54, 26, '', NULL),
(54, 27, '', NULL),
(54, 28, '', NULL),
(54, 29, '', NULL),
(54, 30, '', NULL),
(54, 31, '', NULL),
(54, 32, '', NULL),
(54, 33, '', NULL),
(54, 34, '', NULL),
(54, 35, '', NULL),
(54, 36, '', NULL),
(54, 37, '', NULL),
(54, 38, '', NULL),
(55, 2, '', NULL),
(55, 3, '', NULL),
(55, 4, '', NULL),
(55, 5, '', NULL),
(55, 6, '', NULL),
(55, 7, '', NULL),
(55, 8, '', NULL),
(55, 9, '', NULL),
(55, 10, '', NULL),
(55, 11, '', NULL),
(55, 12, 'Moderado', NULL),
(55, 13, '', NULL),
(55, 14, '', NULL),
(55, 15, '', NULL),
(55, 16, '', NULL),
(55, 17, '', NULL),
(55, 18, '', NULL),
(55, 19, '', NULL),
(55, 20, '', NULL),
(55, 21, '', NULL),
(55, 22, '', NULL),
(55, 23, '', NULL),
(55, 24, '', NULL),
(55, 25, '', NULL),
(55, 26, '', NULL),
(55, 27, '', NULL),
(55, 28, '', NULL),
(55, 29, '', NULL),
(55, 30, '', NULL),
(55, 31, '', NULL),
(55, 32, '', NULL),
(55, 33, '', NULL),
(55, 34, '', NULL),
(55, 35, '', NULL),
(55, 36, '', NULL),
(55, 37, '', NULL),
(55, 38, '', NULL),
(56, 2, '', NULL),
(56, 3, '', NULL),
(56, 4, '', NULL),
(56, 5, '', NULL),
(56, 6, '', NULL),
(56, 7, '', NULL),
(56, 8, '', NULL),
(56, 9, '', NULL),
(56, 10, '', NULL),
(56, 11, '', NULL),
(56, 12, 'Moderado', NULL),
(56, 13, '', NULL),
(56, 14, '', NULL),
(56, 15, '', NULL),
(56, 16, '', NULL),
(56, 17, '', NULL),
(56, 18, '', NULL),
(56, 19, '', NULL),
(56, 20, '', NULL),
(56, 21, '', NULL),
(56, 22, '', NULL),
(56, 23, '', NULL),
(56, 24, '', NULL),
(56, 25, '', NULL),
(56, 26, '', NULL),
(56, 27, '', NULL),
(56, 28, '', NULL),
(56, 29, '', NULL),
(56, 30, '', NULL),
(56, 31, '', NULL),
(56, 32, '', NULL),
(56, 33, '', NULL),
(56, 34, '', NULL),
(56, 35, '', NULL),
(56, 36, '', NULL),
(56, 37, '', NULL),
(56, 38, '', NULL),
(57, 2, '', NULL),
(57, 3, '', NULL),
(57, 4, '', NULL),
(57, 5, '', NULL),
(57, 6, '', NULL),
(57, 7, '', NULL),
(57, 8, '', NULL),
(57, 9, '', NULL),
(57, 10, '', NULL),
(57, 11, '', NULL),
(57, 12, '', NULL),
(57, 13, '', NULL),
(57, 14, '', NULL),
(57, 15, '', NULL),
(57, 16, '', NULL),
(57, 17, '', NULL),
(57, 18, '', NULL),
(57, 19, '', NULL),
(57, 20, '', NULL),
(57, 21, '', NULL),
(57, 22, '', NULL),
(57, 23, '', NULL),
(57, 24, '', NULL),
(57, 25, '', NULL),
(57, 26, '', NULL),
(57, 27, '', NULL),
(57, 28, '', NULL),
(57, 29, '', NULL),
(57, 30, '', NULL),
(57, 31, '', NULL),
(57, 32, '', NULL),
(57, 33, '', NULL),
(57, 34, '', NULL),
(57, 35, '', NULL),
(57, 36, '', NULL),
(57, 37, '', NULL),
(57, 38, '', NULL),
(58, 2, '', NULL),
(58, 3, '', NULL),
(58, 4, '', NULL),
(58, 5, '', NULL),
(58, 6, '', NULL),
(58, 7, '', NULL),
(58, 8, '', NULL),
(58, 9, '', NULL),
(58, 10, '', NULL),
(58, 11, '', NULL),
(58, 12, '', NULL),
(58, 13, '', NULL),
(58, 14, '', NULL),
(58, 15, '', NULL),
(58, 16, '', NULL),
(58, 17, '', NULL),
(58, 18, '', NULL),
(58, 19, '', NULL),
(58, 20, '', NULL),
(58, 21, '', NULL),
(58, 22, '', NULL),
(58, 23, '', NULL),
(58, 24, '', NULL),
(58, 25, '', NULL),
(58, 26, '', NULL),
(58, 27, '', NULL),
(58, 28, '', NULL),
(58, 29, '', NULL),
(58, 30, '', NULL),
(58, 31, '', NULL),
(58, 32, '', NULL),
(58, 33, '', NULL),
(58, 34, '', NULL),
(58, 35, '', NULL),
(58, 36, '', NULL),
(58, 37, '', NULL),
(58, 38, '', NULL),
(59, 2, '', NULL),
(59, 3, '', NULL),
(59, 4, '', NULL),
(59, 5, '', NULL),
(59, 6, '', NULL),
(59, 7, '', NULL),
(59, 8, '', NULL),
(59, 9, '', NULL),
(59, 10, '', NULL),
(59, 11, '', NULL),
(59, 12, '', NULL),
(59, 13, '', NULL),
(59, 14, '', NULL),
(59, 15, '', NULL),
(59, 16, '', NULL),
(59, 17, '', NULL),
(59, 18, '', NULL),
(59, 19, '', NULL),
(59, 20, '', NULL),
(59, 21, '', NULL),
(59, 22, '', NULL),
(59, 23, '', NULL),
(59, 24, '', NULL),
(59, 25, '', NULL),
(59, 26, '', NULL),
(59, 27, '', NULL),
(59, 28, '', NULL),
(59, 29, '', NULL),
(59, 30, '', NULL),
(59, 31, '', NULL),
(59, 32, '', NULL),
(59, 33, '', NULL),
(59, 34, '', NULL),
(59, 35, '', NULL),
(59, 36, '', NULL),
(59, 37, '', NULL),
(59, 38, '', NULL),
(60, 2, '', NULL),
(60, 3, '', NULL),
(60, 4, '', NULL),
(60, 5, '', NULL),
(60, 6, '', NULL),
(60, 7, '', NULL),
(60, 8, '', NULL),
(60, 9, '', NULL),
(60, 10, '', NULL),
(60, 11, '', NULL),
(61, 2, '', NULL),
(61, 3, '', NULL),
(61, 4, '', NULL),
(61, 5, '', NULL),
(61, 6, '', NULL),
(61, 7, '', NULL),
(61, 8, '', NULL),
(61, 9, '', NULL),
(61, 10, '', NULL),
(61, 11, '', NULL),
(62, 2, '', NULL),
(62, 3, '', NULL),
(62, 4, '', NULL),
(62, 5, '', NULL),
(62, 6, '', NULL),
(62, 7, '', NULL),
(62, 8, '', NULL),
(62, 9, '', NULL),
(62, 10, '', NULL),
(62, 11, '', NULL),
(63, 2, '', NULL),
(63, 3, '', NULL),
(63, 4, '', NULL),
(63, 5, '', NULL),
(63, 6, '', NULL),
(63, 7, '', NULL),
(63, 8, '', NULL),
(63, 9, '', NULL),
(63, 10, '', NULL),
(63, 11, '', NULL),
(64, 2, '', NULL),
(64, 3, '', NULL),
(64, 4, '', NULL),
(64, 5, '', NULL),
(64, 6, '', NULL),
(64, 7, '', NULL),
(64, 8, '', NULL),
(64, 9, '', NULL),
(64, 10, '', NULL),
(64, 11, '', NULL),
(65, 2, 'Fuerte', NULL),
(65, 3, 'Notable', NULL),
(65, 4, 'Notable', NULL),
(65, 5, 'Fuerte', NULL),
(65, 6, 'Fuerte', NULL),
(65, 7, 'Fuerte', NULL),
(65, 8, 'Fuerte', NULL),
(65, 9, 'Notable', NULL),
(65, 10, 'Fuerte', NULL),
(65, 11, 'Fuerte', NULL),
(65, 12, 'Fuerte', NULL),
(65, 13, 'Fuerte', NULL),
(65, 14, 'Fuerte', NULL),
(65, 15, 'Fuerte', NULL),
(65, 16, 'Fuerte', NULL),
(65, 17, 'Fuerte', NULL),
(65, 18, '', NULL),
(65, 19, 'Fuerte', NULL),
(65, 20, 'Fuerte', NULL),
(65, 21, 'Fuerte', NULL),
(65, 22, 'Notable', NULL),
(65, 23, 'Notable', NULL),
(65, 24, 'Notable', NULL),
(65, 25, 'Notable', NULL),
(65, 26, 'Fuerte', NULL),
(65, 27, 'Notable', NULL),
(65, 28, 'Notable', NULL),
(65, 29, 'Notable', NULL),
(65, 30, 'Fuerte', NULL),
(65, 31, 'Muy fuerte', NULL),
(65, 32, 'Fuerte', NULL),
(65, 33, 'Fuerte', NULL),
(65, 34, 'Muy fuerte', NULL),
(65, 35, 'Muy fuerte', NULL),
(65, 36, 'Fuerte', NULL),
(65, 37, 'Muy fuerte', NULL),
(65, 38, 'Muy fuerte', NULL),
(66, 2, 'Fuerte', NULL),
(66, 3, 'Fuerte', NULL),
(66, 4, 'Fuerte', NULL),
(66, 5, 'Fuerte', NULL),
(66, 6, '', NULL),
(66, 7, 'Notable', NULL),
(66, 8, 'Fuerte', NULL),
(66, 9, 'Notable', NULL),
(66, 10, 'Fuerte', NULL),
(66, 11, 'Fuerte', NULL),
(66, 12, 'Fuerte', NULL),
(66, 13, 'Fuerte', NULL),
(66, 14, 'Fuerte', NULL),
(66, 15, 'Fuerte', NULL),
(66, 16, 'Fuerte', NULL),
(66, 17, 'Fuerte', NULL),
(66, 18, '', NULL),
(66, 19, 'Fuerte', NULL),
(66, 20, 'Fuerte', NULL),
(66, 21, 'Fuerte', NULL),
(66, 22, 'Fuerte', NULL),
(66, 23, 'Notable', NULL),
(66, 24, 'Notable', NULL),
(66, 25, 'Notable', NULL),
(66, 26, 'Notable', NULL),
(66, 27, 'Notable', NULL),
(66, 28, 'Fuerte', NULL),
(66, 29, 'Fuerte', NULL),
(66, 30, 'Fuerte', NULL),
(66, 31, 'Fuerte', NULL),
(66, 32, 'Notable', NULL),
(66, 33, 'Notable', NULL),
(66, 34, 'Fuerte', NULL),
(66, 35, 'Muy fuerte', NULL),
(66, 36, 'Fuerte', NULL),
(66, 37, 'Fuerte', NULL),
(66, 38, 'Fuerte', NULL),
(67, 2, 'Fuerte', NULL),
(67, 3, 'Notable', NULL),
(67, 4, 'Notable', NULL),
(67, 5, 'Fuerte', NULL),
(67, 6, '', NULL),
(67, 7, 'Fuerte', NULL),
(67, 8, 'Notable', NULL),
(67, 9, 'Notable', NULL),
(67, 10, 'Fuerte', NULL),
(67, 11, 'Fuerte', NULL),
(67, 12, 'Muy fuerte', NULL),
(67, 13, 'Fuerte', NULL),
(67, 14, 'Notable', NULL),
(67, 15, 'Fuerte', NULL),
(67, 16, 'Notable', NULL),
(67, 17, 'Fuerte', NULL),
(67, 18, '', NULL),
(67, 19, 'Notable', NULL),
(67, 20, 'Fuerte', NULL),
(67, 21, 'Fuerte', NULL),
(67, 22, 'Fuerte', NULL),
(67, 23, 'Débil', NULL),
(67, 24, 'Débil', NULL),
(67, 25, 'Débil', NULL),
(67, 26, 'Notable', NULL),
(67, 27, 'Notable', NULL),
(67, 28, 'Fuerte', NULL),
(67, 29, 'Fuerte', NULL),
(67, 30, '', NULL),
(67, 31, 'Fuerte', NULL),
(67, 32, 'Fuerte', NULL),
(67, 33, 'Fuerte', NULL),
(67, 34, 'Fuerte', NULL),
(67, 35, '', NULL),
(67, 36, 'Muy fuerte', NULL),
(67, 37, 'Fuerte', NULL),
(67, 38, 'Fuerte', NULL),
(68, 2, 'Notable', NULL),
(68, 3, 'Notable', NULL),
(68, 4, 'Notable', NULL),
(68, 5, '', NULL),
(68, 6, '', NULL),
(68, 7, '', NULL),
(68, 8, '', NULL),
(68, 9, '', NULL),
(68, 10, 'Fuerte', NULL),
(68, 11, '', NULL),
(68, 12, 'Fuerte', NULL),
(68, 13, '', NULL),
(68, 14, '', NULL),
(68, 15, 'Muy fuerte', NULL),
(68, 16, 'Fuerte', NULL),
(68, 17, 'Fuerte', NULL),
(68, 18, '', NULL),
(68, 19, 'Fuerte', NULL),
(68, 20, 'Muy fuerte', NULL),
(68, 21, 'Muy fuerte', NULL),
(68, 22, 'Fuerte', NULL),
(68, 23, 'Notable', NULL),
(68, 24, 'Notable', NULL),
(68, 25, 'Notable', NULL),
(68, 26, 'Notable', NULL),
(68, 27, 'Fuerte', NULL),
(68, 28, 'Fuerte', NULL),
(68, 29, 'Fuerte', NULL),
(68, 30, '', NULL),
(68, 31, '', NULL),
(68, 32, '', NULL),
(68, 33, '', NULL),
(68, 34, 'Fuerte', NULL),
(68, 35, '', NULL),
(68, 36, 'Fuerte', NULL),
(68, 37, '', NULL),
(68, 38, '', NULL),
(69, 2, 'Fuerte', NULL),
(69, 3, 'Notable', NULL),
(69, 4, 'Notable', NULL),
(69, 5, '', NULL),
(69, 6, '', NULL),
(69, 7, '', NULL),
(69, 8, '', NULL),
(69, 9, '', NULL),
(69, 10, '', NULL),
(69, 11, '', NULL),
(69, 12, 'Muy fuerte', NULL),
(69, 13, '', NULL),
(69, 14, '', NULL),
(69, 15, 'Fuerte', NULL),
(69, 16, 'Fuerte', NULL),
(69, 17, 'Muy fuerte', NULL),
(69, 18, '', NULL),
(69, 19, 'Notable', NULL),
(69, 20, 'Fuerte', NULL),
(69, 21, 'Fuerte', NULL),
(69, 22, 'Notable', NULL),
(69, 23, '', NULL),
(69, 24, '', NULL),
(69, 25, '', NULL),
(69, 26, 'Notable', NULL),
(69, 27, 'Fuerte', NULL),
(69, 28, 'Fuerte', NULL),
(69, 29, 'Fuerte', NULL),
(69, 30, '', NULL),
(69, 31, '', NULL),
(69, 32, '', NULL),
(69, 33, '', NULL),
(69, 34, 'Muy fuerte', NULL),
(69, 35, '', NULL),
(69, 36, 'Fuerte', NULL),
(69, 37, '', NULL),
(69, 38, '', NULL),
(70, 2, 'Notable', NULL),
(70, 3, '', NULL),
(70, 4, '', NULL),
(70, 5, '', NULL),
(70, 6, '', NULL),
(70, 7, '', NULL),
(70, 8, '', NULL),
(70, 9, '', NULL),
(70, 10, '', NULL),
(70, 11, '', NULL),
(70, 12, 'Muy fuerte', NULL),
(70, 13, '', NULL),
(70, 14, '', NULL),
(70, 15, 'Muy fuerte', NULL),
(70, 16, '', NULL),
(70, 17, 'Muy fuerte', NULL),
(70, 18, '', NULL),
(70, 19, 'Débil', NULL),
(70, 20, 'Fuerte', NULL),
(70, 21, 'Fuerte', NULL),
(70, 22, 'Muy fuerte', NULL),
(70, 23, '', NULL),
(70, 24, '', NULL),
(70, 25, '', NULL),
(70, 26, 'Notable', NULL),
(70, 27, '', NULL),
(70, 28, '', NULL),
(70, 29, '', NULL),
(70, 30, '', NULL),
(70, 31, '', NULL),
(70, 32, '', NULL),
(70, 33, '', NULL),
(70, 34, '', NULL),
(70, 35, '', NULL),
(70, 36, 'Muy fuerte', NULL),
(70, 37, '', NULL),
(70, 38, '', NULL),
(71, 2, 'Notable', NULL),
(71, 3, '', NULL),
(71, 4, '', NULL),
(71, 5, '', NULL),
(71, 6, '', NULL),
(71, 7, '', NULL),
(71, 8, '', NULL),
(71, 9, '', NULL),
(71, 10, '', NULL),
(71, 11, '', NULL),
(71, 12, 'Fuerte', NULL),
(71, 13, '', NULL),
(71, 14, '', NULL),
(71, 15, 'Fuerte', NULL),
(71, 16, '', NULL),
(71, 17, 'Fuerte', NULL),
(71, 18, '', NULL),
(71, 19, '', NULL),
(71, 20, 'Fuerte', NULL),
(71, 21, 'Fuerte', NULL),
(71, 22, '', NULL),
(71, 23, '', NULL),
(71, 24, '', NULL),
(71, 25, '', NULL),
(71, 26, 'Fuerte', NULL),
(71, 27, '', NULL),
(71, 28, '', NULL),
(71, 29, '', NULL),
(71, 30, '', NULL),
(71, 31, '', NULL),
(71, 32, '', NULL),
(71, 33, '', NULL),
(71, 34, '', NULL),
(71, 35, '', NULL),
(71, 36, 'Fuerte', NULL),
(71, 37, '', NULL),
(71, 38, '', NULL),
(72, 2, 'Fuerte', NULL),
(72, 3, '', NULL),
(72, 4, '', NULL),
(72, 5, '', NULL),
(72, 6, '', NULL),
(72, 7, '', NULL),
(72, 8, '', NULL),
(72, 9, '', NULL),
(72, 10, '', NULL),
(72, 11, '', NULL),
(72, 12, 'Fuerte', NULL),
(72, 13, '', NULL),
(72, 14, '', NULL),
(72, 15, 'Muy fuerte', NULL),
(72, 16, '', NULL),
(72, 17, 'Notable', NULL),
(72, 18, '', NULL),
(72, 19, '', NULL),
(72, 20, '', NULL),
(72, 21, '', NULL),
(72, 22, '', NULL),
(72, 23, '', NULL),
(72, 24, '', NULL),
(72, 25, '', NULL),
(72, 26, '', NULL),
(72, 27, '', NULL),
(72, 28, '', NULL),
(72, 29, '', NULL),
(72, 30, '', NULL),
(72, 31, '', NULL),
(72, 32, '', NULL),
(72, 33, '', NULL),
(72, 34, '', NULL),
(72, 35, '', NULL),
(72, 36, 'Muy fuerte', NULL),
(72, 37, '', NULL),
(72, 38, '', NULL),
(73, 2, 'Fuerte', NULL),
(73, 3, '', NULL),
(73, 4, '', NULL),
(73, 5, '', NULL),
(73, 6, '', NULL),
(73, 7, '', NULL),
(73, 8, '', NULL),
(73, 9, '', NULL),
(73, 10, '', NULL),
(73, 11, '', NULL),
(73, 12, 'Fuerte', NULL),
(73, 13, '', NULL),
(73, 14, '', NULL),
(73, 15, 'Fuerte', NULL),
(73, 16, '', NULL),
(73, 17, 'Fuerte', NULL),
(73, 18, '', NULL),
(73, 19, '', NULL),
(73, 20, '', NULL),
(73, 21, '', NULL),
(73, 22, '', NULL),
(73, 23, '', NULL),
(73, 24, '', NULL),
(73, 25, '', NULL),
(73, 26, '', NULL),
(73, 27, '', NULL),
(73, 28, '', NULL),
(73, 29, '', NULL),
(73, 30, '', NULL),
(73, 31, '', NULL),
(73, 32, '', NULL),
(73, 33, '', NULL),
(73, 34, '', NULL),
(73, 35, '', NULL),
(73, 36, '', NULL),
(73, 37, '', NULL),
(73, 38, '', NULL),
(74, 2, 'Notable', NULL),
(74, 3, '', NULL),
(74, 4, '', NULL),
(74, 5, '', NULL),
(74, 6, '', NULL),
(74, 7, '', NULL),
(74, 8, '', NULL),
(74, 9, '', NULL),
(74, 10, '', NULL),
(74, 11, '', NULL),
(74, 12, 'Fuerte', NULL),
(74, 13, '', NULL),
(74, 14, '', NULL),
(74, 15, 'Notable', NULL),
(74, 16, '', NULL),
(74, 17, 'Fuerte', NULL),
(74, 18, '', NULL),
(74, 19, '', NULL),
(74, 20, '', NULL),
(74, 21, '', NULL),
(74, 22, '', NULL),
(74, 23, '', NULL),
(74, 24, '', NULL),
(74, 25, '', NULL),
(74, 26, '', NULL),
(74, 27, '', NULL),
(74, 28, '', NULL),
(74, 29, '', NULL),
(74, 30, '', NULL),
(74, 31, '', NULL),
(74, 32, '', NULL),
(74, 33, '', NULL),
(74, 34, '', NULL),
(74, 35, '', NULL),
(74, 36, '', NULL),
(74, 37, '', NULL),
(74, 38, '', NULL),
(75, 2, 'Fuerte', NULL),
(75, 3, '', NULL),
(75, 4, '', NULL),
(75, 5, '', NULL),
(75, 6, '', NULL),
(75, 7, '', NULL),
(75, 8, '', NULL),
(75, 9, '', NULL),
(75, 10, '', NULL),
(75, 11, '', NULL),
(75, 12, 'Fuerte', NULL),
(75, 13, '', NULL),
(75, 14, '', NULL),
(75, 15, 'Notable', NULL),
(75, 16, '', NULL),
(75, 17, 'Notable', NULL),
(75, 18, '', NULL),
(75, 19, '', NULL),
(75, 20, '', NULL),
(75, 21, '', NULL),
(75, 22, '', NULL),
(75, 23, '', NULL),
(75, 24, '', NULL),
(75, 25, '', NULL),
(75, 26, '', NULL),
(75, 27, '', NULL),
(75, 28, '', NULL),
(75, 29, '', NULL),
(75, 30, '', NULL),
(75, 31, '', NULL),
(75, 32, '', NULL),
(75, 33, '', NULL),
(75, 34, '', NULL),
(75, 35, '', NULL),
(75, 36, '', NULL),
(75, 37, '', NULL),
(75, 38, '', NULL),
(76, 2, 'Fuerte', NULL),
(76, 3, '', NULL),
(76, 4, '', NULL),
(76, 5, '', NULL),
(76, 6, '', NULL),
(76, 7, '', NULL),
(76, 8, '', NULL),
(76, 9, '', NULL),
(76, 10, '', NULL),
(76, 11, '', NULL),
(76, 12, 'Fuerte', NULL),
(76, 13, '', NULL),
(76, 14, '', NULL),
(76, 15, 'Fuerte', NULL),
(76, 16, '', NULL),
(76, 17, 'Fuerte', NULL),
(76, 18, '', NULL),
(76, 19, '', NULL),
(76, 20, '', NULL),
(76, 21, '', NULL),
(76, 22, '', NULL),
(76, 23, '', NULL),
(76, 24, '', NULL),
(76, 25, '', NULL),
(76, 26, '', NULL),
(76, 27, '', NULL),
(76, 28, '', NULL),
(76, 29, '', NULL),
(76, 30, '', NULL),
(76, 31, '', NULL),
(76, 32, '', NULL),
(76, 33, '', NULL),
(76, 34, '', NULL),
(76, 35, '', NULL),
(76, 36, '', NULL),
(76, 37, '', NULL),
(76, 38, '', NULL),
(77, 2, '', NULL),
(77, 3, '', NULL),
(77, 4, '', NULL),
(77, 5, '', NULL),
(77, 6, '', NULL),
(77, 7, '', NULL),
(77, 8, '', NULL),
(77, 9, '', NULL),
(77, 10, '', NULL),
(77, 11, '', NULL),
(77, 12, 'Fuerte', NULL),
(77, 13, '', NULL),
(77, 14, '', NULL),
(77, 15, '', NULL),
(77, 16, '', NULL),
(77, 17, '', NULL),
(77, 18, '', NULL),
(77, 19, '', NULL),
(77, 20, '', NULL),
(77, 21, '', NULL),
(77, 22, '', NULL),
(77, 23, '', NULL),
(77, 24, '', NULL),
(77, 25, '', NULL),
(77, 26, '', NULL),
(77, 27, '', NULL),
(77, 28, '', NULL),
(77, 29, '', NULL),
(77, 30, '', NULL),
(77, 31, '', NULL),
(77, 32, '', NULL),
(77, 33, '', NULL),
(77, 34, '', NULL),
(77, 35, '', NULL),
(77, 36, '', NULL),
(77, 37, '', NULL),
(77, 38, '', NULL),
(78, 2, '', NULL),
(78, 3, '', NULL),
(78, 4, '', NULL),
(78, 5, '', NULL),
(78, 6, '', NULL),
(78, 7, '', NULL),
(78, 8, '', NULL),
(78, 9, '', NULL),
(78, 10, '', NULL),
(78, 11, '', NULL),
(78, 12, 'Fuerte', NULL),
(78, 13, '', NULL),
(78, 14, '', NULL),
(78, 15, '', NULL),
(78, 16, '', NULL),
(78, 17, '', NULL),
(78, 18, '', NULL),
(78, 19, '', NULL),
(78, 20, '', NULL),
(78, 21, '', NULL),
(78, 22, '', NULL),
(78, 23, '', NULL),
(78, 24, '', NULL),
(78, 25, '', NULL),
(78, 26, '', NULL),
(78, 27, '', NULL),
(78, 28, '', NULL),
(78, 29, '', NULL),
(78, 30, '', NULL),
(78, 31, '', NULL),
(78, 32, '', NULL),
(78, 33, '', NULL),
(78, 34, '', NULL),
(78, 35, '', NULL),
(78, 36, '', NULL),
(78, 37, '', NULL),
(78, 38, '', NULL),
(79, 2, '', NULL),
(79, 3, '', NULL),
(79, 4, '', NULL),
(79, 5, '', NULL),
(79, 6, '', NULL),
(79, 7, '', NULL),
(79, 8, '', NULL),
(79, 9, '', NULL),
(79, 10, '', NULL),
(79, 11, '', NULL),
(79, 12, 'Fuerte', NULL),
(79, 13, '', NULL),
(79, 14, '', NULL),
(79, 15, '', NULL),
(79, 16, '', NULL),
(79, 17, '', NULL),
(79, 18, '', NULL),
(79, 19, '', NULL),
(79, 20, '', NULL),
(79, 21, '', NULL),
(79, 22, '', NULL),
(79, 23, '', NULL),
(79, 24, '', NULL),
(79, 25, '', NULL),
(79, 26, '', NULL),
(79, 27, '', NULL),
(79, 28, '', NULL),
(79, 29, '', NULL),
(79, 30, '', NULL),
(79, 31, '', NULL),
(79, 32, '', NULL),
(79, 33, '', NULL),
(79, 34, '', NULL),
(79, 35, '', NULL),
(79, 36, '', NULL),
(79, 37, '', NULL),
(79, 38, '', NULL),
(80, 2, '', NULL),
(80, 3, '', NULL),
(80, 4, '', NULL),
(80, 5, '', NULL),
(80, 6, '', NULL),
(80, 7, '', NULL),
(80, 8, '', NULL),
(80, 9, '', NULL),
(80, 10, '', NULL),
(80, 11, '', NULL),
(80, 12, '', NULL),
(80, 13, '', NULL),
(80, 14, '', NULL),
(80, 15, '', NULL),
(80, 16, '', NULL),
(80, 17, '', NULL),
(80, 18, '', NULL),
(80, 19, '', NULL),
(80, 20, '', NULL),
(80, 21, '', NULL),
(80, 22, '', NULL),
(80, 23, '', NULL),
(80, 24, '', NULL),
(80, 25, '', NULL),
(80, 26, '', NULL),
(80, 27, '', NULL),
(80, 28, '', NULL),
(80, 29, '', NULL),
(80, 30, '', NULL),
(80, 31, '', NULL),
(80, 32, '', NULL),
(80, 33, '', NULL),
(80, 34, '', NULL),
(80, 35, '', NULL),
(80, 36, '', NULL),
(80, 37, '', NULL),
(80, 38, '', NULL),
(81, 2, '', NULL),
(81, 3, '', NULL),
(81, 4, '', NULL),
(81, 5, '', NULL),
(81, 6, '', NULL),
(81, 7, '', NULL),
(81, 8, '', NULL),
(81, 9, '', NULL),
(81, 10, '', NULL),
(81, 11, '', NULL),
(81, 12, '', NULL),
(81, 13, '', NULL),
(81, 14, '', NULL),
(81, 15, '', NULL),
(81, 16, '', NULL),
(81, 17, '', NULL),
(81, 18, '', NULL),
(81, 19, '', NULL),
(81, 20, '', NULL),
(81, 21, '', NULL),
(81, 22, '', NULL),
(81, 23, '', NULL),
(81, 24, '', NULL),
(81, 25, '', NULL),
(81, 26, '', NULL),
(81, 27, '', NULL),
(81, 28, '', NULL),
(81, 29, '', NULL),
(81, 30, '', NULL),
(81, 31, '', NULL),
(81, 32, '', NULL),
(81, 33, '', NULL),
(81, 34, '', NULL),
(81, 35, '', NULL),
(81, 36, '', NULL),
(81, 37, '', NULL),
(81, 38, '', NULL),
(82, 2, '', NULL),
(82, 3, '', NULL),
(82, 4, '', NULL),
(82, 5, '', NULL),
(82, 6, '', NULL),
(82, 7, '', NULL),
(82, 8, '', NULL),
(82, 9, '', NULL),
(82, 10, '', NULL),
(82, 11, '', NULL),
(82, 12, '', NULL),
(82, 13, '', NULL),
(82, 14, '', NULL),
(82, 15, '', NULL),
(82, 16, '', NULL),
(82, 17, '', NULL),
(82, 18, '', NULL),
(82, 19, '', NULL),
(82, 20, '', NULL),
(82, 21, '', NULL),
(82, 22, '', NULL),
(82, 23, '', NULL),
(82, 24, '', NULL),
(82, 25, '', NULL),
(82, 26, '', NULL),
(82, 27, '', NULL),
(82, 28, '', NULL),
(82, 29, '', NULL),
(82, 30, '', NULL),
(82, 31, '', NULL),
(82, 32, '', NULL),
(82, 33, '', NULL),
(82, 34, '', NULL),
(82, 35, '', NULL),
(82, 36, '', NULL),
(82, 37, '', NULL),
(82, 38, '', NULL),
(83, 2, '', NULL),
(83, 3, '', NULL),
(83, 4, '', NULL),
(83, 5, '', NULL),
(83, 6, '', NULL),
(83, 7, '', NULL),
(83, 8, '', NULL),
(83, 9, '', NULL),
(83, 10, '', NULL),
(83, 11, '', NULL),
(84, 2, '', NULL),
(84, 3, '', NULL),
(84, 4, '', NULL),
(84, 5, '', NULL),
(84, 6, '', NULL),
(84, 7, '', NULL),
(84, 8, '', NULL),
(84, 9, '', NULL),
(84, 10, '', NULL),
(84, 11, '', NULL),
(85, 2, '', NULL),
(85, 3, '', NULL),
(85, 4, '', NULL),
(85, 5, '', NULL),
(85, 6, '', NULL),
(85, 7, '', NULL),
(85, 8, '', NULL),
(85, 9, '', NULL),
(85, 10, '', NULL),
(85, 11, '', NULL),
(86, 2, '', NULL),
(86, 3, '', NULL),
(86, 4, '', NULL),
(86, 5, '', NULL),
(86, 6, '', NULL),
(86, 7, '', NULL),
(86, 8, '', NULL),
(86, 9, '', NULL),
(86, 10, '', NULL),
(86, 11, '', NULL),
(87, 2, '', NULL),
(87, 3, '', NULL),
(87, 4, '', NULL),
(87, 5, '', NULL),
(87, 6, '', NULL),
(87, 7, '', NULL),
(87, 8, '', NULL),
(87, 9, '', NULL),
(87, 10, '', NULL),
(87, 11, '', NULL),
(88, 2, 'Riesgo moderado', NULL),
(88, 3, 'Riesgo moderado', NULL),
(88, 4, 'Riesgo moderado', NULL),
(88, 5, 'Riesgo extremo', NULL),
(88, 6, 'Riesgo moderado', NULL),
(88, 7, 'Riesgo moderado', NULL),
(88, 8, 'Riesgo moderado', NULL),
(88, 9, 'Riesgo aceptable', NULL),
(88, 10, 'Riesgo moderado', NULL),
(88, 11, 'Riesgo moderado', NULL),
(88, 12, 'Riesgo moderado', NULL),
(88, 13, 'Riesgo alto', NULL),
(88, 14, 'Riesgo moderado', NULL),
(88, 15, 'Riesgo moderado', NULL),
(88, 16, 'Riesgo moderado', NULL),
(88, 17, 'Riesgo moderado', NULL),
(88, 18, '', NULL),
(88, 19, 'Riesgo moderado', NULL),
(88, 20, 'Riesgo moderado', NULL),
(88, 21, 'Riesgo alto', NULL),
(88, 22, 'Riesgo aceptable', NULL),
(88, 23, 'Riesgo aceptable', NULL),
(88, 24, 'Riesgo aceptable', NULL),
(88, 25, 'Riesgo aceptable', NULL),
(88, 26, 'Riesgo alto', NULL),
(88, 27, 'Riesgo moderado', NULL),
(88, 28, 'Riesgo moderado', NULL),
(88, 29, 'Riesgo moderado', NULL),
(88, 30, 'Riesgo moderado', NULL),
(88, 31, 'Riesgo moderado', NULL),
(88, 32, 'Riesgo alto', NULL),
(88, 33, 'Riesgo alto', NULL),
(88, 34, 'Riesgo extremo', NULL),
(88, 35, 'Riesgo extremo', NULL),
(88, 36, 'Riesgo moderado', NULL),
(88, 37, 'Riesgo alto', NULL),
(88, 38, 'Riesgo alto', NULL),
(89, 2, 'Riesgo moderado', NULL),
(89, 3, 'Riesgo moderado', NULL),
(89, 4, 'Riesgo moderado', NULL),
(89, 5, 'Riesgo moderado', NULL),
(89, 6, '', NULL),
(89, 7, 'Riesgo moderado', NULL),
(89, 8, 'Riesgo moderado', NULL),
(89, 9, 'Riesgo moderado', NULL),
(89, 10, 'Riesgo moderado', NULL),
(89, 11, 'Riesgo moderado', NULL),
(89, 12, 'Riesgo moderado', NULL),
(89, 13, 'Riesgo moderado', NULL),
(89, 14, 'Riesgo moderado', NULL),
(89, 15, 'Riesgo moderado', NULL),
(89, 16, 'Riesgo extremo', NULL),
(89, 17, 'Riesgo moderado', NULL),
(89, 18, '', NULL),
(89, 19, 'Riesgo moderado', NULL),
(89, 20, 'Riesgo moderado', NULL),
(89, 21, 'Riesgo alto', NULL),
(89, 22, 'Riesgo alto', NULL),
(89, 23, 'Riesgo aceptable', NULL),
(89, 24, 'Riesgo moderado', NULL),
(89, 25, 'Riesgo moderado', NULL),
(89, 26, 'Riesgo aceptable', NULL),
(89, 27, 'Riesgo moderado', NULL),
(89, 28, 'Riesgo alto', NULL),
(89, 29, 'Riesgo alto', NULL),
(89, 30, 'Riesgo moderado', NULL),
(89, 31, 'Riesgo moderado', NULL),
(89, 32, 'Riesgo moderado', NULL),
(89, 33, 'Riesgo moderado', NULL),
(89, 34, 'Riesgo extremo', NULL),
(89, 35, 'Riesgo alto', NULL),
(89, 36, 'Riesgo alto', NULL),
(89, 37, 'Riesgo moderado', NULL),
(89, 38, 'Riesgo moderado', NULL),
(90, 2, 'Riesgo alto', NULL),
(90, 3, 'Riesgo alto', NULL),
(90, 4, 'Riesgo alto', NULL),
(90, 5, 'Riesgo moderado', NULL),
(90, 6, '', NULL),
(90, 7, 'Riesgo moderado', NULL),
(90, 8, 'Riesgo moderado', NULL),
(90, 9, 'Riesgo aceptable', NULL),
(90, 10, 'Riesgo alto', NULL),
(90, 11, 'Riesgo moderado', NULL),
(90, 12, 'Riesgo alto', NULL),
(90, 13, 'Riesgo alto', NULL),
(90, 14, 'Riesgo aceptable', NULL),
(90, 15, 'Riesgo alto', NULL),
(90, 16, 'Riesgo alto', NULL),
(90, 17, 'Riesgo alto', NULL),
(90, 18, '', NULL),
(90, 19, 'Riesgo moderado', NULL),
(90, 20, 'Riesgo alto', NULL),
(90, 21, 'Riesgo alto', NULL),
(90, 22, 'Riesgo alto', NULL),
(90, 23, 'Riesgo aceptable', NULL),
(90, 24, 'Riesgo aceptable', NULL),
(90, 25, 'Riesgo aceptable', NULL),
(90, 26, 'Riesgo moderado', NULL),
(90, 27, 'Riesgo moderado', NULL),
(90, 28, 'Riesgo alto', NULL),
(90, 29, 'Riesgo moderado', NULL),
(90, 30, '', NULL),
(90, 31, 'Riesgo moderado', NULL),
(90, 32, 'Riesgo moderado', NULL),
(90, 33, 'Riesgo moderado', NULL),
(90, 34, 'Riesgo alto', NULL),
(90, 35, '', NULL),
(90, 36, 'Riesgo extremo', NULL),
(90, 37, 'Riesgo alto', NULL),
(90, 38, 'Riesgo alto', NULL),
(91, 2, 'Riesgo moderado', NULL),
(91, 3, 'Riesgo alto', NULL),
(91, 4, 'Riesgo aceptable', NULL),
(91, 5, '', NULL),
(91, 6, '', NULL),
(91, 7, '', NULL),
(91, 8, '', NULL),
(91, 9, '', NULL),
(91, 10, 'Riesgo alto', NULL),
(91, 11, '', NULL),
(91, 12, 'Riesgo alto', NULL),
(91, 13, '', NULL),
(91, 14, '', NULL),
(91, 15, 'Riesgo alto', NULL),
(91, 16, 'Riesgo alto', NULL),
(91, 17, 'Riesgo alto', NULL),
(91, 18, '', NULL),
(91, 19, 'Riesgo alto', NULL),
(91, 20, 'Riesgo extremo', NULL),
(91, 21, 'Riesgo extremo', NULL),
(91, 22, 'Riesgo moderado', NULL),
(91, 23, 'Riesgo moderado', NULL),
(91, 24, 'Riesgo moderado', NULL),
(91, 25, 'Riesgo moderado', NULL),
(91, 26, 'Riesgo alto', NULL),
(91, 27, 'Riesgo alto', NULL),
(91, 28, 'Riesgo alto', NULL),
(91, 29, 'Riesgo moderado', NULL),
(91, 30, '', NULL),
(91, 31, '', NULL),
(91, 32, '', NULL),
(91, 33, '', NULL),
(91, 34, 'Riesgo moderado', NULL),
(91, 35, '', NULL),
(91, 36, 'Riesgo alto', NULL),
(91, 37, '', NULL),
(91, 38, '', NULL),
(92, 2, 'Riesgo moderado', NULL),
(92, 3, 'Riesgo aceptable', NULL),
(92, 4, 'Riesgo alto', NULL),
(92, 5, '', NULL),
(92, 6, '', NULL),
(92, 7, '', NULL),
(92, 8, '', NULL),
(92, 9, '', NULL),
(92, 10, '', NULL),
(92, 11, '', NULL),
(92, 12, 'Riesgo extremo', NULL),
(92, 13, '', NULL),
(92, 14, '', NULL),
(92, 15, 'Riesgo alto', NULL),
(92, 16, 'Riesgo moderado', NULL),
(92, 17, 'Riesgo extremo', NULL),
(92, 18, '', NULL),
(92, 19, 'Riesgo moderado', NULL),
(92, 20, 'Riesgo moderado', NULL),
(92, 21, 'Riesgo moderado', NULL),
(92, 22, 'Riesgo aceptable', NULL),
(92, 23, '', NULL),
(92, 24, '', NULL),
(92, 25, '', NULL),
(92, 26, 'Riesgo moderado', NULL),
(92, 27, 'Riesgo moderado', NULL),
(92, 28, 'Riesgo moderado', NULL),
(92, 29, 'Riesgo moderado', NULL),
(92, 30, '', NULL),
(92, 31, '', NULL),
(92, 32, '', NULL),
(92, 33, '', NULL),
(92, 34, 'Riesgo alto', NULL),
(92, 35, '', NULL),
(92, 36, 'Riesgo moderado', NULL),
(92, 37, '', NULL),
(92, 38, '', NULL),
(93, 2, 'Riesgo moderado', NULL),
(93, 3, '', NULL),
(93, 4, '', NULL),
(93, 5, '', NULL),
(93, 6, '', NULL),
(93, 7, '', NULL),
(93, 8, '', NULL),
(93, 9, '', NULL),
(93, 10, '', NULL),
(93, 11, '', NULL),
(93, 12, 'Riesgo extremo', NULL),
(93, 13, '', NULL),
(93, 14, '', NULL),
(93, 15, 'Riesgo extremo', NULL),
(93, 16, '', NULL),
(93, 17, 'Riesgo extremo', NULL),
(93, 18, '', NULL),
(93, 19, 'Riesgo aceptable', NULL),
(93, 20, 'Riesgo alto', NULL),
(93, 21, 'Riesgo alto', NULL),
(93, 22, 'Riesgo alto', NULL),
(93, 23, '', NULL),
(93, 24, '', NULL),
(93, 25, '', NULL),
(93, 26, 'Riesgo moderado', NULL),
(93, 27, '', NULL),
(93, 28, '', NULL),
(93, 29, '', NULL),
(93, 30, '', NULL),
(93, 31, '', NULL),
(93, 32, '', NULL),
(93, 33, '', NULL),
(93, 34, '', NULL),
(93, 35, '', NULL),
(93, 36, 'Riesgo alto', NULL),
(93, 37, '', NULL),
(93, 38, '', NULL),
(94, 2, 'Riesgo alto', NULL),
(94, 3, '', NULL),
(94, 4, '', NULL),
(94, 5, '', NULL),
(94, 6, '', NULL),
(94, 7, '', NULL),
(94, 8, '', NULL),
(94, 9, '', NULL),
(94, 10, '', NULL),
(94, 11, '', NULL),
(94, 12, 'Riesgo moderado', NULL),
(94, 13, '', NULL),
(94, 14, '', NULL),
(94, 15, 'Riesgo moderado', NULL),
(94, 16, '', NULL),
(94, 17, 'Riesgo moderado', NULL),
(94, 18, '', NULL),
(94, 19, '', NULL),
(94, 20, 'Riesgo alto', NULL),
(94, 21, 'Riesgo alto', NULL),
(94, 22, '', NULL),
(94, 23, '', NULL),
(94, 24, '', NULL),
(94, 25, '', NULL),
(94, 26, 'Riesgo moderado', NULL),
(94, 27, '', NULL),
(94, 28, '', NULL),
(94, 29, '', NULL),
(94, 30, '', NULL),
(94, 31, '', NULL),
(94, 32, '', NULL),
(94, 33, '', NULL),
(94, 34, '', NULL),
(94, 35, '', NULL),
(94, 36, 'Riesgo moderado', NULL),
(94, 37, '', NULL),
(94, 38, '', NULL),
(95, 2, 'Riesgo moderado', NULL),
(95, 3, '', NULL),
(95, 4, '', NULL),
(95, 5, '', NULL),
(95, 6, '', NULL),
(95, 7, '', NULL),
(95, 8, '', NULL),
(95, 9, '', NULL),
(95, 10, '', NULL),
(95, 11, '', NULL),
(95, 12, 'Riesgo moderado', NULL),
(95, 13, '', NULL),
(95, 14, '', NULL),
(95, 15, 'Riesgo moderado', NULL),
(95, 16, '', NULL),
(95, 17, 'Riesgo moderado', NULL),
(95, 18, '', NULL),
(95, 19, '', NULL),
(95, 20, '', NULL),
(95, 21, '', NULL),
(95, 22, '', NULL),
(95, 23, '', NULL),
(95, 24, '', NULL),
(95, 25, '', NULL),
(95, 26, '', NULL),
(95, 27, '', NULL),
(95, 28, '', NULL),
(95, 29, '', NULL),
(95, 30, '', NULL),
(95, 31, '', NULL),
(95, 32, '', NULL),
(95, 33, '', NULL),
(95, 34, '', NULL),
(95, 35, '', NULL),
(95, 36, 'Riesgo alto', NULL),
(95, 37, '', NULL),
(95, 38, '', NULL),
(96, 2, 'Riesgo moderado', NULL),
(96, 3, '', NULL),
(96, 4, '', NULL),
(96, 5, '', NULL),
(96, 6, '', NULL),
(96, 7, '', NULL),
(96, 8, '', NULL),
(96, 9, '', NULL),
(96, 10, '', NULL),
(96, 11, '', NULL),
(96, 12, 'Riesgo alto', NULL),
(96, 13, '', NULL),
(96, 14, '', NULL),
(96, 15, 'Riesgo extremo', NULL),
(96, 16, '', NULL),
(96, 17, 'Riesgo alto', NULL),
(96, 18, '', NULL),
(96, 19, '', NULL),
(96, 20, '', NULL),
(96, 21, '', NULL),
(96, 22, '', NULL),
(96, 23, '', NULL),
(96, 24, '', NULL),
(96, 25, '', NULL),
(96, 26, '', NULL),
(96, 27, '', NULL),
(96, 28, '', NULL),
(96, 29, '', NULL),
(96, 30, '', NULL),
(96, 31, '', NULL),
(96, 32, '', NULL),
(96, 33, '', NULL),
(96, 34, '', NULL),
(96, 35, '', NULL),
(96, 36, '', NULL),
(96, 37, '', NULL),
(96, 38, '', NULL),
(97, 2, 'Riesgo alto', NULL),
(97, 3, '', NULL),
(97, 4, '', NULL),
(97, 5, '', NULL),
(97, 6, '', NULL),
(97, 7, '', NULL),
(97, 8, '', NULL),
(97, 9, '', NULL),
(97, 10, '', NULL),
(97, 11, '', NULL),
(97, 12, 'Riesgo alto', NULL),
(97, 13, '', NULL),
(97, 14, '', NULL),
(97, 15, 'Riesgo moderado', NULL),
(97, 16, '', NULL),
(97, 17, 'Riesgo moderado', NULL),
(97, 18, '', NULL),
(97, 19, '', NULL),
(97, 20, '', NULL),
(97, 21, '', NULL),
(97, 22, '', NULL),
(97, 23, '', NULL),
(97, 24, '', NULL),
(97, 25, '', NULL),
(97, 26, '', NULL),
(97, 27, '', NULL),
(97, 28, '', NULL),
(97, 29, '', NULL),
(97, 30, '', NULL),
(97, 31, '', NULL),
(97, 32, '', NULL),
(97, 33, '', NULL),
(97, 34, '', NULL),
(97, 35, '', NULL),
(97, 36, '', NULL),
(97, 37, '', NULL),
(97, 38, '', NULL),
(98, 2, 'Riesgo moderado', NULL),
(98, 3, '', NULL),
(98, 4, '', NULL),
(98, 5, '', NULL),
(98, 6, '', NULL),
(98, 7, '', NULL),
(98, 8, '', NULL),
(98, 9, '', NULL),
(98, 10, '', NULL),
(98, 11, '', NULL),
(98, 12, 'Riesgo alto', NULL),
(98, 13, '', NULL),
(98, 14, '', NULL),
(98, 15, 'Riesgo alto', NULL),
(98, 16, '', NULL),
(98, 17, 'Riesgo moderado', NULL),
(98, 18, '', NULL),
(98, 19, '', NULL),
(98, 20, '', NULL),
(98, 21, '', NULL),
(98, 22, '', NULL),
(98, 23, '', NULL),
(98, 24, '', NULL),
(98, 25, '', NULL),
(98, 26, '', NULL),
(98, 27, '', NULL),
(98, 28, '', NULL),
(98, 29, '', NULL),
(98, 30, '', NULL),
(98, 31, '', NULL),
(98, 32, '', NULL),
(98, 33, '', NULL),
(98, 34, '', NULL),
(98, 35, '', NULL),
(98, 36, '', NULL),
(98, 37, '', NULL),
(98, 38, '', NULL),
(99, 2, 'Riesgo moderado', NULL),
(99, 3, '', NULL),
(99, 4, '', NULL),
(99, 5, '', NULL),
(99, 6, '', NULL),
(99, 7, '', NULL),
(99, 8, '', NULL),
(99, 9, '', NULL),
(99, 10, '', NULL),
(99, 11, '', NULL),
(99, 12, 'Riesgo extremo', NULL),
(99, 13, '', NULL),
(99, 14, '', NULL),
(99, 15, 'Riesgo moderado', NULL),
(99, 16, '', NULL),
(99, 17, 'Riesgo moderado', NULL),
(99, 18, '', NULL),
(99, 19, '', NULL),
(99, 20, '', NULL),
(99, 21, '', NULL),
(99, 22, '', NULL),
(99, 23, '', NULL),
(99, 24, '', NULL),
(99, 25, '', NULL),
(99, 26, '', NULL),
(99, 27, '', NULL),
(99, 28, '', NULL),
(99, 29, '', NULL),
(99, 30, '', NULL),
(99, 31, '', NULL),
(99, 32, '', NULL),
(99, 33, '', NULL),
(99, 34, '', NULL),
(99, 35, '', NULL),
(99, 36, '', NULL),
(99, 37, '', NULL),
(99, 38, '', NULL),
(100, 2, '', NULL),
(100, 3, '', NULL),
(100, 4, '', NULL),
(100, 5, '', NULL),
(100, 6, '', NULL),
(100, 7, '', NULL),
(100, 8, '', NULL),
(100, 9, '', NULL),
(100, 10, '', NULL),
(100, 11, '', NULL),
(100, 12, 'Riesgo alto', NULL),
(100, 13, '', NULL),
(100, 14, '', NULL),
(100, 15, '', NULL),
(100, 16, '', NULL),
(100, 17, '', NULL),
(100, 18, '', NULL),
(100, 19, '', NULL),
(100, 20, '', NULL),
(100, 21, '', NULL),
(100, 22, '', NULL),
(100, 23, '', NULL),
(100, 24, '', NULL),
(100, 25, '', NULL),
(100, 26, '', NULL),
(100, 27, '', NULL),
(100, 28, '', NULL),
(100, 29, '', NULL),
(100, 30, '', NULL),
(100, 31, '', NULL),
(100, 32, '', NULL),
(100, 33, '', NULL),
(100, 34, '', NULL),
(100, 35, '', NULL),
(100, 36, '', NULL),
(100, 37, '', NULL),
(100, 38, '', NULL),
(101, 2, '', NULL),
(101, 3, '', NULL),
(101, 4, '', NULL),
(101, 5, '', NULL),
(101, 6, '', NULL),
(101, 7, '', NULL),
(101, 8, '', NULL),
(101, 9, '', NULL),
(101, 10, '', NULL),
(101, 11, '', NULL),
(101, 12, 'Riesgo moderado', NULL),
(101, 13, '', NULL),
(101, 14, '', NULL),
(101, 15, '', NULL),
(101, 16, '', NULL),
(101, 17, '', NULL),
(101, 18, '', NULL),
(101, 19, '', NULL),
(101, 20, '', NULL),
(101, 21, '', NULL),
(101, 22, '', NULL),
(101, 23, '', NULL),
(101, 24, '', NULL),
(101, 25, '', NULL),
(101, 26, '', NULL),
(101, 27, '', NULL),
(101, 28, '', NULL),
(101, 29, '', NULL),
(101, 30, '', NULL),
(101, 31, '', NULL),
(101, 32, '', NULL),
(101, 33, '', NULL),
(101, 34, '', NULL),
(101, 35, '', NULL),
(101, 36, '', NULL),
(101, 37, '', NULL),
(101, 38, '', NULL),
(102, 2, '', NULL),
(102, 3, '', NULL),
(102, 4, '', NULL),
(102, 5, '', NULL),
(102, 6, '', NULL),
(102, 7, '', NULL),
(102, 8, '', NULL),
(102, 9, '', NULL),
(102, 10, '', NULL),
(102, 11, '', NULL),
(102, 12, 'Riesgo moderado', NULL),
(102, 13, '', NULL),
(102, 14, '', NULL),
(102, 15, '', NULL),
(102, 16, '', NULL),
(102, 17, '', NULL),
(102, 18, '', NULL),
(102, 19, '', NULL),
(102, 20, '', NULL),
(102, 21, '', NULL),
(102, 22, '', NULL),
(102, 23, '', NULL),
(102, 24, '', NULL),
(102, 25, '', NULL),
(102, 26, '', NULL),
(102, 27, '', NULL),
(102, 28, '', NULL),
(102, 29, '', NULL),
(102, 30, '', NULL),
(102, 31, '', NULL),
(102, 32, '', NULL),
(102, 33, '', NULL),
(102, 34, '', NULL),
(102, 35, '', NULL),
(102, 36, '', NULL),
(102, 37, '', NULL),
(102, 38, '', NULL),
(103, 2, '', NULL),
(103, 3, '', NULL),
(103, 4, '', NULL),
(103, 5, '', NULL),
(103, 6, '', NULL),
(103, 7, '', NULL),
(103, 8, '', NULL),
(103, 9, '', NULL),
(103, 10, '', NULL),
(103, 11, '', NULL),
(103, 12, '', NULL),
(103, 13, '', NULL),
(103, 14, '', NULL),
(103, 15, '', NULL),
(103, 16, '', NULL),
(103, 17, '', NULL),
(103, 18, '', NULL),
(103, 19, '', NULL),
(103, 20, '', NULL),
(103, 21, '', NULL),
(103, 22, '', NULL),
(103, 23, '', NULL),
(103, 24, '', NULL),
(103, 25, '', NULL),
(103, 26, '', NULL),
(103, 27, '', NULL),
(103, 28, '', NULL),
(103, 29, '', NULL),
(103, 30, '', NULL),
(103, 31, '', NULL),
(103, 32, '', NULL),
(103, 33, '', NULL),
(103, 34, '', NULL),
(103, 35, '', NULL),
(103, 36, '', NULL),
(103, 37, '', NULL),
(103, 38, '', NULL),
(104, 2, '', NULL),
(104, 3, '', NULL),
(104, 4, '', NULL),
(104, 5, '', NULL),
(104, 6, '', NULL),
(104, 7, '', NULL),
(104, 8, '', NULL),
(104, 9, '', NULL),
(104, 10, '', NULL),
(104, 11, '', NULL),
(104, 12, '', NULL),
(104, 13, '', NULL),
(104, 14, '', NULL),
(104, 15, '', NULL),
(104, 16, '', NULL),
(104, 17, '', NULL),
(104, 18, '', NULL),
(104, 19, '', NULL),
(104, 20, '', NULL),
(104, 21, '', NULL),
(104, 22, '', NULL),
(104, 23, '', NULL),
(104, 24, '', NULL),
(104, 25, '', NULL),
(104, 26, '', NULL),
(104, 27, '', NULL),
(104, 28, '', NULL),
(104, 29, '', NULL),
(104, 30, '', NULL),
(104, 31, '', NULL),
(104, 32, '', NULL),
(104, 33, '', NULL),
(104, 34, '', NULL),
(104, 35, '', NULL),
(104, 36, '', NULL),
(104, 37, '', NULL),
(104, 38, '', NULL),
(105, 2, '', NULL),
(105, 3, '', NULL),
(105, 4, '', NULL),
(105, 5, '', NULL),
(105, 6, '', NULL),
(105, 7, '', NULL),
(105, 8, '', NULL),
(105, 9, '', NULL),
(105, 10, '', NULL),
(105, 11, '', NULL),
(105, 12, '', NULL),
(105, 13, '', NULL),
(105, 14, '', NULL),
(105, 15, '', NULL),
(105, 16, '', NULL),
(105, 17, '', NULL),
(105, 18, '', NULL),
(105, 19, '', NULL),
(105, 20, '', NULL),
(105, 21, '', NULL),
(105, 22, '', NULL),
(105, 23, '', NULL),
(105, 24, '', NULL),
(105, 25, '', NULL),
(105, 26, '', NULL),
(105, 27, '', NULL),
(105, 28, '', NULL),
(105, 29, '', NULL),
(105, 30, '', NULL),
(105, 31, '', NULL),
(105, 32, '', NULL),
(105, 33, '', NULL),
(105, 34, '', NULL),
(105, 35, '', NULL),
(105, 36, '', NULL),
(105, 37, '', NULL),
(105, 38, '', NULL),
(106, 2, '', NULL),
(106, 3, '', NULL),
(106, 4, '', NULL),
(106, 5, '', NULL),
(106, 6, '', NULL),
(106, 7, '', NULL),
(106, 8, '', NULL),
(106, 9, '', NULL),
(106, 10, '', NULL),
(106, 11, '', NULL),
(107, 2, '', NULL),
(107, 3, '', NULL),
(107, 4, '', NULL),
(107, 5, '', NULL),
(107, 6, '', NULL),
(107, 7, '', NULL),
(107, 8, '', NULL),
(107, 9, '', NULL),
(107, 10, '', NULL);
INSERT INTO `sgsi_custom_field_string_table` (`field_id`, `bug_id`, `value`, `text`) VALUES
(107, 11, '', NULL),
(108, 2, '', NULL),
(108, 3, '', NULL),
(108, 4, '', NULL),
(108, 5, '', NULL),
(108, 6, '', NULL),
(108, 7, '', NULL),
(108, 8, '', NULL),
(108, 9, '', NULL),
(108, 10, '', NULL),
(108, 11, '', NULL),
(109, 2, '', NULL),
(109, 3, '', NULL),
(109, 4, '', NULL),
(109, 5, '', NULL),
(109, 6, '', NULL),
(109, 7, '', NULL),
(109, 8, '', NULL),
(109, 9, '', NULL),
(109, 10, '', NULL),
(109, 11, '', NULL),
(110, 2, '', NULL),
(110, 3, '', NULL),
(110, 4, '', NULL),
(110, 5, '', NULL),
(110, 6, '', NULL),
(110, 7, '', NULL),
(110, 8, '', NULL),
(110, 9, '', NULL),
(110, 10, '', NULL),
(110, 11, '', NULL),
(111, 1, 'P01', NULL),
(111, 39, 'P02', NULL),
(111, 40, 'P03', NULL),
(111, 41, 'P04', NULL),
(111, 42, 'P05', NULL),
(111, 43, 'P06', NULL),
(111, 44, 'P07', NULL),
(111, 45, 'P08', NULL),
(111, 46, 'P09', NULL),
(111, 47, 'P10', NULL),
(111, 48, 'P11', NULL),
(111, 49, 'P12', NULL),
(111, 50, 'P13', NULL),
(111, 51, 'P14', NULL),
(112, 52, '| P05. Control de acceso |', NULL),
(112, 53, '| P09. Seguridad de las comunicaciones |', NULL),
(112, 54, '| P05. Control de acceso | P10. Seguridad en los sistemas de información |', NULL),
(112, 55, '| P05. Control de acceso | P06. Criptografía | P10. Seguridad en los sistemas de información | P13. Continuidad del negocio |', NULL),
(112, 56, '| P05. Control de acceso | P10. Seguridad en los sistemas de información |', NULL),
(112, 57, '| P04. Gestión y uso de activos de información | P07. Seguridad física y del entorno |', NULL),
(112, 58, '| P05. Control de acceso | P11. Relación con proveedores |', NULL),
(112, 59, '| P03. Seguridad relativa a los recursos humanos |', NULL),
(112, 60, '| P05. Control de acceso | P09. Seguridad de las comunicaciones | P10. Seguridad en los sistemas de información |', NULL),
(112, 61, '| P05. Control de acceso | P09. Seguridad de las comunicaciones |', NULL);

-- --------------------------------------------------------

--
-- Estructura de tabla para la tabla `sgsi_custom_field_table`
--

CREATE TABLE `sgsi_custom_field_table` (
  `id` int(11) NOT NULL,
  `name` varchar(64) NOT NULL DEFAULT '',
  `type` smallint(6) NOT NULL DEFAULT '0',
  `possible_values` text,
  `default_value` varchar(255) NOT NULL DEFAULT '',
  `valid_regexp` varchar(255) NOT NULL DEFAULT '',
  `access_level_r` smallint(6) NOT NULL DEFAULT '0',
  `access_level_rw` smallint(6) NOT NULL DEFAULT '0',
  `length_min` int(11) NOT NULL DEFAULT '0',
  `length_max` int(11) NOT NULL DEFAULT '0',
  `require_report` tinyint(4) NOT NULL DEFAULT '0',
  `require_update` tinyint(4) NOT NULL DEFAULT '0',
  `display_report` tinyint(4) NOT NULL DEFAULT '0',
  `display_update` tinyint(4) NOT NULL DEFAULT '1',
  `require_resolved` tinyint(4) NOT NULL DEFAULT '0',
  `display_resolved` tinyint(4) NOT NULL DEFAULT '0',
  `display_closed` tinyint(4) NOT NULL DEFAULT '0',
  `require_closed` tinyint(4) NOT NULL DEFAULT '0',
  `filter_by` tinyint(4) NOT NULL DEFAULT '1'
) ENGINE=InnoDB DEFAULT CHARSET=utf8;

--
-- Volcado de datos para la tabla `sgsi_custom_field_table`
--

INSERT INTO `sgsi_custom_field_table` (`id`, `name`, `type`, `possible_values`, `default_value`, `valid_regexp`, `access_level_r`, `access_level_rw`, `length_min`, `length_max`, `require_report`, `require_update`, `display_report`, `display_update`, `require_resolved`, `display_resolved`, `display_closed`, `require_closed`, `filter_by`) VALUES
(2, 'Objetivo', 10, '', '', '', 10, 10, 0, 0, 1, 0, 1, 1, 0, 1, 1, 0, 0),
(3, 'Alcance', 10, '', '', '', 10, 10, 0, 0, 1, 0, 1, 1, 0, 1, 1, 0, 0),
(4, 'Políticas', 10, '', '', '', 10, 10, 0, 0, 1, 0, 1, 1, 0, 1, 1, 0, 0),
(5, 'Tipo de activo', 7, 'Hardware|Software|Datos/Información|Comunicaciones|Personal|Instalaciones', '', '', 40, 40, 0, 0, 1, 0, 1, 1, 0, 1, 1, 0, 0),
(6, 'Código activo', 0, '', '', '', 10, 40, 0, 0, 1, 0, 1, 1, 0, 1, 1, 0, 0),
(7, 'Criterio confidencialidad', 7, 'Muy bajo|Bajo|Medio|Alto|Muy alto', '', '', 10, 40, 0, 0, 1, 0, 1, 1, 0, 1, 1, 0, 0),
(8, 'Criterio integridad', 7, 'Muy bajo|Bajo|Medio|Alto|Muy alto', '', '', 10, 40, 0, 0, 1, 0, 1, 1, 0, 1, 1, 0, 0),
(9, 'Criterio disponibilidad', 7, 'Muy bajo|Bajo|Medio|Alto|Muy alto', '', '', 10, 40, 0, 0, 1, 0, 1, 1, 0, 1, 1, 0, 0),
(10, 'Amenaza-1', 6, '|Acceso no autorizado|Robo de información|Fraudes basados en el uso de computadores|Suplantación de identidad|Denegación de Servicios (DoS)|Ataques de Fuerza Bruta|Alteración de la Información|Divulgación de Información|Desastres Naturales|Espionaje|Compromisos de propiedad intelectual|Ataques de software|Desviaciones en la calidad del servicio|Controles inadecuados, faltantes o incompletos|Extorsión de información |Errores o fallas técnicas de hardware|Errores o fallas técnicas de software|Obsolescencia tecnológica|Sabotaje, vandalismo|Daño físico|Error de usuario|Condiciones inadecuadas de temperatura y humedad|Caída de sistema|Corte de suministro eléctrico|Fugas de información', '', '', 10, 10, 0, 0, 0, 0, 0, 1, 0, 1, 1, 0, 0),
(11, '1-Probabilidad', 9, '|Improbable|Moderado|Frecuente|Constante', '', '', 10, 10, 0, 0, 0, 0, 0, 1, 0, 1, 1, 0, 0),
(12, '1-Impacto', 9, '|Débil|Notable|Fuerte|Muy fuerte', '', '', 10, 10, 0, 0, 0, 0, 0, 1, 0, 1, 1, 0, 0),
(13, '1-Nivel de riesgo', 9, '|Riesgo extremo|Riesgo alto|Riesgo moderado|Riesgo aceptable', '', '', 10, 10, 0, 0, 0, 0, 0, 1, 0, 1, 1, 0, 0),
(15, 'Amenaza-2', 6, '|Acceso no autorizado|Robo de información|Fraudes basados en el uso de computadores|Suplantación de identidad|Denegación de Servicios (DoS)|Ataques de Fuerza Bruta|Alteración de la Información|Divulgación de Información|Desastres Naturales|Espionaje|Compromisos de propiedad intelectual|Ataques de software|Desviaciones en la calidad del servicio|Controles inadecuados, faltantes o incompletos|Extorsión de información |Errores o fallas técnicas de hardware|Errores o fallas técnicas de software|Obsolescencia tecnológica|Sabotaje, vandalismo|Daño físico|Error de usuario|Condiciones inadecuadas de temperatura y humedad|Caída de sistema|Corte de suministro eléctrico|Fugas de información', '', '', 10, 10, 0, 0, 0, 0, 0, 1, 0, 1, 1, 0, 0),
(16, '2-Probabilidad', 9, '|Improbable|Moderado|Frecuente|Constante', '', '', 10, 10, 0, 0, 0, 0, 0, 1, 0, 1, 1, 0, 0),
(17, '2-Impacto', 9, '|Débil|Notable|Fuerte|Muy fuerte', '', '', 10, 10, 0, 0, 0, 0, 0, 1, 0, 1, 1, 0, 0),
(18, '2-Nivel de riesgo', 9, '|Riesgo extremo|Riesgo alto|Riesgo moderado|Riesgo aceptable', '', '', 10, 10, 0, 0, 0, 0, 0, 1, 0, 1, 1, 0, 0),
(19, 'Amenaza-4', 6, '|Acceso no autorizado|Robo de información|Fraudes basados en el uso de computadores|Suplantación de identidad|Denegación de Servicios (DoS)|Ataques de Fuerza Bruta|Alteración de la Información|Divulgación de Información|Desastres Naturales|Espionaje|Compromisos de propiedad intelectual|Ataques de software|Desviaciones en la calidad del servicio|Controles inadecuados, faltantes o incompletos|Extorsión de información |Errores o fallas técnicas de hardware|Errores o fallas técnicas de software|Obsolescencia tecnológica|Sabotaje, vandalismo|Daño físico|Error de usuario|Condiciones inadecuadas de temperatura y humedad|Caída de sistema|Corte de suministro eléctrico|Fugas de información', '', '', 10, 10, 0, 0, 0, 0, 0, 1, 0, 1, 1, 0, 0),
(20, 'Amenaza-3', 6, '|Acceso no autorizado|Robo de información|Fraudes basados en el uso de computadores|Suplantación de identidad|Denegación de Servicios (DoS)|Ataques de Fuerza Bruta|Alteración de la Información|Divulgación de Información|Desastres Naturales|Espionaje|Compromisos de propiedad intelectual|Ataques de software|Desviaciones en la calidad del servicio|Controles inadecuados, faltantes o incompletos|Extorsión de información |Errores o fallas técnicas de hardware|Errores o fallas técnicas de software|Obsolescencia tecnológica|Sabotaje, vandalismo|Daño físico|Error de usuario|Condiciones inadecuadas de temperatura y humedad|Caída de sistema|Corte de suministro eléctrico|Fugas de información', '', '', 10, 10, 0, 0, 0, 0, 0, 1, 0, 1, 1, 0, 0),
(21, 'Amenaza-5', 6, '|Acceso no autorizado|Robo de información|Fraudes basados en el uso de computadores|Suplantación de identidad|Denegación de Servicios (DoS)|Ataques de Fuerza Bruta|Alteración de la Información|Divulgación de Información|Desastres Naturales|Espionaje|Compromisos de propiedad intelectual|Ataques de software|Desviaciones en la calidad del servicio|Controles inadecuados, faltantes o incompletos|Extorsión de información |Errores o fallas técnicas de hardware|Errores o fallas técnicas de software|Obsolescencia tecnológica|Sabotaje, vandalismo|Daño físico|Error de usuario|Condiciones inadecuadas de temperatura y humedad|Caída de sistema|Corte de suministro eléctrico|Fugas de información', '', '', 10, 10, 0, 0, 0, 0, 0, 1, 0, 1, 1, 0, 0),
(22, 'Amenaza-6', 6, '|Acceso no autorizado|Robo de información|Fraudes basados en el uso de computadores|Suplantación de identidad|Denegación de Servicios (DoS)|Ataques de Fuerza Bruta|Alteración de la Información|Divulgación de Información|Desastres Naturales|Espionaje|Compromisos de propiedad intelectual|Ataques de software|Desviaciones en la calidad del servicio|Controles inadecuados, faltantes o incompletos|Extorsión de información |Errores o fallas técnicas de hardware|Errores o fallas técnicas de software|Obsolescencia tecnológica|Sabotaje, vandalismo|Daño físico|Error de usuario|Condiciones inadecuadas de temperatura y humedad|Caída de sistema|Corte de suministro eléctrico|Fugas de información', '', '', 10, 10, 0, 0, 0, 0, 0, 1, 0, 1, 1, 0, 0),
(23, 'Amenaza-7', 6, '|Acceso no autorizado|Robo de información|Fraudes basados en el uso de computadores|Suplantación de identidad|Denegación de Servicios (DoS)|Ataques de Fuerza Bruta|Alteración de la Información|Divulgación de Información|Desastres Naturales|Espionaje|Compromisos de propiedad intelectual|Ataques de software|Desviaciones en la calidad del servicio|Controles inadecuados, faltantes o incompletos|Extorsión de información |Errores o fallas técnicas de hardware|Errores o fallas técnicas de software|Obsolescencia tecnológica|Sabotaje, vandalismo|Daño físico|Error de usuario|Condiciones inadecuadas de temperatura y humedad|Caída de sistema|Corte de suministro eléctrico|Fugas de información', '', '', 10, 10, 0, 0, 0, 0, 0, 1, 0, 1, 1, 0, 0),
(24, 'Amenaza-8', 6, '|Acceso no autorizado|Robo de información|Fraudes basados en el uso de computadores|Suplantación de identidad|Denegación de Servicios (DoS)|Ataques de Fuerza Bruta|Alteración de la Información|Divulgación de Información|Desastres Naturales|Espionaje|Compromisos de propiedad intelectual|Ataques de software|Desviaciones en la calidad del servicio|Controles inadecuados, faltantes o incompletos|Extorsión de información |Errores o fallas técnicas de hardware|Errores o fallas técnicas de software|Obsolescencia tecnológica|Sabotaje, vandalismo|Daño físico|Error de usuario|Condiciones inadecuadas de temperatura y humedad|Caída de sistema|Corte de suministro eléctrico|Fugas de información', '', '', 10, 10, 0, 0, 0, 0, 0, 1, 0, 1, 1, 0, 0),
(25, 'Amenaza-9', 6, '|Acceso no autorizado|Robo de información|Fraudes basados en el uso de computadores|Suplantación de identidad|Denegación de Servicios (DoS)|Ataques de Fuerza Bruta|Alteración de la Información|Divulgación de Información|Desastres Naturales|Espionaje|Compromisos de propiedad intelectual|Ataques de software|Desviaciones en la calidad del servicio|Controles inadecuados, faltantes o incompletos|Extorsión de información |Errores o fallas técnicas de hardware|Errores o fallas técnicas de software|Obsolescencia tecnológica|Sabotaje, vandalismo|Daño físico|Error de usuario|Condiciones inadecuadas de temperatura y humedad|Caída de sistema|Corte de suministro eléctrico|Fugas de información', '', '', 10, 10, 0, 0, 0, 0, 0, 1, 0, 1, 1, 0, 0),
(26, 'Amenaza-10', 6, '|Acceso no autorizado|Robo de información|Fraudes basados en el uso de computadores|Suplantación de identidad|Denegación de Servicios (DoS)|Ataques de Fuerza Bruta|Alteración de la Información|Divulgación de Información|Desastres Naturales|Espionaje|Compromisos de propiedad intelectual|Ataques de software|Desviaciones en la calidad del servicio|Controles inadecuados, faltantes o incompletos|Extorsión de información |Errores o fallas técnicas de hardware|Errores o fallas técnicas de software|Obsolescencia tecnológica|Sabotaje, vandalismo|Daño físico|Error de usuario|Condiciones inadecuadas de temperatura y humedad|Caída de sistema|Corte de suministro eléctrico|Fugas de información', '', '', 10, 10, 0, 0, 0, 0, 0, 1, 0, 1, 1, 0, 0),
(27, 'Amenaza-11', 6, '|Acceso no autorizado|Robo de información|Fraudes basados en el uso de computadores|Suplantación de identidad|Denegación de Servicios (DoS)|Ataques de Fuerza Bruta|Alteración de la Información|Divulgación de Información|Desastres Naturales|Espionaje|Compromisos de propiedad intelectual|Ataques de software|Desviaciones en la calidad del servicio|Controles inadecuados, faltantes o incompletos|Extorsión de información |Errores o fallas técnicas de hardware|Errores o fallas técnicas de software|Obsolescencia tecnológica|Sabotaje, vandalismo|Daño físico|Error de usuario|Condiciones inadecuadas de temperatura y humedad|Caída de sistema|Corte de suministro eléctrico|Fugas de información', '', '', 10, 10, 0, 0, 0, 0, 0, 1, 0, 1, 1, 0, 0),
(28, 'Amenaza-12', 6, '|Acceso no autorizado|Robo de información|Fraudes basados en el uso de computadores|Suplantación de identidad|Denegación de Servicios (DoS)|Ataques de Fuerza Bruta|Alteración de la Información|Divulgación de Información|Desastres Naturales|Espionaje|Compromisos de propiedad intelectual|Ataques de software|Desviaciones en la calidad del servicio|Controles inadecuados, faltantes o incompletos|Extorsión de información |Errores o fallas técnicas de hardware|Errores o fallas técnicas de software|Obsolescencia tecnológica|Sabotaje, vandalismo|Daño físico|Error de usuario|Condiciones inadecuadas de temperatura y humedad|Caída de sistema|Corte de suministro eléctrico|Fugas de información', '', '', 10, 10, 0, 0, 0, 0, 0, 1, 0, 1, 1, 0, 0),
(29, 'Amenaza-13', 6, '|Acceso no autorizado|Robo de información|Fraudes basados en el uso de computadores|Suplantación de identidad|Denegación de Servicios (DoS)|Ataques de Fuerza Bruta|Alteración de la Información|Divulgación de Información|Desastres Naturales|Espionaje|Compromisos de propiedad intelectual|Ataques de software|Desviaciones en la calidad del servicio|Controles inadecuados, faltantes o incompletos|Extorsión de información |Errores o fallas técnicas de hardware|Errores o fallas técnicas de software|Obsolescencia tecnológica|Sabotaje, vandalismo|Daño físico|Error de usuario|Condiciones inadecuadas de temperatura y humedad|Caída de sistema|Corte de suministro eléctrico|Fugas de información', '', '', 10, 10, 0, 0, 0, 0, 0, 1, 0, 1, 1, 0, 0),
(30, 'Amenaza-14', 6, '|Acceso no autorizado|Robo de información|Fraudes basados en el uso de computadores|Suplantación de identidad|Denegación de Servicios (DoS)|Ataques de Fuerza Bruta|Alteración de la Información|Divulgación de Información|Desastres Naturales|Espionaje|Compromisos de propiedad intelectual|Ataques de software|Desviaciones en la calidad del servicio|Controles inadecuados, faltantes o incompletos|Extorsión de información |Errores o fallas técnicas de hardware|Errores o fallas técnicas de software|Obsolescencia tecnológica|Sabotaje, vandalismo|Daño físico|Error de usuario|Condiciones inadecuadas de temperatura y humedad|Caída de sistema|Corte de suministro eléctrico|Fugas de información', '', '', 10, 10, 0, 0, 0, 0, 0, 1, 0, 1, 1, 0, 0),
(31, 'Amenaza-15', 6, '|Acceso no autorizado|Robo de información|Fraudes basados en el uso de computadores|Suplantación de identidad|Denegación de Servicios (DoS)|Ataques de Fuerza Bruta|Alteración de la Información|Divulgación de Información|Desastres Naturales|Espionaje|Compromisos de propiedad intelectual|Ataques de software|Desviaciones en la calidad del servicio|Controles inadecuados, faltantes o incompletos|Extorsión de información |Errores o fallas técnicas de hardware|Errores o fallas técnicas de software|Obsolescencia tecnológica|Sabotaje, vandalismo|Daño físico|Error de usuario|Condiciones inadecuadas de temperatura y humedad|Caída de sistema|Corte de suministro eléctrico|Fugas de información', '', '', 10, 10, 0, 0, 0, 0, 0, 1, 0, 1, 1, 0, 0),
(32, 'Amenaza-16', 6, '|Acceso no autorizado|Robo de información|Fraudes basados en el uso de computadores|Suplantación de identidad|Denegación de Servicios (DoS)|Ataques de Fuerza Bruta|Alteración de la Información|Divulgación de Información|Desastres Naturales|Espionaje|Compromisos de propiedad intelectual|Ataques de software|Desviaciones en la calidad del servicio|Controles inadecuados, faltantes o incompletos|Extorsión de información |Errores o fallas técnicas de hardware|Errores o fallas técnicas de software|Obsolescencia tecnológica|Sabotaje, vandalismo|Daño físico|Error de usuario|Condiciones inadecuadas de temperatura y humedad|Caída de sistema|Corte de suministro eléctrico|Fugas de información', '', '', 10, 10, 0, 0, 0, 0, 0, 1, 0, 1, 1, 0, 0),
(33, 'Amenaza-17', 6, '|Acceso no autorizado|Robo de información|Fraudes basados en el uso de computadores|Suplantación de identidad|Denegación de Servicios (DoS)|Ataques de Fuerza Bruta|Alteración de la Información|Divulgación de Información|Desastres Naturales|Espionaje|Compromisos de propiedad intelectual|Ataques de software|Desviaciones en la calidad del servicio|Controles inadecuados, faltantes o incompletos|Extorsión de información |Errores o fallas técnicas de hardware|Errores o fallas técnicas de software|Obsolescencia tecnológica|Sabotaje, vandalismo|Daño físico|Error de usuario|Condiciones inadecuadas de temperatura y humedad|Caída de sistema|Corte de suministro eléctrico|Fugas de información', '', '', 10, 10, 0, 0, 0, 0, 0, 1, 0, 1, 1, 0, 0),
(34, 'Amenaza-18', 6, '|Acceso no autorizado|Robo de información|Fraudes basados en el uso de computadores|Suplantación de identidad|Denegación de Servicios (DoS)|Ataques de Fuerza Bruta|Alteración de la Información|Divulgación de Información|Desastres Naturales|Espionaje|Compromisos de propiedad intelectual|Ataques de software|Desviaciones en la calidad del servicio|Controles inadecuados, faltantes o incompletos|Extorsión de información |Errores o fallas técnicas de hardware|Errores o fallas técnicas de software|Obsolescencia tecnológica|Sabotaje, vandalismo|Daño físico|Error de usuario|Condiciones inadecuadas de temperatura y humedad|Caída de sistema|Corte de suministro eléctrico|Fugas de información', '', '', 10, 10, 0, 0, 0, 0, 0, 1, 0, 1, 1, 0, 0),
(35, 'Amenaza-19', 6, '|Acceso no autorizado|Robo de información|Fraudes basados en el uso de computadores|Suplantación de identidad|Denegación de Servicios (DoS)|Ataques de Fuerza Bruta|Alteración de la Información|Divulgación de Información|Desastres Naturales|Espionaje|Compromisos de propiedad intelectual|Ataques de software|Desviaciones en la calidad del servicio|Controles inadecuados, faltantes o incompletos|Extorsión de información |Errores o fallas técnicas de hardware|Errores o fallas técnicas de software|Obsolescencia tecnológica|Sabotaje, vandalismo|Daño físico|Error de usuario|Condiciones inadecuadas de temperatura y humedad|Caída de sistema|Corte de suministro eléctrico|Fugas de información', '', '', 10, 10, 0, 0, 0, 0, 0, 1, 0, 1, 1, 0, 0),
(36, 'Amenaza-20', 6, '|Acceso no autorizado|Robo de información|Fraudes basados en el uso de computadores|Suplantación de identidad|Denegación de Servicios (DoS)|Ataques de Fuerza Bruta|Alteración de la Información|Divulgación de Información|Desastres Naturales|Espionaje|Compromisos de propiedad intelectual|Ataques de software|Desviaciones en la calidad del servicio|Controles inadecuados, faltantes o incompletos|Extorsión de información |Errores o fallas técnicas de hardware|Errores o fallas técnicas de software|Obsolescencia tecnológica|Sabotaje, vandalismo|Daño físico|Error de usuario|Condiciones inadecuadas de temperatura y humedad|Caída de sistema|Corte de suministro eléctrico|Fugas de información', '', '', 10, 10, 0, 0, 0, 0, 0, 1, 0, 1, 1, 0, 0),
(37, 'Amenaza-21', 6, '|Acceso no autorizado|Robo de información|Fraudes basados en el uso de computadores|Suplantación de identidad|Denegación de Servicios (DoS)|Ataques de Fuerza Bruta|Alteración de la Información|Divulgación de Información|Desastres Naturales|Espionaje|Compromisos de propiedad intelectual|Ataques de software|Desviaciones en la calidad del servicio|Controles inadecuados, faltantes o incompletos|Extorsión de información |Errores o fallas técnicas de hardware|Errores o fallas técnicas de software|Obsolescencia tecnológica|Sabotaje, vandalismo|Daño físico|Error de usuario|Condiciones inadecuadas de temperatura y humedad|Caída de sistema|Corte de suministro eléctrico|Fugas de información', '', '', 10, 10, 0, 0, 0, 0, 0, 1, 0, 1, 1, 0, 0),
(38, 'Amenaza-22', 6, '|Acceso no autorizado|Robo de información|Fraudes basados en el uso de computadores|Suplantación de identidad|Denegación de Servicios (DoS)|Ataques de Fuerza Bruta|Alteración de la Información|Divulgación de Información|Desastres Naturales|Espionaje|Compromisos de propiedad intelectual|Ataques de software|Desviaciones en la calidad del servicio|Controles inadecuados, faltantes o incompletos|Extorsión de información |Errores o fallas técnicas de hardware|Errores o fallas técnicas de software|Obsolescencia tecnológica|Sabotaje, vandalismo|Daño físico|Error de usuario|Condiciones inadecuadas de temperatura y humedad|Caída de sistema|Corte de suministro eléctrico|Fugas de información', '', '', 10, 10, 0, 0, 0, 0, 0, 1, 0, 1, 1, 0, 0),
(39, 'Amenaza-23', 6, '|Acceso no autorizado|Robo de información|Fraudes basados en el uso de computadores|Suplantación de identidad|Denegación de Servicios (DoS)|Ataques de Fuerza Bruta|Alteración de la Información|Divulgación de Información|Desastres Naturales|Espionaje|Compromisos de propiedad intelectual|Ataques de software|Desviaciones en la calidad del servicio|Controles inadecuados, faltantes o incompletos|Extorsión de información |Errores o fallas técnicas de hardware|Errores o fallas técnicas de software|Obsolescencia tecnológica|Sabotaje, vandalismo|Daño físico|Error de usuario|Condiciones inadecuadas de temperatura y humedad|Caída de sistema|Corte de suministro eléctrico|Fugas de información', '', '', 10, 10, 0, 0, 0, 0, 0, 1, 0, 1, 1, 0, 0),
(40, 'Amenaza-24', 6, '|Acceso no autorizado|Robo de información|Fraudes basados en el uso de computadores|Suplantación de identidad|Denegación de Servicios (DoS)|Ataques de Fuerza Bruta|Alteración de la Información|Divulgación de Información|Desastres Naturales|Espionaje|Compromisos de propiedad intelectual|Ataques de software|Desviaciones en la calidad del servicio|Controles inadecuados, faltantes o incompletos|Extorsión de información |Errores o fallas técnicas de hardware|Errores o fallas técnicas de software|Obsolescencia tecnológica|Sabotaje, vandalismo|Daño físico|Error de usuario|Condiciones inadecuadas de temperatura y humedad|Caída de sistema|Corte de suministro eléctrico|Fugas de información', '', '', 10, 10, 0, 0, 0, 0, 0, 1, 0, 1, 1, 0, 0),
(41, 'Amenaza-25', 6, '|Acceso no autorizado|Robo de información|Fraudes basados en el uso de computadores|Suplantación de identidad|Denegación de Servicios (DoS)|Ataques de Fuerza Bruta|Alteración de la Información|Divulgación de Información|Desastres Naturales|Espionaje|Compromisos de propiedad intelectual|Ataques de software|Desviaciones en la calidad del servicio|Controles inadecuados, faltantes o incompletos|Extorsión de información |Errores o fallas técnicas de hardware|Errores o fallas técnicas de software|Obsolescencia tecnológica|Sabotaje, vandalismo|Daño físico|Error de usuario|Condiciones inadecuadas de temperatura y humedad|Caída de sistema|Corte de suministro eléctrico|Fugas de información', '', '', 10, 10, 0, 0, 0, 0, 0, 1, 0, 1, 1, 0, 0),
(42, '3-Probabilidad', 9, '|Improbable|Moderado|Frecuente|Constante', '', '', 10, 10, 0, 0, 0, 0, 0, 1, 0, 1, 1, 0, 0),
(43, '4-Probabilidad', 9, '|Improbable|Moderado|Frecuente|Constante', '', '', 10, 10, 0, 0, 0, 0, 0, 1, 0, 1, 1, 0, 0),
(44, '5-Probabilidad', 9, '|Improbable|Moderado|Frecuente|Constante', '', '', 10, 10, 0, 0, 0, 0, 0, 1, 0, 1, 1, 0, 0),
(45, '6-Probabilidad', 9, '|Improbable|Moderado|Frecuente|Constante', '', '', 10, 10, 0, 0, 0, 0, 0, 1, 0, 1, 1, 0, 0),
(46, '7-Probabilidad', 9, '|Improbable|Moderado|Frecuente|Constante', '', '', 10, 10, 0, 0, 0, 0, 0, 1, 0, 1, 1, 0, 0),
(47, '8-Probabilidad', 9, '|Improbable|Moderado|Frecuente|Constante', '', '', 10, 10, 0, 0, 0, 0, 0, 1, 0, 1, 1, 0, 0),
(48, '9-Probabilidad', 9, '|Improbable|Moderado|Frecuente|Constante', '', '', 10, 10, 0, 0, 0, 0, 0, 1, 0, 1, 1, 0, 0),
(49, '10-Probabilidad', 9, '|Improbable|Moderado|Frecuente|Constante', '', '', 10, 10, 0, 0, 0, 0, 0, 1, 0, 1, 1, 0, 0),
(50, '11-Probabilidad', 9, '|Improbable|Moderado|Frecuente|Constante', '', '', 10, 10, 0, 0, 0, 0, 0, 1, 0, 1, 1, 0, 0),
(51, '12-Probabilidad', 9, '|Improbable|Moderado|Frecuente|Constante', '', '', 10, 10, 0, 0, 0, 0, 0, 1, 0, 1, 1, 0, 0),
(52, '13-Probabilidad', 9, '|Improbable|Moderado|Frecuente|Constante', '', '', 10, 10, 0, 0, 0, 0, 0, 1, 0, 1, 1, 0, 0),
(53, '14-Probabilidad', 9, '|Improbable|Moderado|Frecuente|Constante', '', '', 10, 10, 0, 0, 0, 0, 0, 1, 0, 1, 1, 0, 0),
(54, '15-Probabilidad', 9, '|Improbable|Moderado|Frecuente|Constante', '', '', 10, 10, 0, 0, 0, 0, 0, 1, 0, 1, 1, 0, 0),
(55, '16-Probabilidad', 9, '|Improbable|Moderado|Frecuente|Constante', '', '', 10, 10, 0, 0, 0, 0, 0, 1, 0, 1, 1, 0, 0),
(56, '17-Probabilidad', 9, '|Improbable|Moderado|Frecuente|Constante', '', '', 10, 10, 0, 0, 0, 0, 0, 1, 0, 1, 1, 0, 0),
(57, '18-Probabilidad', 9, '|Improbable|Moderado|Frecuente|Constante', '', '', 10, 10, 0, 0, 0, 0, 0, 1, 0, 1, 1, 0, 0),
(58, '19-Probabilidad', 9, '|Improbable|Moderado|Frecuente|Constante', '', '', 10, 10, 0, 0, 0, 0, 0, 1, 0, 1, 1, 0, 0),
(59, '20-Probabilidad', 9, '|Improbable|Moderado|Frecuente|Constante', '', '', 10, 10, 0, 0, 0, 0, 0, 1, 0, 1, 1, 0, 0),
(60, '21-Probabilidad', 9, '|Improbable|Moderado|Frecuente|Constante', '', '', 10, 10, 0, 0, 0, 0, 0, 1, 0, 1, 1, 0, 0),
(61, '22-Probabilidad', 9, '|Improbable|Moderado|Frecuente|Constante', '', '', 10, 10, 0, 0, 0, 0, 0, 1, 0, 1, 1, 0, 0),
(62, '23-Probabilidad', 9, '|Improbable|Moderado|Frecuente|Constante', '', '', 10, 10, 0, 0, 0, 0, 0, 1, 0, 1, 1, 0, 0),
(63, '24-Probabilidad', 9, '|Improbable|Moderado|Frecuente|Constante', '', '', 10, 10, 0, 0, 0, 0, 0, 1, 0, 1, 1, 0, 0),
(64, '25-Probabilidad', 9, '|Improbable|Moderado|Frecuente|Constante', '', '', 10, 10, 0, 0, 0, 0, 0, 1, 0, 1, 1, 0, 0),
(65, '3-Impacto', 9, '|Débil|Notable|Fuerte|Muy fuerte', '', '', 10, 10, 0, 0, 0, 0, 0, 1, 0, 1, 1, 0, 0),
(66, '4-Impacto', 9, '|Débil|Notable|Fuerte|Muy fuerte', '', '', 10, 10, 0, 0, 0, 0, 0, 1, 0, 1, 1, 0, 0),
(67, '5-Impacto', 9, '|Débil|Notable|Fuerte|Muy fuerte', '', '', 10, 10, 0, 0, 0, 0, 0, 1, 0, 1, 1, 0, 0),
(68, '6-Impacto', 9, '|Débil|Notable|Fuerte|Muy fuerte', '', '', 10, 10, 0, 0, 0, 0, 0, 1, 0, 1, 1, 0, 0),
(69, '7-Impacto', 9, '|Débil|Notable|Fuerte|Muy fuerte', '', '', 10, 10, 0, 0, 0, 0, 0, 1, 0, 1, 1, 0, 0),
(70, '8-Impacto', 9, '|Débil|Notable|Fuerte|Muy fuerte', '', '', 10, 10, 0, 0, 0, 0, 0, 1, 0, 1, 1, 0, 0),
(71, '9-Impacto', 9, '|Débil|Notable|Fuerte|Muy fuerte', '', '', 10, 10, 0, 0, 0, 0, 0, 1, 0, 1, 1, 0, 0),
(72, '10-Impacto', 9, '|Débil|Notable|Fuerte|Muy fuerte', '', '', 10, 10, 0, 0, 0, 0, 0, 1, 0, 1, 1, 0, 0),
(73, '11-Impacto', 9, '|Débil|Notable|Fuerte|Muy fuerte', '', '', 10, 10, 0, 0, 0, 0, 0, 1, 0, 1, 1, 0, 0),
(74, '12-Impacto', 9, '|Débil|Notable|Fuerte|Muy fuerte', '', '', 10, 10, 0, 0, 0, 0, 0, 1, 0, 1, 1, 0, 0),
(75, '13-Impacto', 9, '|Débil|Notable|Fuerte|Muy fuerte', '', '', 10, 10, 0, 0, 0, 0, 0, 1, 0, 1, 1, 0, 0),
(76, '14-Impacto', 9, '|Débil|Notable|Fuerte|Muy fuerte', '', '', 10, 10, 0, 0, 0, 0, 0, 1, 0, 1, 1, 0, 0),
(77, '15-Impacto', 9, '|Débil|Notable|Fuerte|Muy fuerte', '', '', 10, 10, 0, 0, 0, 0, 0, 1, 0, 1, 1, 0, 0),
(78, '16-Impacto', 9, '|Débil|Notable|Fuerte|Muy fuerte', '', '', 10, 10, 0, 0, 0, 0, 0, 1, 0, 1, 1, 0, 0),
(79, '17-Impacto', 9, '|Débil|Notable|Fuerte|Muy fuerte', '', '', 10, 10, 0, 0, 0, 0, 0, 1, 0, 1, 1, 0, 0),
(80, '18-Impacto', 9, '|Débil|Notable|Fuerte|Muy fuerte', '', '', 10, 10, 0, 0, 0, 0, 0, 1, 0, 1, 1, 0, 0),
(81, '19-Impacto', 9, '|Débil|Notable|Fuerte|Muy fuerte', '', '', 10, 10, 0, 0, 0, 0, 0, 1, 0, 1, 1, 0, 0),
(82, '20-Impacto', 9, '|Débil|Notable|Fuerte|Muy fuerte', '', '', 10, 10, 0, 0, 0, 0, 0, 1, 0, 1, 1, 0, 0),
(83, '21-Impacto', 9, '|Débil|Notable|Fuerte|Muy fuerte', '', '', 10, 10, 0, 0, 0, 0, 0, 1, 0, 1, 1, 0, 0),
(84, '22-Impacto', 9, '|Débil|Notable|Fuerte|Muy fuerte', '', '', 10, 10, 0, 0, 0, 0, 0, 1, 0, 1, 1, 0, 0),
(85, '23-Impacto', 9, '|Débil|Notable|Fuerte|Muy fuerte', '', '', 10, 10, 0, 0, 0, 0, 0, 1, 0, 1, 1, 0, 0),
(86, '24-Impacto', 9, '|Débil|Notable|Fuerte|Muy fuerte', '', '', 10, 10, 0, 0, 0, 0, 0, 1, 0, 1, 1, 0, 0),
(87, '25-Impacto', 9, '|Débil|Notable|Fuerte|Muy fuerte', '', '', 10, 10, 0, 0, 0, 0, 0, 1, 0, 1, 1, 0, 0),
(88, '3-Nivel de riesgo', 9, '|Riesgo extremo|Riesgo alto|Riesgo moderado|Riesgo aceptable', '', '', 10, 10, 0, 0, 0, 0, 0, 1, 0, 1, 1, 0, 0),
(89, '4-Nivel de riesgo', 9, '|Riesgo extremo|Riesgo alto|Riesgo moderado|Riesgo aceptable', '', '', 10, 10, 0, 0, 0, 0, 0, 1, 0, 1, 1, 0, 0),
(90, '5-Nivel de riesgo', 9, '|Riesgo extremo|Riesgo alto|Riesgo moderado|Riesgo aceptable', '', '', 10, 10, 0, 0, 0, 0, 0, 1, 0, 1, 1, 0, 0),
(91, '6-Nivel de riesgo', 9, '|Riesgo extremo|Riesgo alto|Riesgo moderado|Riesgo aceptable', '', '', 10, 10, 0, 0, 0, 0, 0, 1, 0, 1, 1, 0, 0),
(92, '7-Nivel de riesgo', 9, '|Riesgo extremo|Riesgo alto|Riesgo moderado|Riesgo aceptable', '', '', 10, 10, 0, 0, 0, 0, 0, 1, 0, 1, 1, 0, 0),
(93, '8-Nivel de riesgo', 9, '|Riesgo extremo|Riesgo alto|Riesgo moderado|Riesgo aceptable', '', '', 10, 10, 0, 0, 0, 0, 0, 1, 0, 1, 1, 0, 0),
(94, '9-Nivel de riesgo', 9, '|Riesgo extremo|Riesgo alto|Riesgo moderado|Riesgo aceptable', '', '', 10, 10, 0, 0, 0, 0, 0, 1, 0, 1, 1, 0, 0),
(95, '10-Nivel de riesgo', 9, '|Riesgo extremo|Riesgo alto|Riesgo moderado|Riesgo aceptable', '', '', 10, 10, 0, 0, 0, 0, 0, 1, 0, 1, 1, 0, 0),
(96, '11-Nivel de riesgo', 9, '|Riesgo extremo|Riesgo alto|Riesgo moderado|Riesgo aceptable', '', '', 10, 10, 0, 0, 0, 0, 0, 1, 0, 1, 1, 0, 0),
(97, '12-Nivel de riesgo', 9, '|Riesgo extremo|Riesgo alto|Riesgo moderado|Riesgo aceptable', '', '', 10, 10, 0, 0, 0, 0, 0, 1, 0, 1, 1, 0, 0),
(98, '13-Nivel de riesgo', 9, '|Riesgo extremo|Riesgo alto|Riesgo moderado|Riesgo aceptable', '', '', 10, 10, 0, 0, 0, 0, 0, 1, 0, 1, 1, 0, 0),
(99, '14-Nivel de riesgo', 9, '|Riesgo extremo|Riesgo alto|Riesgo moderado|Riesgo aceptable', '', '', 10, 10, 0, 0, 0, 0, 0, 1, 0, 1, 1, 0, 0),
(100, '15-Nivel de riesgo', 9, '|Riesgo extremo|Riesgo alto|Riesgo moderado|Riesgo aceptable', '', '', 10, 10, 0, 0, 0, 0, 0, 1, 0, 1, 1, 0, 0),
(101, '16-Nivel de riesgo', 9, '|Riesgo extremo|Riesgo alto|Riesgo moderado|Riesgo aceptable', '', '', 10, 10, 0, 0, 0, 0, 0, 1, 0, 1, 1, 0, 0),
(102, '17-Nivel de riesgo', 9, '|Riesgo extremo|Riesgo alto|Riesgo moderado|Riesgo aceptable', '', '', 10, 10, 0, 0, 0, 0, 0, 1, 0, 1, 1, 0, 0),
(103, '18-Nivel de riesgo', 9, '|Riesgo extremo|Riesgo alto|Riesgo moderado|Riesgo aceptable', '', '', 10, 10, 0, 0, 0, 0, 0, 1, 0, 1, 1, 0, 0),
(104, '19-Nivel de riesgo', 9, '|Riesgo extremo|Riesgo alto|Riesgo moderado|Riesgo aceptable', '', '', 10, 10, 0, 0, 0, 0, 0, 1, 0, 1, 1, 0, 0),
(105, '20-Nivel de riesgo', 9, '|Riesgo extremo|Riesgo alto|Riesgo moderado|Riesgo aceptable', '', '', 10, 10, 0, 0, 0, 0, 0, 1, 0, 1, 1, 0, 0),
(106, '21-Nivel de riesgo', 9, '|Riesgo extremo|Riesgo alto|Riesgo moderado|Riesgo aceptable', '', '', 10, 10, 0, 0, 0, 0, 0, 1, 0, 1, 1, 0, 0),
(107, '22-Nivel de riesgo', 9, '|Riesgo extremo|Riesgo alto|Riesgo moderado|Riesgo aceptable', '', '', 10, 10, 0, 0, 0, 0, 0, 1, 0, 1, 1, 0, 0),
(108, '23-Nivel de riesgo', 9, '|Riesgo extremo|Riesgo alto|Riesgo moderado|Riesgo aceptable', '', '', 10, 10, 0, 0, 0, 0, 0, 1, 0, 1, 1, 0, 0),
(109, '24-Nivel de riesgo', 9, '|Riesgo extremo|Riesgo alto|Riesgo moderado|Riesgo aceptable', '', '', 10, 10, 0, 0, 0, 0, 0, 1, 0, 1, 1, 0, 0),
(110, '25-Nivel de riesgo', 9, '|Riesgo extremo|Riesgo alto|Riesgo moderado|Riesgo aceptable', '', '', 10, 10, 0, 0, 0, 0, 0, 1, 0, 1, 1, 0, 0),
(111, 'Código política', 0, '', '', '', 10, 10, 0, 0, 1, 0, 1, 1, 0, 1, 1, 0, 0),
(112, 'Política', 5, 'P01. Estructura organizacional de seguridad de la información | P02. Uso de dispositivos móviles | P03. Seguridad relativa a los recursos humanos | P04. Gestión y uso de activos de información | P05. Control de acceso | P06. Criptografía | P07. Seguridad física y del entorno | P08. Seguridad de las operaciones | P09. Seguridad de las comunicaciones | P10. Seguridad en los sistemas de información | P11. Relación con proveedores | P12. Gestión de incidentes de la seguridad de la información | P13. Continuidad del negocio | P14. Cumplimiento', '', '', 10, 55, 0, 0, 0, 0, 0, 1, 0, 1, 1, 0, 1);

-- --------------------------------------------------------

--
-- Estructura de tabla para la tabla `sgsi_email_table`
--

CREATE TABLE `sgsi_email_table` (
  `email_id` int(10) UNSIGNED NOT NULL,
  `email` varchar(64) NOT NULL DEFAULT '',
  `subject` varchar(250) NOT NULL DEFAULT '',
  `metadata` longtext NOT NULL,
  `body` longtext NOT NULL,
  `submitted` int(10) UNSIGNED NOT NULL DEFAULT '1'
) ENGINE=InnoDB DEFAULT CHARSET=utf8;

--
-- Volcado de datos para la tabla `sgsi_email_table`
--

INSERT INTO `sgsi_email_table` (`email_id`, `email`, `subject`, `metadata`, `body`, `submitted`) VALUES
(21, 'estiven0109@yahoo.com', '[Incidentes 0000052]: Acceso no autorizado', 'a:3:{s:7:\"headers\";a:2:{s:8:\"keywords\";s:23:\"[Incidentes] Incidentes\";s:11:\"In-Reply-To\";s:32:\"3a25675658b5e1d44cdf961608309e71\";}s:7:\"charset\";s:5:\"utf-8\";s:8:\"hostname\";s:9:\"localhost\";}', 'The following issue has been ASSIGNED. \n====================================================================== \nhttp://localhost:8080/cadep-acacia-sgsi/view.php?id=52 \n====================================================================== \nReported By:                administrator\nAssigned To:                colaborador1\n====================================================================== \nProject:                    Incidentes\nIssue ID:                   52\nCategory:                   Incidentes\nPriority:                   normal\nStatus:                     assigned\nPolítica:                    \n====================================================================== \nDate Submitted:             2019-05-29 22:55 -05\nLast Modified:              2019-05-29 22:58 -05\n====================================================================== \nSummary:                    Acceso no autorizado\nDescription: \nSe inicio sesión al equipo de un colaborador por parte de personal no autorizado.\n====================================================================== \n\nIssue History \nDate Modified    Username       Field                    Change               \n====================================================================== \n2019-05-29 22:55 administrator  New Issue                                    \n2019-05-29 22:58 administrator  Status                   new => assigned     \n2019-05-29 22:58 administrator  Assigned To               => colaborador1    \n======================================================================', 1559188698),
(22, 'estiven0109@gmail.com', '[Incidentes 0000052]: Acceso no autorizado', 'a:3:{s:7:\"headers\";a:0:{}s:7:\"charset\";s:5:\"utf-8\";s:8:\"hostname\";s:9:\"localhost\";}', 'A NOTE has been added to this issue.\n\n---------------------------------------------------------------------- \n (0000001) colaborador1 (developer) - 2019-05-29 23:01\n http://localhost:8080/cadep-acacia-sgsi/view.php?id=52#c1 \n---------------------------------------------------------------------- \nSe selecciona la politica pertinente\n----------------------------------------------------------------------', 1559188891),
(23, 'estiven0109@yahoo.com', '[Incidentes 0000052]: Acceso no autorizado', 'a:3:{s:7:\"headers\";a:2:{s:8:\"keywords\";s:23:\"[Incidentes] Incidentes\";s:11:\"In-Reply-To\";s:32:\"3a25675658b5e1d44cdf961608309e71\";}s:7:\"charset\";s:5:\"utf-8\";s:8:\"hostname\";s:17:\"cadep-acacia-sgsi\";}', 'The following issue has been RESOLVED. \n====================================================================== \nhttp://cadep-acacia-sgsi:8080/view.php?id=52 \n====================================================================== \nReported By:                administrator\nAssigned To:                colaborador1\n====================================================================== \nProject:                    Incidentes\nIssue ID:                   52\nCategory:                   Incidentes\nPriority:                   normal\nStatus:                     resolved\nPolítica:                    P05. Control de acceso  \nFixed in Version:           \n====================================================================== \nDate Submitted:             2019-05-29 22:55 -05\nLast Modified:              2019-05-31 16:21 -05\n====================================================================== \nSummary:                    Acceso no autorizado\nDescription: \nSe inicio sesión al equipo de un colaborador por parte de personal no autorizado.\n====================================================================== \n\n---------------------------------------------------------------------- \n (0000001) colaborador1 (developer) - 2019-05-29 23:01\n http://cadep-acacia-sgsi:8080/view.php?id=52#c1 \n---------------------------------------------------------------------- \nSe selecciona la politica pertinente \n\nIssue History \nDate Modified    Username       Field                    Change               \n====================================================================== \n2019-05-29 22:55 administrator  New Issue                                    \n2019-05-29 22:58 administrator  Status                   new => assigned     \n2019-05-29 22:58 administrator  Assigned To               => colaborador1    \n2019-05-29 23:01 colaborador1   Note Added: 0000001                          \n2019-05-29 23:02 colaborador1   Política                  =>  P05. Control de acceso \n2019-05-31 16:20 administrator  Sticky Issue             No => Yes           \n2019-05-31 16:21 administrator  Status                   assigned => resolved\n2019-05-31 16:21 administrator  Política                  P05. Control de acceso  =>  P05. Control de acceso \n======================================================================', 1559337660),
(24, 'estiven0109@yahoo.com', '[Incidentes 0000056]: Información manipulada desde dispositivos móviles', 'a:3:{s:7:\"headers\";a:2:{s:8:\"keywords\";s:23:\"[Incidentes] Incidentes\";s:11:\"In-Reply-To\";s:32:\"d3cf8fcec3c910e75e0a8d3937b89c8c\";}s:7:\"charset\";s:5:\"utf-8\";s:8:\"hostname\";s:17:\"cadep-acacia-sgsi\";}', 'The following issue has been ASSIGNED. \n====================================================================== \nhttp://cadep-acacia-sgsi:8080/view.php?id=56 \n====================================================================== \nReported By:                administrator\nAssigned To:                colaborador1\n====================================================================== \nProject:                    Incidentes\nIssue ID:                   56\nCategory:                   Incidentes\nPriority:                   normal\nStatus:                     assigned\nPolítica:                    P05. Control de acceso ,  P10. Seguridad en los sistemas de información  \n====================================================================== \nDate Submitted:             2019-05-31 16:23 -05\nLast Modified:              2019-05-31 16:24 -05\n====================================================================== \nSummary:                    Información manipulada desde dispositivos móviles\nDescription: \nSe han presentado casos con el uso de celulares para enviar información sensible del Centro Acacia.  \r\n\n====================================================================== \n\n---------------------------------------------------------------------- \n (0000002) administrator (administrator) - 2019-05-31 16:23\n http://cadep-acacia-sgsi:8080/view.php?id=56#c2 \n---------------------------------------------------------------------- \nSe seleccionan las políticas pertinentes al incidente. \n\nIssue History \nDate Modified    Username       Field                    Change               \n====================================================================== \n2019-05-31 16:23 administrator  New Issue                                    \n2019-05-31 16:23 administrator  Política                  =>  P05. Control de acceso ,  P10. Seguridad en los sistemas de información \n2019-05-31 16:23 administrator  Note Added: 0000002                          \n2019-05-31 16:24 administrator  Assigned To               => colaborador1    \n2019-05-31 16:24 administrator  Status                   new => assigned     \n======================================================================', 1559337846),
(25, 'acaciauniversidaddistrital@gmail.com', '[Incidentes 0000058]: Robo de información de empresas contratadas', 'a:3:{s:7:\"headers\";a:2:{s:8:\"keywords\";s:26:\"[Incidentes] (No Category)\";s:11:\"In-Reply-To\";s:32:\"d1639522516d8e14c4a78eaf5f0bfe7d\";}s:7:\"charset\";s:5:\"utf-8\";s:8:\"hostname\";s:17:\"cadep-acacia-sgsi\";}', 'The following issue has been ASSIGNED. \n====================================================================== \nhttp://cadep-acacia-sgsi:8080/view.php?id=58 \n====================================================================== \nReported By:                administrator\nAssigned To:                colaborador2\n====================================================================== \nProject:                    Incidentes\nIssue ID:                   58\nCategory:                   (No Category)\nPriority:                   normal\nStatus:                     assigned\nPolítica:                    P05. Control de acceso ,  P11. Relación con proveedores  \n====================================================================== \nDate Submitted:             2019-05-31 16:25 -05\nLast Modified:              2019-05-31 16:31 -05\n====================================================================== \nSummary:                    Robo de información de empresas contratadas\nDescription: \nSe ha realizado la contratación de empresa para evento de la dependencia, esta empresa solicitaba la administración de las cuentas de redes sociales solicitando datos de acceso, se evitó realizar esta acción por seguridad de la información. \r\n\n====================================================================== \n\n---------------------------------------------------------------------- \n (0000007) administrator (administrator) - 2019-05-31 16:31\n http://cadep-acacia-sgsi:8080/view.php?id=58#c7 \n---------------------------------------------------------------------- \nSe requieren más detalles sobre lo ocurrido para dar cumplimiento al incidente.  \n\nIssue History \nDate Modified    Username       Field                    Change               \n====================================================================== \n2019-05-31 16:25 administrator  New Issue                                    \n2019-05-31 16:29 administrator  Política                  =>  P05. Control de acceso ,  P11. Relación con proveedores \n2019-05-31 16:31 administrator  Status                   new => feedback     \n2019-05-31 16:31 administrator  Política                  P05. Control de acceso ,  P11. Relación con proveedores  =>  P05. Control de acceso ,  P11. Relación con proveedores \n2019-05-31 16:31 administrator  Note Added: 0000007                          \n2019-05-31 16:31 administrator  Assigned To               => colaborador2    \n2019-05-31 16:31 administrator  Status                   feedback => assigned\n======================================================================', 1559338307),
(26, 'estiven0109@yahoo.com', '[Incidentes 0000060]: Modificación no autorizada de sitio web', 'a:3:{s:7:\"headers\";a:2:{s:8:\"keywords\";s:23:\"[Incidentes] Incidentes\";s:11:\"In-Reply-To\";s:32:\"4745af0096ef50b251df960a3ba1ea4a\";}s:7:\"charset\";s:5:\"utf-8\";s:8:\"hostname\";s:17:\"cadep-acacia-sgsi\";}', 'The following issue has been ASSIGNED. \n====================================================================== \nhttp://cadep-acacia-sgsi:8080/view.php?id=60 \n====================================================================== \nReported By:                administrator\nAssigned To:                colaborador1\n====================================================================== \nProject:                    Incidentes\nIssue ID:                   60\nCategory:                   Incidentes\nPriority:                   normal\nStatus:                     assigned\nPolítica:                    P05. Control de acceso ,  P09. Seguridad de las comunicaciones ,  P10. Seguridad en los sistemas de información  \n====================================================================== \nDate Submitted:             2019-05-31 16:26 -05\nLast Modified:              2019-05-31 16:35 -05\n====================================================================== \nSummary:                    Modificación no autorizada de sitio web\nDescription: \nSe han presentado cambios en el sitio web del proyecto provocados por personal no autorizado.\r\n\n====================================================================== \n\n---------------------------------------------------------------------- \n (0000009) administrator (administrator) - 2019-05-31 16:35\n http://cadep-acacia-sgsi:8080/view.php?id=60#c9 \n---------------------------------------------------------------------- \nSe seleccionan todas las politicas correspondientes. \n\nIssue History \nDate Modified    Username       Field                    Change               \n====================================================================== \n2019-05-31 16:26 administrator  New Issue                                    \n2019-05-31 16:30 administrator  Category                 (Sin categoría) => Incidentes\n2019-05-31 16:35 administrator  Política                  =>  P05. Control de acceso ,  P09. Seguridad de las comunicaciones ,  P10. Seguridad en los sistemas de información \n2019-05-31 16:35 administrator  Note Added: 0000009                          \n2019-05-31 16:35 administrator  Assigned To               => colaborador1    \n2019-05-31 16:35 administrator  Status                   new => assigned     \n======================================================================', 1559338520),
(27, 'estiven0109@yahoo.com', '[Incidentes 0000060]: Modificación no autorizada de sitio web', 'a:3:{s:7:\"headers\";a:0:{}s:7:\"charset\";s:5:\"utf-8\";s:8:\"hostname\";s:17:\"cadep-acacia-sgsi\";}', 'A NOTE has been added to this issue.\n\n---------------------------------------------------------------------- \n (0000010) administrator (administrator) - 2019-05-31 16:35\n http://cadep-acacia-sgsi:8080/view.php?id=60#c10 \n---------------------------------------------------------------------- \nSe asigno el incidente al colaborador indicado.\n----------------------------------------------------------------------', 1559338540);

-- --------------------------------------------------------

--
-- Estructura de tabla para la tabla `sgsi_filters_table`
--

CREATE TABLE `sgsi_filters_table` (
  `id` int(10) UNSIGNED NOT NULL,
  `user_id` int(11) NOT NULL DEFAULT '0',
  `project_id` int(11) NOT NULL DEFAULT '0',
  `is_public` tinyint(4) DEFAULT NULL,
  `name` varchar(64) NOT NULL DEFAULT '',
  `filter_string` longtext NOT NULL
) ENGINE=InnoDB DEFAULT CHARSET=utf8;

--
-- Volcado de datos para la tabla `sgsi_filters_table`
--

INSERT INTO `sgsi_filters_table` (`id`, `user_id`, `project_id`, `is_public`, `name`, `filter_string`) VALUES
(1, 1, -3, 0, '', 'v9#{\"_version\":\"v9\",\"_view_type\":\"simple\",\"category_id\":[\"0\"],\"severity\":[0],\"status\":[0],\"per_page\":50,\"highlight_changed\":6,\"reporter_id\":[0],\"handler_id\":[0],\"project_id\":[-3],\"sort\":\"id,last_updated\",\"dir\":\"ASC,DESC\",\"filter_by_date\":false,\"start_month\":3,\"start_day\":1,\"start_year\":2019,\"end_month\":3,\"end_day\":31,\"end_year\":2019,\"filter_by_last_updated_date\":false,\"last_updated_start_month\":3,\"last_updated_start_day\":1,\"last_updated_start_year\":2019,\"last_updated_end_month\":3,\"last_updated_end_day\":31,\"last_updated_end_year\":2019,\"search\":\"\",\"hide_status\":[90],\"resolution\":[0],\"build\":[\"0\"],\"version\":[\"0\"],\"fixed_in_version\":[\"0\"],\"target_version\":[\"0\"],\"priority\":[0],\"monitor_user_id\":[0],\"view_state\":0,\"custom_fields\":{\"2\":[\"0\"],\"3\":[\"0\"],\"4\":[\"0\"],\"5\":[\"0\"],\"6\":[\"0\"],\"7\":[\"0\"],\"8\":[\"0\"],\"9\":[\"0\"],\"10\":[\"0\"],\"11\":[\"0\"],\"12\":[\"0\"],\"13\":[\"0\"],\"15\":[\"0\"],\"16\":[\"0\"],\"17\":[\"0\"],\"18\":[\"0\"],\"19\":[\"0\"],\"20\":[\"0\"],\"21\":[\"0\"],\"22\":[\"0\"],\"23\":[\"0\"],\"24\":[\"0\"],\"25\":[\"0\"],\"26\":[\"0\"],\"27\":[\"0\"],\"28\":[\"0\"],\"29\":[\"0\"],\"30\":[\"0\"],\"31\":[\"0\"],\"32\":[\"0\"],\"33\":[\"0\"],\"34\":[\"0\"],\"35\":[\"0\"],\"36\":[\"0\"],\"37\":[\"0\"],\"38\":[\"0\"],\"39\":[\"0\"],\"40\":[\"0\"],\"41\":[\"0\"],\"42\":[\"0\"],\"43\":[\"0\"],\"44\":[\"0\"],\"45\":[\"0\"],\"46\":[\"0\"],\"47\":[\"0\"],\"48\":[\"0\"],\"49\":[\"0\"],\"50\":[\"0\"],\"51\":[\"0\"],\"52\":[\"0\"],\"53\":[\"0\"],\"54\":[\"0\"],\"55\":[\"0\"],\"56\":[\"0\"],\"57\":[\"0\"],\"58\":[\"0\"],\"59\":[\"0\"],\"60\":[\"0\"],\"61\":[\"0\"],\"62\":[\"0\"],\"63\":[\"0\"],\"64\":[\"0\"],\"65\":[\"0\"],\"66\":[\"0\"],\"67\":[\"0\"],\"68\":[\"0\"],\"69\":[\"0\"],\"70\":[\"0\"],\"71\":[\"0\"],\"72\":[\"0\"],\"73\":[\"0\"],\"74\":[\"0\"],\"75\":[\"0\"],\"76\":[\"0\"],\"77\":[\"0\"],\"78\":[\"0\"],\"79\":[\"0\"],\"80\":[\"0\"],\"81\":[\"0\"],\"82\":[\"0\"],\"83\":[\"0\"],\"84\":[\"0\"],\"85\":[\"0\"],\"86\":[\"0\"],\"87\":[\"0\"],\"88\":[\"0\"],\"89\":[\"0\"],\"90\":[\"0\"],\"91\":[\"0\"],\"92\":[\"0\"],\"93\":[\"0\"],\"94\":[\"0\"],\"95\":[\"0\"],\"96\":[\"0\"],\"97\":[\"0\"],\"98\":[\"0\"],\"99\":[\"0\"],\"100\":[\"0\"],\"101\":[\"0\"],\"102\":[\"0\"],\"103\":[\"0\"],\"104\":[\"0\"],\"105\":[\"0\"],\"106\":[\"0\"],\"107\":[\"0\"],\"108\":[\"0\"],\"109\":[\"0\"],\"110\":[\"0\"],\"111\":[\"0\"]},\"sticky\":true,\"relationship_type\":-1,\"relationship_bug\":0,\"profile_id\":[0],\"platform\":[\"0\"],\"os\":[\"0\"],\"os_build\":[\"0\"],\"tag_string\":\"\",\"tag_select\":0,\"note_user_id\":[0],\"match_type\":0,\"_source_query_id\":1}'),
(2, 1, -1, 0, '', 'v9#{\"_version\":\"v9\",\"_view_type\":\"simple\",\"category_id\":[\"0\"],\"severity\":[0],\"status\":[0],\"per_page\":50,\"highlight_changed\":6,\"reporter_id\":[0],\"handler_id\":[0],\"project_id\":[-3],\"sort\":\"id,last_updated\",\"dir\":\"ASC,DESC\",\"filter_by_date\":false,\"start_month\":3,\"start_day\":1,\"start_year\":2019,\"end_month\":3,\"end_day\":31,\"end_year\":2019,\"filter_by_last_updated_date\":false,\"last_updated_start_month\":3,\"last_updated_start_day\":1,\"last_updated_start_year\":2019,\"last_updated_end_month\":3,\"last_updated_end_day\":31,\"last_updated_end_year\":2019,\"search\":\"\",\"hide_status\":[90],\"resolution\":[0],\"build\":[\"0\"],\"version\":[\"0\"],\"fixed_in_version\":[\"0\"],\"target_version\":[\"0\"],\"priority\":[0],\"monitor_user_id\":[0],\"view_state\":0,\"custom_fields\":{\"2\":[\"0\"],\"3\":[\"0\"],\"4\":[\"0\"],\"5\":[\"0\"],\"6\":[\"0\"],\"7\":[\"0\"],\"8\":[\"0\"],\"9\":[\"0\"],\"10\":[\"0\"],\"11\":[\"0\"],\"12\":[\"0\"],\"13\":[\"0\"],\"15\":[\"0\"],\"16\":[\"0\"],\"17\":[\"0\"],\"18\":[\"0\"],\"19\":[\"0\"],\"20\":[\"0\"],\"21\":[\"0\"],\"22\":[\"0\"],\"23\":[\"0\"],\"24\":[\"0\"],\"25\":[\"0\"],\"26\":[\"0\"],\"27\":[\"0\"],\"28\":[\"0\"],\"29\":[\"0\"],\"30\":[\"0\"],\"31\":[\"0\"],\"32\":[\"0\"],\"33\":[\"0\"],\"34\":[\"0\"],\"35\":[\"0\"],\"36\":[\"0\"],\"37\":[\"0\"],\"38\":[\"0\"],\"39\":[\"0\"],\"40\":[\"0\"],\"41\":[\"0\"],\"42\":[\"0\"],\"43\":[\"0\"],\"44\":[\"0\"],\"45\":[\"0\"],\"46\":[\"0\"],\"47\":[\"0\"],\"48\":[\"0\"],\"49\":[\"0\"],\"50\":[\"0\"],\"51\":[\"0\"],\"52\":[\"0\"],\"53\":[\"0\"],\"54\":[\"0\"],\"55\":[\"0\"],\"56\":[\"0\"],\"57\":[\"0\"],\"58\":[\"0\"],\"59\":[\"0\"],\"60\":[\"0\"],\"61\":[\"0\"],\"62\":[\"0\"],\"63\":[\"0\"],\"64\":[\"0\"],\"65\":[\"0\"],\"66\":[\"0\"],\"67\":[\"0\"],\"68\":[\"0\"],\"69\":[\"0\"],\"70\":[\"0\"],\"71\":[\"0\"],\"72\":[\"0\"],\"73\":[\"0\"],\"74\":[\"0\"],\"75\":[\"0\"],\"76\":[\"0\"],\"77\":[\"0\"],\"78\":[\"0\"],\"79\":[\"0\"],\"80\":[\"0\"],\"81\":[\"0\"],\"82\":[\"0\"],\"83\":[\"0\"],\"84\":[\"0\"],\"85\":[\"0\"],\"86\":[\"0\"],\"87\":[\"0\"],\"88\":[\"0\"],\"89\":[\"0\"],\"90\":[\"0\"],\"91\":[\"0\"],\"92\":[\"0\"],\"93\":[\"0\"],\"94\":[\"0\"],\"95\":[\"0\"],\"96\":[\"0\"],\"97\":[\"0\"],\"98\":[\"0\"],\"99\":[\"0\"],\"100\":[\"0\"],\"101\":[\"0\"],\"102\":[\"0\"],\"103\":[\"0\"],\"104\":[\"0\"],\"105\":[\"0\"],\"106\":[\"0\"],\"107\":[\"0\"],\"108\":[\"0\"],\"109\":[\"0\"],\"110\":[\"0\"],\"111\":[\"0\"],\"112\":[\"0\"]},\"sticky\":true,\"relationship_type\":-1,\"relationship_bug\":0,\"profile_id\":[0],\"platform\":[\"0\"],\"os\":[\"0\"],\"os_build\":[\"0\"],\"tag_string\":\"\",\"tag_select\":0,\"note_user_id\":[0],\"match_type\":0,\"_source_query_id\":2}'),
(3, 2, -2, 0, '', 'v9#{\"_version\":\"v9\",\"_view_type\":\"simple\",\"category_id\":[\"0\"],\"severity\":[0],\"status\":[0],\"highlight_changed\":6,\"reporter_id\":[0],\"handler_id\":[0],\"project_id\":[-3],\"resolution\":[0],\"build\":[\"0\"],\"version\":[\"0\"],\"hide_status\":[90],\"monitor_user_id\":[0],\"sort\":\"last_updated\",\"dir\":\"DESC\",\"per_page\":50,\"match_type\":0,\"platform\":[\"0\"],\"os\":[\"0\"],\"os_build\":[\"0\"],\"fixed_in_version\":[\"0\"],\"target_version\":[\"0\"],\"profile_id\":[0],\"priority\":[0],\"note_user_id\":[0],\"sticky\":true,\"filter_by_date\":false,\"start_month\":\"03\",\"end_month\":\"03\",\"start_day\":1,\"end_day\":\"31\",\"start_year\":\"2019\",\"end_year\":\"2019\",\"filter_by_last_updated_date\":false,\"last_updated_start_month\":\"03\",\"last_updated_end_month\":\"03\",\"last_updated_start_day\":1,\"last_updated_end_day\":\"31\",\"last_updated_start_year\":\"2019\",\"last_updated_end_year\":\"2019\",\"search\":\"\",\"view_state\":0,\"tag_string\":\"\",\"tag_select\":0,\"relationship_type\":-1,\"relationship_bug\":0,\"custom_fields\":{\"2\":[\"0\"],\"3\":[\"0\"],\"4\":[\"0\"],\"5\":[\"0\"],\"6\":[\"0\"],\"7\":[\"0\"],\"8\":[\"0\"],\"9\":[\"0\"],\"10\":[\"0\"],\"11\":[\"0\"],\"12\":[\"0\"],\"13\":[\"0\"],\"15\":[\"0\"],\"16\":[\"0\"],\"17\":[\"0\"],\"18\":[\"0\"],\"19\":[\"0\"],\"20\":[\"0\"],\"21\":[\"0\"],\"22\":[\"0\"],\"23\":[\"0\"],\"24\":[\"0\"],\"25\":[\"0\"],\"26\":[\"0\"],\"27\":[\"0\"],\"28\":[\"0\"],\"29\":[\"0\"],\"30\":[\"0\"],\"31\":[\"0\"],\"32\":[\"0\"],\"33\":[\"0\"],\"34\":[\"0\"],\"35\":[\"0\"],\"36\":[\"0\"],\"37\":[\"0\"],\"38\":[\"0\"],\"39\":[\"0\"],\"40\":[\"0\"],\"41\":[\"0\"],\"42\":[\"0\"],\"43\":[\"0\"],\"44\":[\"0\"],\"45\":[\"0\"],\"46\":[\"0\"],\"47\":[\"0\"],\"48\":[\"0\"],\"49\":[\"0\"],\"50\":[\"0\"],\"51\":[\"0\"],\"52\":[\"0\"],\"53\":[\"0\"],\"54\":[\"0\"],\"55\":[\"0\"],\"56\":[\"0\"],\"57\":[\"0\"],\"58\":[\"0\"],\"59\":[\"0\"],\"60\":[\"0\"],\"61\":[\"0\"],\"62\":[\"0\"],\"63\":[\"0\"],\"64\":[\"0\"],\"65\":[\"0\"],\"66\":[\"0\"],\"67\":[\"0\"],\"68\":[\"0\"],\"69\":[\"0\"],\"70\":[\"0\"],\"71\":[\"0\"],\"72\":[\"0\"],\"73\":[\"0\"],\"74\":[\"0\"],\"75\":[\"0\"],\"76\":[\"0\"],\"77\":[\"0\"],\"78\":[\"0\"],\"79\":[\"0\"],\"80\":[\"0\"],\"81\":[\"0\"],\"82\":[\"0\"],\"83\":[\"0\"],\"84\":[\"0\"],\"85\":[\"0\"],\"86\":[\"0\"],\"87\":[\"0\"],\"88\":[\"0\"],\"89\":[\"0\"],\"90\":[\"0\"],\"91\":[\"0\"],\"92\":[\"0\"],\"93\":[\"0\"],\"94\":[\"0\"],\"95\":[\"0\"],\"96\":[\"0\"],\"97\":[\"0\"],\"98\":[\"0\"],\"99\":[\"0\"],\"100\":[\"0\"],\"101\":[\"0\"],\"102\":[\"0\"],\"103\":[\"0\"],\"104\":[\"0\"],\"105\":[\"0\"],\"106\":[\"0\"],\"107\":[\"0\"],\"108\":[\"0\"],\"109\":[\"0\"],\"110\":[\"0\"],\"111\":[\"0\"]},\"_source_query_id\":3}'),
(4, 2, 0, 0, '', 'v9#{\"_version\":\"v9\",\"_view_type\":\"simple\",\"category_id\":[\"0\"],\"severity\":[0],\"status\":[0],\"per_page\":50,\"highlight_changed\":6,\"reporter_id\":[0],\"handler_id\":[0],\"project_id\":[-3],\"sort\":\"project_id,last_updated\",\"dir\":\"DESC,DESC\",\"filter_by_date\":false,\"start_month\":3,\"start_day\":1,\"start_year\":2019,\"end_month\":3,\"end_day\":31,\"end_year\":2019,\"filter_by_last_updated_date\":false,\"last_updated_start_month\":3,\"last_updated_start_day\":1,\"last_updated_start_year\":2019,\"last_updated_end_month\":3,\"last_updated_end_day\":31,\"last_updated_end_year\":2019,\"search\":\"\",\"hide_status\":[90],\"resolution\":[0],\"build\":[\"0\"],\"version\":[\"0\"],\"fixed_in_version\":[\"0\"],\"target_version\":[\"0\"],\"priority\":[0],\"monitor_user_id\":[0],\"view_state\":0,\"custom_fields\":{\"2\":[\"0\"],\"3\":[\"0\"],\"4\":[\"0\"],\"5\":[\"0\"],\"6\":[\"0\"],\"7\":[\"0\"],\"8\":[\"0\"],\"9\":[\"0\"],\"10\":[\"0\"],\"11\":[\"0\"],\"12\":[\"0\"],\"13\":[\"0\"],\"15\":[\"0\"],\"16\":[\"0\"],\"17\":[\"0\"],\"18\":[\"0\"]},\"sticky\":true,\"relationship_type\":-1,\"relationship_bug\":0,\"profile_id\":[0],\"platform\":[\"0\"],\"os\":[\"0\"],\"os_build\":[\"0\"],\"tag_string\":\"\",\"tag_select\":0,\"note_user_id\":[0],\"match_type\":0,\"_source_query_id\":4}'),
(5, 1, 0, 0, '', 'v9#{\"_version\":\"v9\",\"_view_type\":\"simple\",\"category_id\":[\"0\"],\"severity\":[0],\"status\":[0],\"per_page\":50,\"highlight_changed\":6,\"reporter_id\":[0],\"handler_id\":[0],\"project_id\":[-3],\"sort\":\"id,project_id,last_updated\",\"dir\":\"ASC,ASC,DESC\",\"filter_by_date\":false,\"start_month\":3,\"start_day\":1,\"start_year\":2019,\"end_month\":3,\"end_day\":31,\"end_year\":2019,\"filter_by_last_updated_date\":false,\"last_updated_start_month\":3,\"last_updated_start_day\":1,\"last_updated_start_year\":2019,\"last_updated_end_month\":3,\"last_updated_end_day\":31,\"last_updated_end_year\":2019,\"search\":\"\",\"hide_status\":[90],\"resolution\":[0],\"build\":[\"0\"],\"version\":[\"0\"],\"fixed_in_version\":[\"0\"],\"target_version\":[\"0\"],\"priority\":[0],\"monitor_user_id\":[0],\"view_state\":0,\"custom_fields\":{\"2\":[\"0\"],\"3\":[\"0\"],\"4\":[\"0\"],\"5\":[\"0\"],\"6\":[\"0\"],\"7\":[\"0\"],\"8\":[\"0\"],\"9\":[\"0\"],\"10\":[\"0\"],\"11\":[\"0\"],\"12\":[\"0\"],\"13\":[\"0\"],\"15\":[\"0\"],\"16\":[\"0\"],\"17\":[\"0\"],\"18\":[\"0\"],\"19\":[\"0\"],\"20\":[\"0\"],\"21\":[\"0\"],\"22\":[\"0\"],\"23\":[\"0\"],\"24\":[\"0\"],\"25\":[\"0\"],\"26\":[\"0\"],\"27\":[\"0\"],\"28\":[\"0\"],\"29\":[\"0\"],\"30\":[\"0\"],\"31\":[\"0\"],\"32\":[\"0\"],\"33\":[\"0\"],\"34\":[\"0\"],\"35\":[\"0\"],\"36\":[\"0\"],\"37\":[\"0\"],\"38\":[\"0\"],\"39\":[\"0\"],\"40\":[\"0\"],\"41\":[\"0\"],\"42\":[\"0\"],\"43\":[\"0\"],\"44\":[\"0\"],\"45\":[\"0\"],\"46\":[\"0\"],\"47\":[\"0\"],\"48\":[\"0\"],\"49\":[\"0\"],\"50\":[\"0\"],\"51\":[\"0\"],\"52\":[\"0\"],\"53\":[\"0\"],\"54\":[\"0\"],\"55\":[\"0\"],\"56\":[\"0\"],\"57\":[\"0\"],\"58\":[\"0\"],\"59\":[\"0\"],\"60\":[\"0\"],\"61\":[\"0\"],\"62\":[\"0\"],\"63\":[\"0\"],\"64\":[\"0\"],\"65\":[\"0\"],\"66\":[\"0\"],\"67\":[\"0\"],\"68\":[\"0\"],\"69\":[\"0\"],\"70\":[\"0\"],\"71\":[\"0\"],\"72\":[\"0\"],\"73\":[\"0\"],\"74\":[\"0\"],\"75\":[\"0\"],\"76\":[\"0\"],\"77\":[\"0\"],\"78\":[\"0\"],\"79\":[\"0\"],\"80\":[\"0\"],\"81\":[\"0\"],\"82\":[\"0\"],\"83\":[\"0\"],\"84\":[\"0\"],\"85\":[\"0\"],\"86\":[\"0\"],\"87\":[\"0\"],\"88\":[\"0\"],\"89\":[\"0\"],\"90\":[\"0\"],\"91\":[\"0\"],\"92\":[\"0\"],\"93\":[\"0\"],\"94\":[\"0\"],\"95\":[\"0\"],\"96\":[\"0\"],\"97\":[\"0\"],\"98\":[\"0\"],\"99\":[\"0\"],\"100\":[\"0\"],\"101\":[\"0\"],\"102\":[\"0\"],\"103\":[\"0\"],\"104\":[\"0\"],\"105\":[\"0\"],\"106\":[\"0\"],\"107\":[\"0\"],\"108\":[\"0\"],\"109\":[\"0\"],\"110\":[\"0\"]},\"sticky\":true,\"relationship_type\":-1,\"relationship_bug\":0,\"profile_id\":[0],\"platform\":[\"0\"],\"os\":[\"0\"],\"os_build\":[\"0\"],\"tag_string\":\"\",\"tag_select\":0,\"note_user_id\":[0],\"match_type\":0}'),
(6, 1, -2, 0, '', 'v9#{\"_version\":\"v9\",\"_view_type\":\"simple\",\"category_id\":[\"0\"],\"severity\":[0],\"status\":[0],\"per_page\":50,\"highlight_changed\":6,\"reporter_id\":[0],\"handler_id\":[0],\"project_id\":[-3],\"sort\":\"last_updated,id\",\"dir\":\"DESC,ASC\",\"filter_by_date\":false,\"start_month\":3,\"start_day\":1,\"start_year\":2019,\"end_month\":3,\"end_day\":31,\"end_year\":2019,\"filter_by_last_updated_date\":false,\"last_updated_start_month\":3,\"last_updated_start_day\":1,\"last_updated_start_year\":2019,\"last_updated_end_month\":3,\"last_updated_end_day\":31,\"last_updated_end_year\":2019,\"search\":\"\",\"hide_status\":[90],\"resolution\":[0],\"build\":[\"0\"],\"version\":[\"0\"],\"fixed_in_version\":[\"0\"],\"target_version\":[\"0\"],\"priority\":[0],\"monitor_user_id\":[0],\"view_state\":0,\"custom_fields\":{\"2\":[\"0\"],\"3\":[\"0\"],\"4\":[\"0\"],\"5\":[\"0\"],\"6\":[\"0\"],\"7\":[\"0\"],\"8\":[\"0\"],\"9\":[\"0\"],\"10\":[\"0\"],\"11\":[\"0\"],\"12\":[\"0\"],\"13\":[\"0\"],\"15\":[\"0\"],\"16\":[\"0\"],\"17\":[\"0\"],\"18\":[\"0\"],\"19\":[\"0\"],\"20\":[\"0\"],\"21\":[\"0\"],\"22\":[\"0\"],\"23\":[\"0\"],\"24\":[\"0\"],\"25\":[\"0\"],\"26\":[\"0\"],\"27\":[\"0\"],\"28\":[\"0\"],\"29\":[\"0\"],\"30\":[\"0\"],\"31\":[\"0\"],\"32\":[\"0\"],\"33\":[\"0\"],\"34\":[\"0\"],\"35\":[\"0\"],\"36\":[\"0\"],\"37\":[\"0\"],\"38\":[\"0\"],\"39\":[\"0\"],\"40\":[\"0\"],\"41\":[\"0\"],\"42\":[\"0\"],\"43\":[\"0\"],\"44\":[\"0\"],\"45\":[\"0\"],\"46\":[\"0\"],\"47\":[\"0\"],\"48\":[\"0\"],\"49\":[\"0\"],\"50\":[\"0\"],\"51\":[\"0\"],\"52\":[\"0\"],\"53\":[\"0\"],\"54\":[\"0\"],\"55\":[\"0\"],\"56\":[\"0\"],\"57\":[\"0\"],\"58\":[\"0\"],\"59\":[\"0\"],\"60\":[\"0\"],\"61\":[\"0\"],\"62\":[\"0\"],\"63\":[\"0\"],\"64\":[\"0\"],\"65\":[\"0\"],\"66\":[\"0\"],\"67\":[\"0\"],\"68\":[\"0\"],\"69\":[\"0\"],\"70\":[\"0\"],\"71\":[\"0\"],\"72\":[\"0\"],\"73\":[\"0\"],\"74\":[\"0\"],\"75\":[\"0\"],\"76\":[\"0\"],\"77\":[\"0\"],\"78\":[\"0\"],\"79\":[\"0\"],\"80\":[\"0\"],\"81\":[\"0\"],\"82\":[\"0\"],\"83\":[\"0\"],\"84\":[\"0\"],\"85\":[\"0\"],\"86\":[\"0\"],\"87\":[\"0\"],\"88\":[\"0\"],\"89\":[\"0\"],\"90\":[\"0\"],\"91\":[\"0\"],\"92\":[\"0\"],\"93\":[\"0\"],\"94\":[\"0\"],\"95\":[\"0\"],\"96\":[\"0\"],\"97\":[\"0\"],\"98\":[\"0\"],\"99\":[\"0\"],\"100\":[\"0\"],\"101\":[\"0\"],\"102\":[\"0\"],\"103\":[\"0\"],\"104\":[\"0\"],\"105\":[\"0\"],\"106\":[\"0\"],\"107\":[\"0\"],\"108\":[\"0\"],\"109\":[\"0\"],\"110\":[\"0\"],\"111\":[\"0\"]},\"sticky\":true,\"relationship_type\":-1,\"relationship_bug\":0,\"profile_id\":[0],\"platform\":[\"0\"],\"os\":[\"0\"],\"os_build\":[\"0\"],\"tag_string\":\"\",\"tag_select\":0,\"note_user_id\":[0],\"match_type\":0,\"_source_query_id\":6}'),
(7, 3, -2, 0, '', 'v9#{\"_version\":\"v9\",\"_view_type\":\"simple\",\"category_id\":[\"0\"],\"severity\":[0],\"status\":[0],\"highlight_changed\":6,\"reporter_id\":[0],\"handler_id\":[0],\"project_id\":[-3],\"resolution\":[0],\"build\":[\"0\"],\"version\":[\"0\"],\"hide_status\":[90],\"monitor_user_id\":[0],\"sort\":\"last_updated\",\"dir\":\"DESC\",\"per_page\":50,\"match_type\":0,\"platform\":[\"0\"],\"os\":[\"0\"],\"os_build\":[\"0\"],\"fixed_in_version\":[\"0\"],\"target_version\":[\"0\"],\"profile_id\":[0],\"priority\":[0],\"note_user_id\":[0],\"sticky\":true,\"filter_by_date\":false,\"start_month\":\"05\",\"end_month\":\"05\",\"start_day\":1,\"end_day\":\"05\",\"start_year\":\"2019\",\"end_year\":\"2019\",\"filter_by_last_updated_date\":false,\"last_updated_start_month\":\"05\",\"last_updated_end_month\":\"05\",\"last_updated_start_day\":1,\"last_updated_end_day\":\"05\",\"last_updated_start_year\":\"2019\",\"last_updated_end_year\":\"2019\",\"search\":\"\",\"view_state\":0,\"tag_string\":\"\",\"tag_select\":0,\"relationship_type\":-1,\"relationship_bug\":0,\"custom_fields\":{\"2\":[\"0\"],\"3\":[\"0\"],\"4\":[\"0\"],\"5\":[\"0\"],\"6\":[\"0\"],\"7\":[\"0\"],\"8\":[\"0\"],\"9\":[\"0\"],\"10\":[\"0\"],\"11\":[\"0\"],\"12\":[\"0\"],\"13\":[\"0\"],\"15\":[\"0\"],\"16\":[\"0\"],\"17\":[\"0\"],\"18\":[\"0\"],\"19\":[\"0\"],\"20\":[\"0\"],\"21\":[\"0\"],\"22\":[\"0\"],\"23\":[\"0\"],\"24\":[\"0\"],\"25\":[\"0\"],\"26\":[\"0\"],\"27\":[\"0\"],\"28\":[\"0\"],\"29\":[\"0\"],\"30\":[\"0\"],\"31\":[\"0\"],\"32\":[\"0\"],\"33\":[\"0\"],\"34\":[\"0\"],\"35\":[\"0\"],\"36\":[\"0\"],\"37\":[\"0\"],\"38\":[\"0\"],\"39\":[\"0\"],\"40\":[\"0\"],\"41\":[\"0\"],\"42\":[\"0\"],\"43\":[\"0\"],\"44\":[\"0\"],\"45\":[\"0\"],\"46\":[\"0\"],\"47\":[\"0\"],\"48\":[\"0\"],\"49\":[\"0\"],\"50\":[\"0\"],\"51\":[\"0\"],\"52\":[\"0\"],\"53\":[\"0\"],\"54\":[\"0\"],\"55\":[\"0\"],\"56\":[\"0\"],\"57\":[\"0\"],\"58\":[\"0\"],\"59\":[\"0\"],\"60\":[\"0\"],\"61\":[\"0\"],\"62\":[\"0\"],\"63\":[\"0\"],\"64\":[\"0\"],\"65\":[\"0\"],\"66\":[\"0\"],\"67\":[\"0\"],\"68\":[\"0\"],\"69\":[\"0\"],\"70\":[\"0\"],\"71\":[\"0\"],\"72\":[\"0\"],\"73\":[\"0\"],\"74\":[\"0\"],\"75\":[\"0\"],\"76\":[\"0\"],\"77\":[\"0\"],\"78\":[\"0\"],\"79\":[\"0\"],\"80\":[\"0\"],\"81\":[\"0\"],\"82\":[\"0\"],\"83\":[\"0\"],\"84\":[\"0\"],\"85\":[\"0\"],\"86\":[\"0\"],\"87\":[\"0\"],\"88\":[\"0\"],\"89\":[\"0\"],\"90\":[\"0\"],\"91\":[\"0\"],\"92\":[\"0\"],\"93\":[\"0\"],\"94\":[\"0\"],\"95\":[\"0\"],\"96\":[\"0\"],\"97\":[\"0\"],\"98\":[\"0\"],\"99\":[\"0\"],\"100\":[\"0\"],\"101\":[\"0\"],\"102\":[\"0\"],\"103\":[\"0\"],\"104\":[\"0\"],\"105\":[\"0\"],\"106\":[\"0\"],\"107\":[\"0\"],\"108\":[\"0\"],\"109\":[\"0\"],\"110\":[\"0\"],\"111\":[\"0\"]},\"_source_query_id\":7}'),
(8, 3, -3, 0, '', 'v9#{\"_version\":\"v9\",\"_view_type\":\"simple\",\"category_id\":[\"0\"],\"severity\":[0],\"status\":[0],\"highlight_changed\":6,\"reporter_id\":[0],\"handler_id\":[0],\"project_id\":[-3],\"resolution\":[0],\"build\":[\"0\"],\"version\":[\"0\"],\"hide_status\":[90],\"monitor_user_id\":[0],\"sort\":\"last_updated\",\"dir\":\"DESC\",\"per_page\":50,\"match_type\":0,\"platform\":[\"0\"],\"os\":[\"0\"],\"os_build\":[\"0\"],\"fixed_in_version\":[\"0\"],\"target_version\":[\"0\"],\"profile_id\":[0],\"priority\":[0],\"note_user_id\":[0],\"sticky\":true,\"filter_by_date\":false,\"start_month\":\"05\",\"end_month\":\"05\",\"start_day\":1,\"end_day\":\"05\",\"start_year\":\"2019\",\"end_year\":\"2019\",\"filter_by_last_updated_date\":false,\"last_updated_start_month\":\"05\",\"last_updated_end_month\":\"05\",\"last_updated_start_day\":1,\"last_updated_end_day\":\"05\",\"last_updated_start_year\":\"2019\",\"last_updated_end_year\":\"2019\",\"search\":\"\",\"view_state\":0,\"tag_string\":\"\",\"tag_select\":0,\"relationship_type\":-1,\"relationship_bug\":0,\"custom_fields\":{\"2\":[\"0\"],\"3\":[\"0\"],\"4\":[\"0\"],\"5\":[\"0\"],\"6\":[\"0\"],\"7\":[\"0\"],\"8\":[\"0\"],\"9\":[\"0\"],\"10\":[\"0\"],\"11\":[\"0\"],\"12\":[\"0\"],\"13\":[\"0\"],\"15\":[\"0\"],\"16\":[\"0\"],\"17\":[\"0\"],\"18\":[\"0\"],\"19\":[\"0\"],\"20\":[\"0\"],\"21\":[\"0\"],\"22\":[\"0\"],\"23\":[\"0\"],\"24\":[\"0\"],\"25\":[\"0\"],\"26\":[\"0\"],\"27\":[\"0\"],\"28\":[\"0\"],\"29\":[\"0\"],\"30\":[\"0\"],\"31\":[\"0\"],\"32\":[\"0\"],\"33\":[\"0\"],\"34\":[\"0\"],\"35\":[\"0\"],\"36\":[\"0\"],\"37\":[\"0\"],\"38\":[\"0\"],\"39\":[\"0\"],\"40\":[\"0\"],\"41\":[\"0\"],\"42\":[\"0\"],\"43\":[\"0\"],\"44\":[\"0\"],\"45\":[\"0\"],\"46\":[\"0\"],\"47\":[\"0\"],\"48\":[\"0\"],\"49\":[\"0\"],\"50\":[\"0\"],\"51\":[\"0\"],\"52\":[\"0\"],\"53\":[\"0\"],\"54\":[\"0\"],\"55\":[\"0\"],\"56\":[\"0\"],\"57\":[\"0\"],\"58\":[\"0\"],\"59\":[\"0\"],\"60\":[\"0\"],\"61\":[\"0\"],\"62\":[\"0\"],\"63\":[\"0\"],\"64\":[\"0\"],\"65\":[\"0\"],\"66\":[\"0\"],\"67\":[\"0\"],\"68\":[\"0\"],\"69\":[\"0\"],\"70\":[\"0\"],\"71\":[\"0\"],\"72\":[\"0\"],\"73\":[\"0\"],\"74\":[\"0\"],\"75\":[\"0\"],\"76\":[\"0\"],\"77\":[\"0\"],\"78\":[\"0\"],\"79\":[\"0\"],\"80\":[\"0\"],\"81\":[\"0\"],\"82\":[\"0\"],\"83\":[\"0\"],\"84\":[\"0\"],\"85\":[\"0\"],\"86\":[\"0\"],\"87\":[\"0\"],\"88\":[\"0\"],\"89\":[\"0\"],\"90\":[\"0\"],\"91\":[\"0\"],\"92\":[\"0\"],\"93\":[\"0\"],\"94\":[\"0\"],\"95\":[\"0\"],\"96\":[\"0\"],\"97\":[\"0\"],\"98\":[\"0\"],\"99\":[\"0\"],\"100\":[\"0\"],\"101\":[\"0\"],\"102\":[\"0\"],\"103\":[\"0\"],\"104\":[\"0\"],\"105\":[\"0\"],\"106\":[\"0\"],\"107\":[\"0\"],\"108\":[\"0\"],\"109\":[\"0\"],\"110\":[\"0\"],\"111\":[\"0\"]},\"_source_query_id\":7}'),
(9, 3, -1, 0, '', 'v9#{\"_version\":\"v9\",\"_view_type\":\"simple\",\"category_id\":[\"0\"],\"severity\":[0],\"status\":[0],\"highlight_changed\":6,\"reporter_id\":[0],\"handler_id\":[0],\"project_id\":[-3],\"resolution\":[0],\"build\":[\"0\"],\"version\":[\"0\"],\"hide_status\":[90],\"monitor_user_id\":[0],\"sort\":\"last_updated\",\"dir\":\"DESC\",\"per_page\":50,\"match_type\":0,\"platform\":[\"0\"],\"os\":[\"0\"],\"os_build\":[\"0\"],\"fixed_in_version\":[\"0\"],\"target_version\":[\"0\"],\"profile_id\":[0],\"priority\":[0],\"note_user_id\":[0],\"sticky\":true,\"filter_by_date\":false,\"start_month\":\"05\",\"end_month\":\"05\",\"start_day\":1,\"end_day\":\"05\",\"start_year\":\"2019\",\"end_year\":\"2019\",\"filter_by_last_updated_date\":false,\"last_updated_start_month\":\"05\",\"last_updated_end_month\":\"05\",\"last_updated_start_day\":1,\"last_updated_end_day\":\"05\",\"last_updated_start_year\":\"2019\",\"last_updated_end_year\":\"2019\",\"search\":\"\",\"view_state\":0,\"tag_string\":\"\",\"tag_select\":0,\"relationship_type\":-1,\"relationship_bug\":0,\"custom_fields\":{\"2\":[\"0\"],\"3\":[\"0\"],\"4\":[\"0\"],\"5\":[\"0\"],\"6\":[\"0\"],\"7\":[\"0\"],\"8\":[\"0\"],\"9\":[\"0\"],\"10\":[\"0\"],\"11\":[\"0\"],\"12\":[\"0\"],\"13\":[\"0\"],\"15\":[\"0\"],\"16\":[\"0\"],\"17\":[\"0\"],\"18\":[\"0\"],\"19\":[\"0\"],\"20\":[\"0\"],\"21\":[\"0\"],\"22\":[\"0\"],\"23\":[\"0\"],\"24\":[\"0\"],\"25\":[\"0\"],\"26\":[\"0\"],\"27\":[\"0\"],\"28\":[\"0\"],\"29\":[\"0\"],\"30\":[\"0\"],\"31\":[\"0\"],\"32\":[\"0\"],\"33\":[\"0\"],\"34\":[\"0\"],\"35\":[\"0\"],\"36\":[\"0\"],\"37\":[\"0\"],\"38\":[\"0\"],\"39\":[\"0\"],\"40\":[\"0\"],\"41\":[\"0\"],\"42\":[\"0\"],\"43\":[\"0\"],\"44\":[\"0\"],\"45\":[\"0\"],\"46\":[\"0\"],\"47\":[\"0\"],\"48\":[\"0\"],\"49\":[\"0\"],\"50\":[\"0\"],\"51\":[\"0\"],\"52\":[\"0\"],\"53\":[\"0\"],\"54\":[\"0\"],\"55\":[\"0\"],\"56\":[\"0\"],\"57\":[\"0\"],\"58\":[\"0\"],\"59\":[\"0\"],\"60\":[\"0\"],\"61\":[\"0\"],\"62\":[\"0\"],\"63\":[\"0\"],\"64\":[\"0\"],\"65\":[\"0\"],\"66\":[\"0\"],\"67\":[\"0\"],\"68\":[\"0\"],\"69\":[\"0\"],\"70\":[\"0\"],\"71\":[\"0\"],\"72\":[\"0\"],\"73\":[\"0\"],\"74\":[\"0\"],\"75\":[\"0\"],\"76\":[\"0\"],\"77\":[\"0\"],\"78\":[\"0\"],\"79\":[\"0\"],\"80\":[\"0\"],\"81\":[\"0\"],\"82\":[\"0\"],\"83\":[\"0\"],\"84\":[\"0\"],\"85\":[\"0\"],\"86\":[\"0\"],\"87\":[\"0\"],\"88\":[\"0\"],\"89\":[\"0\"],\"90\":[\"0\"],\"91\":[\"0\"],\"92\":[\"0\"],\"93\":[\"0\"],\"94\":[\"0\"],\"95\":[\"0\"],\"96\":[\"0\"],\"97\":[\"0\"],\"98\":[\"0\"],\"99\":[\"0\"],\"100\":[\"0\"],\"101\":[\"0\"],\"102\":[\"0\"],\"103\":[\"0\"],\"104\":[\"0\"],\"105\":[\"0\"],\"106\":[\"0\"],\"107\":[\"0\"],\"108\":[\"0\"],\"109\":[\"0\"],\"110\":[\"0\"],\"111\":[\"0\"]},\"_source_query_id\":9}'),
(10, 2, -1, 0, '', 'v9#{\"_version\":\"v9\",\"_view_type\":\"simple\",\"category_id\":[\"0\"],\"severity\":[0],\"status\":[0],\"highlight_changed\":6,\"reporter_id\":[0],\"handler_id\":[0],\"project_id\":[-3],\"resolution\":[0],\"build\":[\"0\"],\"version\":[\"0\"],\"hide_status\":[90],\"monitor_user_id\":[0],\"sort\":\"last_updated\",\"dir\":\"DESC\",\"per_page\":50,\"match_type\":0,\"platform\":[\"0\"],\"os\":[\"0\"],\"os_build\":[\"0\"],\"fixed_in_version\":[\"0\"],\"target_version\":[\"0\"],\"profile_id\":[0],\"priority\":[0],\"note_user_id\":[0],\"sticky\":true,\"filter_by_date\":false,\"start_month\":\"05\",\"end_month\":\"05\",\"start_day\":1,\"end_day\":\"05\",\"start_year\":\"2019\",\"end_year\":\"2019\",\"filter_by_last_updated_date\":false,\"last_updated_start_month\":\"05\",\"last_updated_end_month\":\"05\",\"last_updated_start_day\":1,\"last_updated_end_day\":\"05\",\"last_updated_start_year\":\"2019\",\"last_updated_end_year\":\"2019\",\"search\":\"\",\"view_state\":0,\"tag_string\":\"\",\"tag_select\":0,\"relationship_type\":-1,\"relationship_bug\":0,\"custom_fields\":{\"2\":[\"0\"],\"3\":[\"0\"],\"4\":[\"0\"],\"5\":[\"0\"],\"6\":[\"0\"],\"7\":[\"0\"],\"8\":[\"0\"],\"9\":[\"0\"],\"10\":[\"0\"],\"11\":[\"0\"],\"12\":[\"0\"],\"13\":[\"0\"],\"15\":[\"0\"],\"16\":[\"0\"],\"17\":[\"0\"],\"18\":[\"0\"],\"19\":[\"0\"],\"20\":[\"0\"],\"21\":[\"0\"],\"22\":[\"0\"],\"23\":[\"0\"],\"24\":[\"0\"],\"25\":[\"0\"],\"26\":[\"0\"],\"27\":[\"0\"],\"28\":[\"0\"],\"29\":[\"0\"],\"30\":[\"0\"],\"31\":[\"0\"],\"32\":[\"0\"],\"33\":[\"0\"],\"34\":[\"0\"],\"35\":[\"0\"],\"36\":[\"0\"],\"37\":[\"0\"],\"38\":[\"0\"],\"39\":[\"0\"],\"40\":[\"0\"],\"41\":[\"0\"],\"42\":[\"0\"],\"43\":[\"0\"],\"44\":[\"0\"],\"45\":[\"0\"],\"46\":[\"0\"],\"47\":[\"0\"],\"48\":[\"0\"],\"49\":[\"0\"],\"50\":[\"0\"],\"51\":[\"0\"],\"52\":[\"0\"],\"53\":[\"0\"],\"54\":[\"0\"],\"55\":[\"0\"],\"56\":[\"0\"],\"57\":[\"0\"],\"58\":[\"0\"],\"59\":[\"0\"],\"60\":[\"0\"],\"61\":[\"0\"],\"62\":[\"0\"],\"63\":[\"0\"],\"64\":[\"0\"],\"65\":[\"0\"],\"66\":[\"0\"],\"67\":[\"0\"],\"68\":[\"0\"],\"69\":[\"0\"],\"70\":[\"0\"],\"71\":[\"0\"],\"72\":[\"0\"],\"73\":[\"0\"],\"74\":[\"0\"],\"75\":[\"0\"],\"76\":[\"0\"],\"77\":[\"0\"],\"78\":[\"0\"],\"79\":[\"0\"],\"80\":[\"0\"],\"81\":[\"0\"],\"82\":[\"0\"],\"83\":[\"0\"],\"84\":[\"0\"],\"85\":[\"0\"],\"86\":[\"0\"],\"87\":[\"0\"],\"88\":[\"0\"],\"89\":[\"0\"],\"90\":[\"0\"],\"91\":[\"0\"],\"92\":[\"0\"],\"93\":[\"0\"],\"94\":[\"0\"],\"95\":[\"0\"],\"96\":[\"0\"],\"97\":[\"0\"],\"98\":[\"0\"],\"99\":[\"0\"],\"100\":[\"0\"],\"101\":[\"0\"],\"102\":[\"0\"],\"103\":[\"0\"],\"104\":[\"0\"],\"105\":[\"0\"],\"106\":[\"0\"],\"107\":[\"0\"],\"108\":[\"0\"],\"109\":[\"0\"],\"110\":[\"0\"],\"111\":[\"0\"]},\"_source_query_id\":10}'),
(11, 2, -3, 0, '', 'v9#{\"_version\":\"v9\",\"_view_type\":\"simple\",\"category_id\":[\"0\"],\"severity\":[0],\"status\":[0],\"highlight_changed\":6,\"reporter_id\":[0],\"handler_id\":[0],\"project_id\":[-3],\"resolution\":[0],\"build\":[\"0\"],\"version\":[\"0\"],\"hide_status\":[90],\"monitor_user_id\":[0],\"sort\":\"last_updated\",\"dir\":\"DESC\",\"per_page\":50,\"match_type\":0,\"platform\":[\"0\"],\"os\":[\"0\"],\"os_build\":[\"0\"],\"fixed_in_version\":[\"0\"],\"target_version\":[\"0\"],\"profile_id\":[0],\"priority\":[0],\"note_user_id\":[0],\"sticky\":true,\"filter_by_date\":false,\"start_month\":\"03\",\"end_month\":\"03\",\"start_day\":1,\"end_day\":\"31\",\"start_year\":\"2019\",\"end_year\":\"2019\",\"filter_by_last_updated_date\":false,\"last_updated_start_month\":\"03\",\"last_updated_end_month\":\"03\",\"last_updated_start_day\":1,\"last_updated_end_day\":\"31\",\"last_updated_start_year\":\"2019\",\"last_updated_end_year\":\"2019\",\"search\":\"\",\"view_state\":0,\"tag_string\":\"\",\"tag_select\":0,\"relationship_type\":-1,\"relationship_bug\":0,\"custom_fields\":{\"2\":[\"0\"],\"3\":[\"0\"],\"4\":[\"0\"],\"5\":[\"0\"],\"6\":[\"0\"],\"7\":[\"0\"],\"8\":[\"0\"],\"9\":[\"0\"],\"10\":[\"0\"],\"11\":[\"0\"],\"12\":[\"0\"],\"13\":[\"0\"],\"15\":[\"0\"],\"16\":[\"0\"],\"17\":[\"0\"],\"18\":[\"0\"],\"19\":[\"0\"],\"20\":[\"0\"],\"21\":[\"0\"],\"22\":[\"0\"],\"23\":[\"0\"],\"24\":[\"0\"],\"25\":[\"0\"],\"26\":[\"0\"],\"27\":[\"0\"],\"28\":[\"0\"],\"29\":[\"0\"],\"30\":[\"0\"],\"31\":[\"0\"],\"32\":[\"0\"],\"33\":[\"0\"],\"34\":[\"0\"],\"35\":[\"0\"],\"36\":[\"0\"],\"37\":[\"0\"],\"38\":[\"0\"],\"39\":[\"0\"],\"40\":[\"0\"],\"41\":[\"0\"],\"42\":[\"0\"],\"43\":[\"0\"],\"44\":[\"0\"],\"45\":[\"0\"],\"46\":[\"0\"],\"47\":[\"0\"],\"48\":[\"0\"],\"49\":[\"0\"],\"50\":[\"0\"],\"51\":[\"0\"],\"52\":[\"0\"],\"53\":[\"0\"],\"54\":[\"0\"],\"55\":[\"0\"],\"56\":[\"0\"],\"57\":[\"0\"],\"58\":[\"0\"],\"59\":[\"0\"],\"60\":[\"0\"],\"61\":[\"0\"],\"62\":[\"0\"],\"63\":[\"0\"],\"64\":[\"0\"],\"65\":[\"0\"],\"66\":[\"0\"],\"67\":[\"0\"],\"68\":[\"0\"],\"69\":[\"0\"],\"70\":[\"0\"],\"71\":[\"0\"],\"72\":[\"0\"],\"73\":[\"0\"],\"74\":[\"0\"],\"75\":[\"0\"],\"76\":[\"0\"],\"77\":[\"0\"],\"78\":[\"0\"],\"79\":[\"0\"],\"80\":[\"0\"],\"81\":[\"0\"],\"82\":[\"0\"],\"83\":[\"0\"],\"84\":[\"0\"],\"85\":[\"0\"],\"86\":[\"0\"],\"87\":[\"0\"],\"88\":[\"0\"],\"89\":[\"0\"],\"90\":[\"0\"],\"91\":[\"0\"],\"92\":[\"0\"],\"93\":[\"0\"],\"94\":[\"0\"],\"95\":[\"0\"],\"96\":[\"0\"],\"97\":[\"0\"],\"98\":[\"0\"],\"99\":[\"0\"],\"100\":[\"0\"],\"101\":[\"0\"],\"102\":[\"0\"],\"103\":[\"0\"],\"104\":[\"0\"],\"105\":[\"0\"],\"106\":[\"0\"],\"107\":[\"0\"],\"108\":[\"0\"],\"109\":[\"0\"],\"110\":[\"0\"],\"111\":[\"0\"]},\"_source_query_id\":3}'),
(12, 4, -2, 0, '', 'v9#{\"_version\":\"v9\",\"_view_type\":\"simple\",\"category_id\":[\"0\"],\"severity\":[0],\"status\":[0],\"highlight_changed\":6,\"reporter_id\":[0],\"handler_id\":[0],\"project_id\":[-3],\"resolution\":[0],\"build\":[\"0\"],\"version\":[\"0\"],\"hide_status\":[90],\"monitor_user_id\":[0],\"sort\":\"last_updated\",\"dir\":\"DESC\",\"per_page\":50,\"match_type\":0,\"platform\":[\"0\"],\"os\":[\"0\"],\"os_build\":[\"0\"],\"fixed_in_version\":[\"0\"],\"target_version\":[\"0\"],\"profile_id\":[0],\"priority\":[0],\"note_user_id\":[0],\"sticky\":true,\"filter_by_date\":false,\"start_month\":\"05\",\"end_month\":\"05\",\"start_day\":1,\"end_day\":\"05\",\"start_year\":\"2019\",\"end_year\":\"2019\",\"filter_by_last_updated_date\":false,\"last_updated_start_month\":\"05\",\"last_updated_end_month\":\"05\",\"last_updated_start_day\":1,\"last_updated_end_day\":\"05\",\"last_updated_start_year\":\"2019\",\"last_updated_end_year\":\"2019\",\"search\":\"\",\"view_state\":0,\"tag_string\":\"\",\"tag_select\":0,\"relationship_type\":-1,\"relationship_bug\":0,\"custom_fields\":{\"2\":[\"0\"],\"3\":[\"0\"],\"4\":[\"0\"],\"5\":[\"0\"],\"6\":[\"0\"],\"7\":[\"0\"],\"8\":[\"0\"],\"9\":[\"0\"],\"10\":[\"0\"],\"11\":[\"0\"],\"12\":[\"0\"],\"13\":[\"0\"],\"15\":[\"0\"],\"16\":[\"0\"],\"17\":[\"0\"],\"18\":[\"0\"],\"19\":[\"0\"],\"20\":[\"0\"],\"21\":[\"0\"],\"22\":[\"0\"],\"23\":[\"0\"],\"24\":[\"0\"],\"25\":[\"0\"],\"26\":[\"0\"],\"27\":[\"0\"],\"28\":[\"0\"],\"29\":[\"0\"],\"30\":[\"0\"],\"31\":[\"0\"],\"32\":[\"0\"],\"33\":[\"0\"],\"34\":[\"0\"],\"35\":[\"0\"],\"36\":[\"0\"],\"37\":[\"0\"],\"38\":[\"0\"],\"39\":[\"0\"],\"40\":[\"0\"],\"41\":[\"0\"],\"42\":[\"0\"],\"43\":[\"0\"],\"44\":[\"0\"],\"45\":[\"0\"],\"46\":[\"0\"],\"47\":[\"0\"],\"48\":[\"0\"],\"49\":[\"0\"],\"50\":[\"0\"],\"51\":[\"0\"],\"52\":[\"0\"],\"53\":[\"0\"],\"54\":[\"0\"],\"55\":[\"0\"],\"56\":[\"0\"],\"57\":[\"0\"],\"58\":[\"0\"],\"59\":[\"0\"],\"60\":[\"0\"],\"61\":[\"0\"],\"62\":[\"0\"],\"63\":[\"0\"],\"64\":[\"0\"],\"65\":[\"0\"],\"66\":[\"0\"],\"67\":[\"0\"],\"68\":[\"0\"],\"69\":[\"0\"],\"70\":[\"0\"],\"71\":[\"0\"],\"72\":[\"0\"],\"73\":[\"0\"],\"74\":[\"0\"],\"75\":[\"0\"],\"76\":[\"0\"],\"77\":[\"0\"],\"78\":[\"0\"],\"79\":[\"0\"],\"80\":[\"0\"],\"81\":[\"0\"],\"82\":[\"0\"],\"83\":[\"0\"],\"84\":[\"0\"],\"85\":[\"0\"],\"86\":[\"0\"],\"87\":[\"0\"],\"88\":[\"0\"],\"89\":[\"0\"],\"90\":[\"0\"],\"91\":[\"0\"],\"92\":[\"0\"],\"93\":[\"0\"],\"94\":[\"0\"],\"95\":[\"0\"],\"96\":[\"0\"],\"97\":[\"0\"],\"98\":[\"0\"],\"99\":[\"0\"],\"100\":[\"0\"],\"101\":[\"0\"],\"102\":[\"0\"],\"103\":[\"0\"],\"104\":[\"0\"],\"105\":[\"0\"],\"106\":[\"0\"],\"107\":[\"0\"],\"108\":[\"0\"],\"109\":[\"0\"],\"110\":[\"0\"],\"111\":[\"0\"]},\"_source_query_id\":12}'),
(13, 4, -3, 0, '', 'v9#{\"_version\":\"v9\",\"_view_type\":\"simple\",\"category_id\":[\"0\"],\"severity\":[0],\"status\":[0],\"highlight_changed\":6,\"reporter_id\":[0],\"handler_id\":[0],\"project_id\":[-3],\"resolution\":[0],\"build\":[\"0\"],\"version\":[\"0\"],\"hide_status\":[90],\"monitor_user_id\":[0],\"sort\":\"last_updated\",\"dir\":\"DESC\",\"per_page\":50,\"match_type\":0,\"platform\":[\"0\"],\"os\":[\"0\"],\"os_build\":[\"0\"],\"fixed_in_version\":[\"0\"],\"target_version\":[\"0\"],\"profile_id\":[0],\"priority\":[0],\"note_user_id\":[0],\"sticky\":true,\"filter_by_date\":false,\"start_month\":\"05\",\"end_month\":\"05\",\"start_day\":1,\"end_day\":\"05\",\"start_year\":\"2019\",\"end_year\":\"2019\",\"filter_by_last_updated_date\":false,\"last_updated_start_month\":\"05\",\"last_updated_end_month\":\"05\",\"last_updated_start_day\":1,\"last_updated_end_day\":\"05\",\"last_updated_start_year\":\"2019\",\"last_updated_end_year\":\"2019\",\"search\":\"\",\"view_state\":0,\"tag_string\":\"\",\"tag_select\":0,\"relationship_type\":-1,\"relationship_bug\":0,\"custom_fields\":{\"2\":[\"0\"],\"3\":[\"0\"],\"4\":[\"0\"],\"5\":[\"0\"],\"6\":[\"0\"],\"7\":[\"0\"],\"8\":[\"0\"],\"9\":[\"0\"],\"10\":[\"0\"],\"11\":[\"0\"],\"12\":[\"0\"],\"13\":[\"0\"],\"15\":[\"0\"],\"16\":[\"0\"],\"17\":[\"0\"],\"18\":[\"0\"],\"19\":[\"0\"],\"20\":[\"0\"],\"21\":[\"0\"],\"22\":[\"0\"],\"23\":[\"0\"],\"24\":[\"0\"],\"25\":[\"0\"],\"26\":[\"0\"],\"27\":[\"0\"],\"28\":[\"0\"],\"29\":[\"0\"],\"30\":[\"0\"],\"31\":[\"0\"],\"32\":[\"0\"],\"33\":[\"0\"],\"34\":[\"0\"],\"35\":[\"0\"],\"36\":[\"0\"],\"37\":[\"0\"],\"38\":[\"0\"],\"39\":[\"0\"],\"40\":[\"0\"],\"41\":[\"0\"],\"42\":[\"0\"],\"43\":[\"0\"],\"44\":[\"0\"],\"45\":[\"0\"],\"46\":[\"0\"],\"47\":[\"0\"],\"48\":[\"0\"],\"49\":[\"0\"],\"50\":[\"0\"],\"51\":[\"0\"],\"52\":[\"0\"],\"53\":[\"0\"],\"54\":[\"0\"],\"55\":[\"0\"],\"56\":[\"0\"],\"57\":[\"0\"],\"58\":[\"0\"],\"59\":[\"0\"],\"60\":[\"0\"],\"61\":[\"0\"],\"62\":[\"0\"],\"63\":[\"0\"],\"64\":[\"0\"],\"65\":[\"0\"],\"66\":[\"0\"],\"67\":[\"0\"],\"68\":[\"0\"],\"69\":[\"0\"],\"70\":[\"0\"],\"71\":[\"0\"],\"72\":[\"0\"],\"73\":[\"0\"],\"74\":[\"0\"],\"75\":[\"0\"],\"76\":[\"0\"],\"77\":[\"0\"],\"78\":[\"0\"],\"79\":[\"0\"],\"80\":[\"0\"],\"81\":[\"0\"],\"82\":[\"0\"],\"83\":[\"0\"],\"84\":[\"0\"],\"85\":[\"0\"],\"86\":[\"0\"],\"87\":[\"0\"],\"88\":[\"0\"],\"89\":[\"0\"],\"90\":[\"0\"],\"91\":[\"0\"],\"92\":[\"0\"],\"93\":[\"0\"],\"94\":[\"0\"],\"95\":[\"0\"],\"96\":[\"0\"],\"97\":[\"0\"],\"98\":[\"0\"],\"99\":[\"0\"],\"100\":[\"0\"],\"101\":[\"0\"],\"102\":[\"0\"],\"103\":[\"0\"],\"104\":[\"0\"],\"105\":[\"0\"],\"106\":[\"0\"],\"107\":[\"0\"],\"108\":[\"0\"],\"109\":[\"0\"],\"110\":[\"0\"],\"111\":[\"0\"]}}'),
(14, 1, -4, 0, '', 'v9#{\"_version\":\"v9\",\"_view_type\":\"simple\",\"category_id\":[\"0\"],\"severity\":[0],\"status\":[0],\"per_page\":50,\"highlight_changed\":6,\"reporter_id\":[0],\"handler_id\":[0],\"project_id\":[-3],\"sort\":\"last_updated\",\"dir\":\"ASC\",\"filter_by_date\":false,\"start_month\":5,\"start_day\":1,\"start_year\":2019,\"end_month\":5,\"end_day\":29,\"end_year\":2019,\"filter_by_last_updated_date\":false,\"last_updated_start_month\":5,\"last_updated_start_day\":1,\"last_updated_start_year\":2019,\"last_updated_end_month\":5,\"last_updated_end_day\":29,\"last_updated_end_year\":2019,\"search\":\"\",\"hide_status\":[90],\"resolution\":[0],\"build\":[\"0\"],\"version\":[\"0\"],\"fixed_in_version\":[\"0\"],\"target_version\":[\"0\"],\"priority\":[0],\"monitor_user_id\":[0],\"view_state\":0,\"custom_fields\":{\"2\":[\"0\"],\"3\":[\"0\"],\"4\":[\"0\"],\"5\":[\"0\"],\"6\":[\"0\"],\"7\":[\"0\"],\"8\":[\"0\"],\"9\":[\"0\"],\"10\":[\"0\"],\"11\":[\"0\"],\"12\":[\"0\"],\"13\":[\"0\"],\"15\":[\"0\"],\"16\":[\"0\"],\"17\":[\"0\"],\"18\":[\"0\"],\"19\":[\"0\"],\"20\":[\"0\"],\"21\":[\"0\"],\"22\":[\"0\"],\"23\":[\"0\"],\"24\":[\"0\"],\"25\":[\"0\"],\"26\":[\"0\"],\"27\":[\"0\"],\"28\":[\"0\"],\"29\":[\"0\"],\"30\":[\"0\"],\"31\":[\"0\"],\"32\":[\"0\"],\"33\":[\"0\"],\"34\":[\"0\"],\"35\":[\"0\"],\"36\":[\"0\"],\"37\":[\"0\"],\"38\":[\"0\"],\"39\":[\"0\"],\"40\":[\"0\"],\"41\":[\"0\"],\"42\":[\"0\"],\"43\":[\"0\"],\"44\":[\"0\"],\"45\":[\"0\"],\"46\":[\"0\"],\"47\":[\"0\"],\"48\":[\"0\"],\"49\":[\"0\"],\"50\":[\"0\"],\"51\":[\"0\"],\"52\":[\"0\"],\"53\":[\"0\"],\"54\":[\"0\"],\"55\":[\"0\"],\"56\":[\"0\"],\"57\":[\"0\"],\"58\":[\"0\"],\"59\":[\"0\"],\"60\":[\"0\"],\"61\":[\"0\"],\"62\":[\"0\"],\"63\":[\"0\"],\"64\":[\"0\"],\"65\":[\"0\"],\"66\":[\"0\"],\"67\":[\"0\"],\"68\":[\"0\"],\"69\":[\"0\"],\"70\":[\"0\"],\"71\":[\"0\"],\"72\":[\"0\"],\"73\":[\"0\"],\"74\":[\"0\"],\"75\":[\"0\"],\"76\":[\"0\"],\"77\":[\"0\"],\"78\":[\"0\"],\"79\":[\"0\"],\"80\":[\"0\"],\"81\":[\"0\"],\"82\":[\"0\"],\"83\":[\"0\"],\"84\":[\"0\"],\"85\":[\"0\"],\"86\":[\"0\"],\"87\":[\"0\"],\"88\":[\"0\"],\"89\":[\"0\"],\"90\":[\"0\"],\"91\":[\"0\"],\"92\":[\"0\"],\"93\":[\"0\"],\"94\":[\"0\"],\"95\":[\"0\"],\"96\":[\"0\"],\"97\":[\"0\"],\"98\":[\"0\"],\"99\":[\"0\"],\"100\":[\"0\"],\"101\":[\"0\"],\"102\":[\"0\"],\"103\":[\"0\"],\"104\":[\"0\"],\"105\":[\"0\"],\"106\":[\"0\"],\"107\":[\"0\"],\"108\":[\"0\"],\"109\":[\"0\"],\"110\":[\"0\"],\"111\":[\"0\"],\"112\":[\"0\"]},\"sticky\":true,\"relationship_type\":-1,\"relationship_bug\":0,\"profile_id\":[0],\"platform\":[\"0\"],\"os\":[\"0\"],\"os_build\":[\"0\"],\"tag_string\":\"\",\"tag_select\":0,\"note_user_id\":[0],\"match_type\":0}');

-- --------------------------------------------------------

--
-- Estructura de tabla para la tabla `sgsi_news_table`
--

CREATE TABLE `sgsi_news_table` (
  `id` int(10) UNSIGNED NOT NULL,
  `project_id` int(10) UNSIGNED NOT NULL DEFAULT '0',
  `poster_id` int(10) UNSIGNED NOT NULL DEFAULT '0',
  `view_state` smallint(6) NOT NULL DEFAULT '10',
  `announcement` tinyint(4) NOT NULL DEFAULT '0',
  `headline` varchar(64) NOT NULL DEFAULT '',
  `body` longtext NOT NULL,
  `last_modified` int(10) UNSIGNED NOT NULL DEFAULT '1',
  `date_posted` int(10) UNSIGNED NOT NULL DEFAULT '1'
) ENGINE=InnoDB DEFAULT CHARSET=utf8;

-- --------------------------------------------------------

--
-- Estructura de tabla para la tabla `sgsi_plugin_table`
--

CREATE TABLE `sgsi_plugin_table` (
  `basename` varchar(40) NOT NULL,
  `enabled` tinyint(4) NOT NULL DEFAULT '0',
  `protected` tinyint(4) NOT NULL DEFAULT '0',
  `priority` int(10) UNSIGNED NOT NULL DEFAULT '3'
) ENGINE=InnoDB DEFAULT CHARSET=utf8;

--
-- Volcado de datos para la tabla `sgsi_plugin_table`
--

INSERT INTO `sgsi_plugin_table` (`basename`, `enabled`, `protected`, `priority`) VALUES
('MantisCoreFormatting', 1, 0, 3);

-- --------------------------------------------------------

--
-- Estructura de tabla para la tabla `sgsi_project_file_table`
--

CREATE TABLE `sgsi_project_file_table` (
  `id` int(10) UNSIGNED NOT NULL,
  `project_id` int(10) UNSIGNED NOT NULL DEFAULT '0',
  `title` varchar(250) NOT NULL DEFAULT '',
  `description` varchar(250) NOT NULL DEFAULT '',
  `diskfile` varchar(250) NOT NULL DEFAULT '',
  `filename` varchar(250) NOT NULL DEFAULT '',
  `folder` varchar(250) NOT NULL DEFAULT '',
  `filesize` int(11) NOT NULL DEFAULT '0',
  `file_type` varchar(250) NOT NULL DEFAULT '',
  `content` longblob,
  `date_added` int(10) UNSIGNED NOT NULL DEFAULT '1',
  `user_id` int(10) UNSIGNED NOT NULL DEFAULT '0'
) ENGINE=InnoDB DEFAULT CHARSET=utf8;

-- --------------------------------------------------------

--
-- Estructura de tabla para la tabla `sgsi_project_hierarchy_table`
--

CREATE TABLE `sgsi_project_hierarchy_table` (
  `child_id` int(10) UNSIGNED NOT NULL,
  `parent_id` int(10) UNSIGNED NOT NULL,
  `inherit_parent` tinyint(4) NOT NULL DEFAULT '0'
) ENGINE=InnoDB DEFAULT CHARSET=utf8;

--
-- Volcado de datos para la tabla `sgsi_project_hierarchy_table`
--

INSERT INTO `sgsi_project_hierarchy_table` (`child_id`, `parent_id`, `inherit_parent`) VALUES
(3, 2, 1);

-- --------------------------------------------------------

--
-- Estructura de tabla para la tabla `sgsi_project_table`
--

CREATE TABLE `sgsi_project_table` (
  `id` int(10) UNSIGNED NOT NULL,
  `name` varchar(128) NOT NULL DEFAULT '',
  `status` smallint(6) NOT NULL DEFAULT '10',
  `enabled` tinyint(4) NOT NULL DEFAULT '1',
  `view_state` smallint(6) NOT NULL DEFAULT '10',
  `access_min` smallint(6) NOT NULL DEFAULT '10',
  `file_path` varchar(250) NOT NULL DEFAULT '',
  `description` longtext NOT NULL,
  `category_id` int(10) UNSIGNED NOT NULL DEFAULT '1',
  `inherit_global` tinyint(4) NOT NULL DEFAULT '0'
) ENGINE=InnoDB DEFAULT CHARSET=utf8;

--
-- Volcado de datos para la tabla `sgsi_project_table`
--

INSERT INTO `sgsi_project_table` (`id`, `name`, `status`, `enabled`, `view_state`, `access_min`, `file_path`, `description`, `category_id`, `inherit_global`) VALUES
(1, 'Políticas de seguridad', 10, 1, 50, 10, '', '', 1, 1),
(2, 'Activos', 10, 1, 50, 10, '', '', 1, 1),
(3, 'Análisis y riesgos', 10, 1, 50, 10, '', '', 1, 1),
(4, 'Incidentes', 10, 1, 10, 10, '', '', 1, 1);

-- --------------------------------------------------------

--
-- Estructura de tabla para la tabla `sgsi_project_user_list_table`
--

CREATE TABLE `sgsi_project_user_list_table` (
  `project_id` int(10) UNSIGNED NOT NULL DEFAULT '0',
  `user_id` int(10) UNSIGNED NOT NULL DEFAULT '0',
  `access_level` smallint(6) NOT NULL DEFAULT '10'
) ENGINE=InnoDB DEFAULT CHARSET=utf8;

--
-- Volcado de datos para la tabla `sgsi_project_user_list_table`
--

INSERT INTO `sgsi_project_user_list_table` (`project_id`, `user_id`, `access_level`) VALUES
(1, 2, 10),
(1, 3, 10),
(1, 4, 55),
(2, 2, 25),
(2, 3, 55),
(2, 4, 25),
(3, 2, 25),
(3, 3, 55),
(3, 4, 25);

-- --------------------------------------------------------

--
-- Estructura de tabla para la tabla `sgsi_project_version_table`
--

CREATE TABLE `sgsi_project_version_table` (
  `id` int(11) NOT NULL,
  `project_id` int(10) UNSIGNED NOT NULL DEFAULT '0',
  `version` varchar(64) NOT NULL DEFAULT '',
  `description` longtext NOT NULL,
  `released` tinyint(4) NOT NULL DEFAULT '1',
  `obsolete` tinyint(4) NOT NULL DEFAULT '0',
  `date_order` int(10) UNSIGNED NOT NULL DEFAULT '1'
) ENGINE=InnoDB DEFAULT CHARSET=utf8;

-- --------------------------------------------------------

--
-- Estructura de tabla para la tabla `sgsi_sponsorship_table`
--

CREATE TABLE `sgsi_sponsorship_table` (
  `id` int(11) NOT NULL,
  `bug_id` int(11) NOT NULL DEFAULT '0',
  `user_id` int(11) NOT NULL DEFAULT '0',
  `amount` int(11) NOT NULL DEFAULT '0',
  `logo` varchar(128) NOT NULL DEFAULT '',
  `url` varchar(128) NOT NULL DEFAULT '',
  `paid` tinyint(4) NOT NULL DEFAULT '0',
  `date_submitted` int(10) UNSIGNED NOT NULL DEFAULT '1',
  `last_updated` int(10) UNSIGNED NOT NULL DEFAULT '1'
) ENGINE=InnoDB DEFAULT CHARSET=utf8;

-- --------------------------------------------------------

--
-- Estructura de tabla para la tabla `sgsi_tag_table`
--

CREATE TABLE `sgsi_tag_table` (
  `id` int(10) UNSIGNED NOT NULL,
  `user_id` int(10) UNSIGNED NOT NULL DEFAULT '0',
  `name` varchar(100) NOT NULL DEFAULT '',
  `description` longtext NOT NULL,
  `date_created` int(10) UNSIGNED NOT NULL DEFAULT '1',
  `date_updated` int(10) UNSIGNED NOT NULL DEFAULT '1'
) ENGINE=InnoDB DEFAULT CHARSET=utf8;

-- --------------------------------------------------------

--
-- Estructura de tabla para la tabla `sgsi_tokens_table`
--

CREATE TABLE `sgsi_tokens_table` (
  `id` int(11) NOT NULL,
  `owner` int(11) NOT NULL,
  `type` int(11) NOT NULL,
  `value` longtext NOT NULL,
  `timestamp` int(10) UNSIGNED NOT NULL DEFAULT '1',
  `expiry` int(10) UNSIGNED NOT NULL DEFAULT '1'
) ENGINE=InnoDB DEFAULT CHARSET=utf8;

--
-- Volcado de datos para la tabla `sgsi_tokens_table`
--

INSERT INTO `sgsi_tokens_table` (`id`, `owner`, `type`, `value`, `timestamp`, `expiry`) VALUES
(9, 1, 5, '{\"filter\":true,\"sidebar\":false,\"unassigned\":true,\"recent_mod\":false,\"reported\":false,\"resolved\":false,\"monitored\":false,\"timeline\":false}', 1554052060, 1590770888),
(15, 2, 5, '{\"filter\":false,\"sidebar\":false,\"unassigned\":true,\"recent_mod\":true,\"reported\":true,\"resolved\":true,\"monitored\":true}', 1554055596, 1588616936),
(54, 3, 5, '{\"filter\":true,\"unassigned\":true,\"recent_mod\":false,\"reported\":false,\"resolved\":false,\"monitored\":false,\"timeline\":true}', 1557080955, 1590724964),
(57, 4, 5, '{\"filter\":true}', 1557082365, 1588619560),
(71, 1, 3, '56,61,60,59,58', 1559337208, 1559425269),
(72, 1, 4, '1', 1559338852, 1559339161);

-- --------------------------------------------------------

--
-- Estructura de tabla para la tabla `sgsi_user_pref_table`
--

CREATE TABLE `sgsi_user_pref_table` (
  `id` int(10) UNSIGNED NOT NULL,
  `user_id` int(10) UNSIGNED NOT NULL DEFAULT '0',
  `project_id` int(10) UNSIGNED NOT NULL DEFAULT '0',
  `default_profile` int(10) UNSIGNED NOT NULL DEFAULT '0',
  `default_project` int(10) UNSIGNED NOT NULL DEFAULT '0',
  `refresh_delay` int(11) NOT NULL DEFAULT '0',
  `redirect_delay` int(11) NOT NULL DEFAULT '0',
  `bugnote_order` varchar(4) NOT NULL DEFAULT 'ASC',
  `email_on_new` tinyint(4) NOT NULL DEFAULT '0',
  `email_on_assigned` tinyint(4) NOT NULL DEFAULT '0',
  `email_on_feedback` tinyint(4) NOT NULL DEFAULT '0',
  `email_on_resolved` tinyint(4) NOT NULL DEFAULT '0',
  `email_on_closed` tinyint(4) NOT NULL DEFAULT '0',
  `email_on_reopened` tinyint(4) NOT NULL DEFAULT '0',
  `email_on_bugnote` tinyint(4) NOT NULL DEFAULT '0',
  `email_on_status` tinyint(4) NOT NULL DEFAULT '0',
  `email_on_priority` tinyint(4) NOT NULL DEFAULT '0',
  `email_on_priority_min_severity` smallint(6) NOT NULL DEFAULT '10',
  `email_on_status_min_severity` smallint(6) NOT NULL DEFAULT '10',
  `email_on_bugnote_min_severity` smallint(6) NOT NULL DEFAULT '10',
  `email_on_reopened_min_severity` smallint(6) NOT NULL DEFAULT '10',
  `email_on_closed_min_severity` smallint(6) NOT NULL DEFAULT '10',
  `email_on_resolved_min_severity` smallint(6) NOT NULL DEFAULT '10',
  `email_on_feedback_min_severity` smallint(6) NOT NULL DEFAULT '10',
  `email_on_assigned_min_severity` smallint(6) NOT NULL DEFAULT '10',
  `email_on_new_min_severity` smallint(6) NOT NULL DEFAULT '10',
  `email_bugnote_limit` smallint(6) NOT NULL DEFAULT '0',
  `language` varchar(32) NOT NULL DEFAULT 'english',
  `timezone` varchar(32) NOT NULL DEFAULT ''
) ENGINE=InnoDB DEFAULT CHARSET=utf8;

--
-- Volcado de datos para la tabla `sgsi_user_pref_table`
--

INSERT INTO `sgsi_user_pref_table` (`id`, `user_id`, `project_id`, `default_profile`, `default_project`, `refresh_delay`, `redirect_delay`, `bugnote_order`, `email_on_new`, `email_on_assigned`, `email_on_feedback`, `email_on_resolved`, `email_on_closed`, `email_on_reopened`, `email_on_bugnote`, `email_on_status`, `email_on_priority`, `email_on_priority_min_severity`, `email_on_status_min_severity`, `email_on_bugnote_min_severity`, `email_on_reopened_min_severity`, `email_on_closed_min_severity`, `email_on_resolved_min_severity`, `email_on_feedback_min_severity`, `email_on_assigned_min_severity`, `email_on_new_min_severity`, `email_bugnote_limit`, `language`, `timezone`) VALUES
(1, 2, 0, 0, 3, 30, 2, 'ASC', 1, 1, 1, 1, 1, 1, 1, 0, 0, 0, 0, 0, 0, 0, 0, 0, 0, 0, 0, 'auto', 'America/Bogota'),
(2, 3, 0, 0, 2, 30, 2, 'ASC', 1, 1, 1, 1, 1, 1, 1, 0, 0, 0, 0, 0, 0, 0, 0, 0, 0, 0, 0, 'auto', 'America/Bogota'),
(3, 4, 0, 0, 1, 30, 2, 'ASC', 1, 1, 1, 1, 1, 1, 1, 0, 0, 0, 0, 0, 0, 0, 0, 0, 0, 0, 0, 'auto', 'America/Bogota');

-- --------------------------------------------------------

--
-- Estructura de tabla para la tabla `sgsi_user_print_pref_table`
--

CREATE TABLE `sgsi_user_print_pref_table` (
  `user_id` int(10) UNSIGNED NOT NULL DEFAULT '0',
  `print_pref` varchar(64) NOT NULL
) ENGINE=InnoDB DEFAULT CHARSET=utf8;

-- --------------------------------------------------------

--
-- Estructura de tabla para la tabla `sgsi_user_profile_table`
--

CREATE TABLE `sgsi_user_profile_table` (
  `id` int(10) UNSIGNED NOT NULL,
  `user_id` int(10) UNSIGNED NOT NULL DEFAULT '0',
  `platform` varchar(32) NOT NULL DEFAULT '',
  `os` varchar(32) NOT NULL DEFAULT '',
  `os_build` varchar(32) NOT NULL DEFAULT '',
  `description` longtext NOT NULL
) ENGINE=InnoDB DEFAULT CHARSET=utf8;

-- --------------------------------------------------------

--
-- Estructura de tabla para la tabla `sgsi_user_table`
--

CREATE TABLE `sgsi_user_table` (
  `id` int(10) UNSIGNED NOT NULL,
  `username` varchar(191) NOT NULL DEFAULT '',
  `realname` varchar(191) NOT NULL DEFAULT '',
  `email` varchar(191) NOT NULL DEFAULT '',
  `password` varchar(64) NOT NULL DEFAULT '',
  `enabled` tinyint(4) NOT NULL DEFAULT '1',
  `protected` tinyint(4) NOT NULL DEFAULT '0',
  `access_level` smallint(6) NOT NULL DEFAULT '10',
  `login_count` int(11) NOT NULL DEFAULT '0',
  `lost_password_request_count` smallint(6) NOT NULL DEFAULT '0',
  `failed_login_count` smallint(6) NOT NULL DEFAULT '0',
  `cookie_string` varchar(64) NOT NULL DEFAULT '',
  `last_visit` int(10) UNSIGNED NOT NULL DEFAULT '1',
  `date_created` int(10) UNSIGNED NOT NULL DEFAULT '1'
) ENGINE=InnoDB DEFAULT CHARSET=utf8;

--
-- Volcado de datos para la tabla `sgsi_user_table`
--

INSERT INTO `sgsi_user_table` (`id`, `username`, `realname`, `email`, `password`, `enabled`, `protected`, `access_level`, `login_count`, `lost_password_request_count`, `failed_login_count`, `cookie_string`, `last_visit`, `date_created`) VALUES
(1, 'administrator', '', 'estiven0109@gmail.com', 'e10adc3949ba59abbe56e057f20f883e', 1, 0, 90, 68, 0, 0, 'sgMZ7KXQeUIWFQamrbqpW-Gb5rXp2x6HS8yRN1C7R9_2kXxBPA3ezNcO3CxuhQgZ', 1559338872, 1554039947),
(2, 'usuario', 'usuario', 'estiven0109@hotmail.com', '0418ff4300e1aeed29c154f83625707d', 1, 0, 10, 0, 0, 7, 'A1GWPrMGwUbWiO1mOcAgqh6MR-sGXtGABR6rZa9jmjeSiRaIHarp9k3J2cLihVP8', 1557080871, 1554053507),
(3, 'colaborador1', 'colaborador', 'estiven0109@yahoo.com', 'cb8beeec1df5296d1f26a537cafadd89', 1, 0, 55, 0, 0, 0, 'TXCk6nvdpeViNrFkKTKC7nrg3h03I1HtTSDGn9mtPuOGYBC_jhAhKdrlkHI9Opf0', 1559188964, 1557061724),
(4, 'colaborador2', 'Colaborador', 'acaciauniversidaddistrital@gmail.com', 'c3e440da674f344f767a8cd1e9c1aa9d', 1, 0, 55, 0, 0, 0, 'Fq-J0RbOFZ6hYWgRyNwX5lgzvoPkdBZAXnlDY6-yMDrkLH0h2j95KL0j3oa8tGT4', 1557083556, 1557064950);

--
-- Índices para tablas volcadas
--

--
-- Indices de la tabla `sgsi_api_token_table`
--
ALTER TABLE `sgsi_api_token_table`
  ADD PRIMARY KEY (`id`),
  ADD UNIQUE KEY `idx_user_id_name` (`user_id`,`name`);

--
-- Indices de la tabla `sgsi_bugnote_table`
--
ALTER TABLE `sgsi_bugnote_table`
  ADD PRIMARY KEY (`id`),
  ADD KEY `idx_bug` (`bug_id`),
  ADD KEY `idx_last_mod` (`last_modified`);

--
-- Indices de la tabla `sgsi_bugnote_text_table`
--
ALTER TABLE `sgsi_bugnote_text_table`
  ADD PRIMARY KEY (`id`);

--
-- Indices de la tabla `sgsi_bug_file_table`
--
ALTER TABLE `sgsi_bug_file_table`
  ADD PRIMARY KEY (`id`),
  ADD KEY `idx_bug_file_bug_id` (`bug_id`),
  ADD KEY `idx_diskfile` (`diskfile`);

--
-- Indices de la tabla `sgsi_bug_history_table`
--
ALTER TABLE `sgsi_bug_history_table`
  ADD PRIMARY KEY (`id`),
  ADD KEY `idx_bug_history_bug_id` (`bug_id`),
  ADD KEY `idx_history_user_id` (`user_id`),
  ADD KEY `idx_bug_history_date_modified` (`date_modified`);

--
-- Indices de la tabla `sgsi_bug_monitor_table`
--
ALTER TABLE `sgsi_bug_monitor_table`
  ADD PRIMARY KEY (`user_id`,`bug_id`),
  ADD KEY `idx_bug_id` (`bug_id`);

--
-- Indices de la tabla `sgsi_bug_relationship_table`
--
ALTER TABLE `sgsi_bug_relationship_table`
  ADD PRIMARY KEY (`id`),
  ADD KEY `idx_relationship_source` (`source_bug_id`),
  ADD KEY `idx_relationship_destination` (`destination_bug_id`);

--
-- Indices de la tabla `sgsi_bug_revision_table`
--
ALTER TABLE `sgsi_bug_revision_table`
  ADD PRIMARY KEY (`id`),
  ADD KEY `idx_bug_rev_type` (`type`),
  ADD KEY `idx_bug_rev_id_time` (`bug_id`,`timestamp`);

--
-- Indices de la tabla `sgsi_bug_table`
--
ALTER TABLE `sgsi_bug_table`
  ADD PRIMARY KEY (`id`),
  ADD KEY `idx_bug_sponsorship_total` (`sponsorship_total`),
  ADD KEY `idx_bug_fixed_in_version` (`fixed_in_version`),
  ADD KEY `idx_bug_status` (`status`),
  ADD KEY `idx_project` (`project_id`);

--
-- Indices de la tabla `sgsi_bug_tag_table`
--
ALTER TABLE `sgsi_bug_tag_table`
  ADD PRIMARY KEY (`bug_id`,`tag_id`),
  ADD KEY `idx_bug_tag_tag_id` (`tag_id`);

--
-- Indices de la tabla `sgsi_bug_text_table`
--
ALTER TABLE `sgsi_bug_text_table`
  ADD PRIMARY KEY (`id`);

--
-- Indices de la tabla `sgsi_category_table`
--
ALTER TABLE `sgsi_category_table`
  ADD PRIMARY KEY (`id`),
  ADD UNIQUE KEY `idx_category_project_name` (`project_id`,`name`);

--
-- Indices de la tabla `sgsi_config_table`
--
ALTER TABLE `sgsi_config_table`
  ADD PRIMARY KEY (`config_id`,`project_id`,`user_id`);

--
-- Indices de la tabla `sgsi_custom_field_project_table`
--
ALTER TABLE `sgsi_custom_field_project_table`
  ADD PRIMARY KEY (`field_id`,`project_id`);

--
-- Indices de la tabla `sgsi_custom_field_string_table`
--
ALTER TABLE `sgsi_custom_field_string_table`
  ADD PRIMARY KEY (`field_id`,`bug_id`),
  ADD KEY `idx_custom_field_bug` (`bug_id`);

--
-- Indices de la tabla `sgsi_custom_field_table`
--
ALTER TABLE `sgsi_custom_field_table`
  ADD PRIMARY KEY (`id`),
  ADD KEY `idx_custom_field_name` (`name`);

--
-- Indices de la tabla `sgsi_email_table`
--
ALTER TABLE `sgsi_email_table`
  ADD PRIMARY KEY (`email_id`);

--
-- Indices de la tabla `sgsi_filters_table`
--
ALTER TABLE `sgsi_filters_table`
  ADD PRIMARY KEY (`id`);

--
-- Indices de la tabla `sgsi_news_table`
--
ALTER TABLE `sgsi_news_table`
  ADD PRIMARY KEY (`id`);

--
-- Indices de la tabla `sgsi_plugin_table`
--
ALTER TABLE `sgsi_plugin_table`
  ADD PRIMARY KEY (`basename`);

--
-- Indices de la tabla `sgsi_project_file_table`
--
ALTER TABLE `sgsi_project_file_table`
  ADD PRIMARY KEY (`id`);

--
-- Indices de la tabla `sgsi_project_hierarchy_table`
--
ALTER TABLE `sgsi_project_hierarchy_table`
  ADD UNIQUE KEY `idx_project_hierarchy` (`child_id`,`parent_id`),
  ADD KEY `idx_project_hierarchy_child_id` (`child_id`),
  ADD KEY `idx_project_hierarchy_parent_id` (`parent_id`);

--
-- Indices de la tabla `sgsi_project_table`
--
ALTER TABLE `sgsi_project_table`
  ADD PRIMARY KEY (`id`),
  ADD UNIQUE KEY `idx_project_name` (`name`),
  ADD KEY `idx_project_view` (`view_state`);

--
-- Indices de la tabla `sgsi_project_user_list_table`
--
ALTER TABLE `sgsi_project_user_list_table`
  ADD PRIMARY KEY (`project_id`,`user_id`),
  ADD KEY `idx_project_user` (`user_id`);

--
-- Indices de la tabla `sgsi_project_version_table`
--
ALTER TABLE `sgsi_project_version_table`
  ADD PRIMARY KEY (`id`),
  ADD UNIQUE KEY `idx_project_version` (`project_id`,`version`);

--
-- Indices de la tabla `sgsi_sponsorship_table`
--
ALTER TABLE `sgsi_sponsorship_table`
  ADD PRIMARY KEY (`id`),
  ADD KEY `idx_sponsorship_bug_id` (`bug_id`),
  ADD KEY `idx_sponsorship_user_id` (`user_id`);

--
-- Indices de la tabla `sgsi_tag_table`
--
ALTER TABLE `sgsi_tag_table`
  ADD PRIMARY KEY (`id`,`name`),
  ADD KEY `idx_tag_name` (`name`);

--
-- Indices de la tabla `sgsi_tokens_table`
--
ALTER TABLE `sgsi_tokens_table`
  ADD PRIMARY KEY (`id`),
  ADD KEY `idx_typeowner` (`type`,`owner`);

--
-- Indices de la tabla `sgsi_user_pref_table`
--
ALTER TABLE `sgsi_user_pref_table`
  ADD PRIMARY KEY (`id`);

--
-- Indices de la tabla `sgsi_user_print_pref_table`
--
ALTER TABLE `sgsi_user_print_pref_table`
  ADD PRIMARY KEY (`user_id`);

--
-- Indices de la tabla `sgsi_user_profile_table`
--
ALTER TABLE `sgsi_user_profile_table`
  ADD PRIMARY KEY (`id`);

--
-- Indices de la tabla `sgsi_user_table`
--
ALTER TABLE `sgsi_user_table`
  ADD PRIMARY KEY (`id`),
  ADD UNIQUE KEY `idx_user_cookie_string` (`cookie_string`),
  ADD UNIQUE KEY `idx_user_username` (`username`),
  ADD KEY `idx_enable` (`enabled`),
  ADD KEY `idx_access` (`access_level`),
  ADD KEY `idx_email` (`email`);

--
-- AUTO_INCREMENT de las tablas volcadas
--

--
-- AUTO_INCREMENT de la tabla `sgsi_api_token_table`
--
ALTER TABLE `sgsi_api_token_table`
  MODIFY `id` int(10) UNSIGNED NOT NULL AUTO_INCREMENT;

--
-- AUTO_INCREMENT de la tabla `sgsi_bugnote_table`
--
ALTER TABLE `sgsi_bugnote_table`
  MODIFY `id` int(10) UNSIGNED NOT NULL AUTO_INCREMENT, AUTO_INCREMENT=12;

--
-- AUTO_INCREMENT de la tabla `sgsi_bugnote_text_table`
--
ALTER TABLE `sgsi_bugnote_text_table`
  MODIFY `id` int(10) UNSIGNED NOT NULL AUTO_INCREMENT, AUTO_INCREMENT=12;

--
-- AUTO_INCREMENT de la tabla `sgsi_bug_file_table`
--
ALTER TABLE `sgsi_bug_file_table`
  MODIFY `id` int(10) UNSIGNED NOT NULL AUTO_INCREMENT;

--
-- AUTO_INCREMENT de la tabla `sgsi_bug_history_table`
--
ALTER TABLE `sgsi_bug_history_table`
  MODIFY `id` int(10) UNSIGNED NOT NULL AUTO_INCREMENT, AUTO_INCREMENT=1357;

--
-- AUTO_INCREMENT de la tabla `sgsi_bug_relationship_table`
--
ALTER TABLE `sgsi_bug_relationship_table`
  MODIFY `id` int(10) UNSIGNED NOT NULL AUTO_INCREMENT;

--
-- AUTO_INCREMENT de la tabla `sgsi_bug_revision_table`
--
ALTER TABLE `sgsi_bug_revision_table`
  MODIFY `id` int(10) UNSIGNED NOT NULL AUTO_INCREMENT, AUTO_INCREMENT=5;

--
-- AUTO_INCREMENT de la tabla `sgsi_bug_table`
--
ALTER TABLE `sgsi_bug_table`
  MODIFY `id` int(10) UNSIGNED NOT NULL AUTO_INCREMENT, AUTO_INCREMENT=62;

--
-- AUTO_INCREMENT de la tabla `sgsi_bug_text_table`
--
ALTER TABLE `sgsi_bug_text_table`
  MODIFY `id` int(10) UNSIGNED NOT NULL AUTO_INCREMENT, AUTO_INCREMENT=62;

--
-- AUTO_INCREMENT de la tabla `sgsi_category_table`
--
ALTER TABLE `sgsi_category_table`
  MODIFY `id` int(10) UNSIGNED NOT NULL AUTO_INCREMENT, AUTO_INCREMENT=7;

--
-- AUTO_INCREMENT de la tabla `sgsi_custom_field_table`
--
ALTER TABLE `sgsi_custom_field_table`
  MODIFY `id` int(11) NOT NULL AUTO_INCREMENT, AUTO_INCREMENT=113;

--
-- AUTO_INCREMENT de la tabla `sgsi_email_table`
--
ALTER TABLE `sgsi_email_table`
  MODIFY `email_id` int(10) UNSIGNED NOT NULL AUTO_INCREMENT, AUTO_INCREMENT=28;

--
-- AUTO_INCREMENT de la tabla `sgsi_filters_table`
--
ALTER TABLE `sgsi_filters_table`
  MODIFY `id` int(10) UNSIGNED NOT NULL AUTO_INCREMENT, AUTO_INCREMENT=15;

--
-- AUTO_INCREMENT de la tabla `sgsi_news_table`
--
ALTER TABLE `sgsi_news_table`
  MODIFY `id` int(10) UNSIGNED NOT NULL AUTO_INCREMENT;

--
-- AUTO_INCREMENT de la tabla `sgsi_project_file_table`
--
ALTER TABLE `sgsi_project_file_table`
  MODIFY `id` int(10) UNSIGNED NOT NULL AUTO_INCREMENT;

--
-- AUTO_INCREMENT de la tabla `sgsi_project_table`
--
ALTER TABLE `sgsi_project_table`
  MODIFY `id` int(10) UNSIGNED NOT NULL AUTO_INCREMENT, AUTO_INCREMENT=5;

--
-- AUTO_INCREMENT de la tabla `sgsi_project_version_table`
--
ALTER TABLE `sgsi_project_version_table`
  MODIFY `id` int(11) NOT NULL AUTO_INCREMENT;

--
-- AUTO_INCREMENT de la tabla `sgsi_sponsorship_table`
--
ALTER TABLE `sgsi_sponsorship_table`
  MODIFY `id` int(11) NOT NULL AUTO_INCREMENT;

--
-- AUTO_INCREMENT de la tabla `sgsi_tag_table`
--
ALTER TABLE `sgsi_tag_table`
  MODIFY `id` int(10) UNSIGNED NOT NULL AUTO_INCREMENT;

--
-- AUTO_INCREMENT de la tabla `sgsi_tokens_table`
--
ALTER TABLE `sgsi_tokens_table`
  MODIFY `id` int(11) NOT NULL AUTO_INCREMENT, AUTO_INCREMENT=73;

--
-- AUTO_INCREMENT de la tabla `sgsi_user_pref_table`
--
ALTER TABLE `sgsi_user_pref_table`
  MODIFY `id` int(10) UNSIGNED NOT NULL AUTO_INCREMENT, AUTO_INCREMENT=4;

--
-- AUTO_INCREMENT de la tabla `sgsi_user_profile_table`
--
ALTER TABLE `sgsi_user_profile_table`
  MODIFY `id` int(10) UNSIGNED NOT NULL AUTO_INCREMENT;

--
-- AUTO_INCREMENT de la tabla `sgsi_user_table`
--
ALTER TABLE `sgsi_user_table`
  MODIFY `id` int(10) UNSIGNED NOT NULL AUTO_INCREMENT, AUTO_INCREMENT=5;
COMMIT;

/*!40101 SET CHARACTER_SET_CLIENT=@OLD_CHARACTER_SET_CLIENT */;
/*!40101 SET CHARACTER_SET_RESULTS=@OLD_CHARACTER_SET_RESULTS */;
/*!40101 SET COLLATION_CONNECTION=@OLD_COLLATION_CONNECTION */;
